{"type":"FeatureCollection","name":"pemukiman","features":[{"type":"Feature","properties":{"GM_LAYER":"Unknown Area Type","LAYER":"Unknown Area Type","MAP_NAME":"AR_Pemukiman.shp","id":null,"LUAS":null,"PERIMETER":null,"ENCLOSED_A":null,"LENGTH":null,"WIDTH":null,"ISLAND_ARE":null},"geometry":{"type":"MultiPolygon","coordinates":[[[[111.84855,-7.203371],[111.848539,-7.203361],[111.848557,-7.203362],[111.848574,-7.203374],[111.848824,-7.203455],[111.848875,-7.203409],[111.848886,-7.203371],[111.849131,-7.20338],[111.849123,-7.203442],[111.849131,-7.20338],[111.84914,-7.203381],[111.849131,-7.203467],[111.849129,-7.203482],[111.849127,-7.203486],[111.849121,-7.203492],[111.8491,-7.203496],[111.849073,-7.2035],[111.849031,-7.2035],[111.848989,-7.2035],[111.848964,-7.203497],[111.848874,-7.20348],[111.84881,-7.203468],[111.848739,-7.203446],[111.848653,-7.203416],[111.848588,-7.203392],[111.84855,-7.203371]]]]}},{"type":"Feature","properties":{"GM_LAYER":"Unknown Area Type","LAYER":"Unknown Area Type","MAP_NAME":"AR_Pemukiman.shp","id":null,"LUAS":null,"PERIMETER":null,"ENCLOSED_A":null,"LENGTH":null,"WIDTH":null,"ISLAND_ARE":null},"geometry":{"type":"MultiPolygon","coordinates":[[[[111.944394,-7.193707],[111.944385,-7.193644],[111.944408,-7.193411],[111.944448,-7.19326],[111.944454,-7.193255],[111.944499,-7.193263],[111.944559,-7.193283],[111.944615,-7.193311],[111.944668,-7.193346],[111.944714,-7.193389],[111.944755,-7.193437],[111.944788,-7.193491],[111.944814,-7.193549],[111.944823,-7.193579],[111.944839,-7.193636],[111.944847,-7.193669],[111.944856,-7.193732],[111.944855,-7.193795],[111.944845,-7.193857],[111.944827,-7.193918],[111.944801,-7.193975],[111.944767,-7.194028],[111.944726,-7.194076],[111.944678,-7.194118],[111.944626,-7.194153],[111.944618,-7.194156],[111.944475,-7.193929],[111.944394,-7.193707]]]]}},{"type":"Feature","properties":{"GM_LAYER":"Unknown Area Type","LAYER":"Unknown Area Type","MAP_NAME":"AR_Pemukiman.shp","id":null,"LUAS":"2889","PERIMETER":"160.21 m","ENCLOSED_A":"0.1597 ha","LENGTH":null,"WIDTH":null,"ISLAND_ARE":null},"geometry":{"type":"MultiPolygon","coordinates":[[[[111.93124,-7.211097],[111.931284,-7.210819],[111.931701,-7.21085],[111.9317,-7.210973],[111.931702,-7.211094],[111.9317,-7.21112],[111.931697,-7.211128],[111.931696,-7.211132],[111.931689,-7.211144],[111.931667,-7.211149],[111.931642,-7.211154],[111.931607,-7.211154],[111.931528,-7.211142],[111.931314,-7.211109],[111.93124,-7.211097]]]]}},{"type":"Feature","properties":{"GM_LAYER":"Unknown Area Type","LAYER":"Unknown Area Type","MAP_NAME":"AR_Pemukiman.shp","id":null,"LUAS":"13595","PERIMETER":"204.57 m","ENCLOSED_A":"0.1466 ha","LENGTH":null,"WIDTH":null,"ISLAND_ARE":null},"geometry":{"type":"MultiPolygon","coordinates":[[[[111.94025,-7.194115],[111.940239,-7.194112],[111.940273,-7.194102],[111.940388,-7.194086],[111.940503,-7.19407],[111.940645,-7.194072],[111.940779,-7.194117],[111.940892,-7.194202],[111.940894,-7.194204],[111.940894,-7.194205],[111.940903,-7.194218],[111.940974,-7.194318],[111.940975,-7.19432],[111.940975,-7.194321],[111.94099,-7.194369],[111.941016,-7.194453],[111.941018,-7.194469],[111.94099,-7.194459],[111.940899,-7.194421],[111.940839,-7.194393],[111.940739,-7.194338],[111.940628,-7.194283],[111.940569,-7.194253],[111.940513,-7.194223],[111.940429,-7.194186],[111.94038,-7.194164],[111.940337,-7.194146],[111.940285,-7.194128],[111.94025,-7.194115]]]]}},{"type":"Feature","properties":{"GM_LAYER":"Unknown Area Type","LAYER":"Unknown Area Type","MAP_NAME":"AR_Pemukiman.shp","id":null,"LUAS":"13595","PERIMETER":"45.501 m","ENCLOSED_A":"0.00907 ha","LENGTH":null,"WIDTH":null,"ISLAND_ARE":null},"geometry":{"type":"MultiPolygon","coordinates":[[[[111.941382,-7.194579],[111.941415,-7.194566],[111.941452,-7.194553],[111.941502,-7.194539],[111.941514,-7.194536],[111.941522,-7.194533],[111.941536,-7.19453],[111.941548,-7.194527],[111.941543,-7.194546],[111.941525,-7.194612],[111.941523,-7.194615],[111.941519,-7.194617],[111.941513,-7.194618],[111.941507,-7.194617],[111.941442,-7.194596],[111.941382,-7.194579]]]]}},{"type":"Feature","properties":{"GM_LAYER":"Unknown Area Type","LAYER":"Unknown Area Type","MAP_NAME":"AR_Pemukiman.shp","id":null,"LUAS":"8247,,,","PERIMETER":"2.028 km","ENCLOSED_A":"4.516 ha","LENGTH":null,"WIDTH":null,"ISLAND_ARE":"0.0992 ha"},"geometry":{"type":"MultiPolygon","coordinates":[[[[111.945536,-7.196454],[111.945551,-7.196328],[111.944829,-7.196239],[111.944803,-7.196416],[111.944774,-7.196623],[111.944747,-7.196627],[111.944744,-7.196627],[111.94474,-7.196628],[111.944737,-7.196628],[111.944726,-7.196629],[111.944724,-7.196629],[111.944646,-7.196639],[111.944466,-7.196659],[111.944286,-7.19668],[111.944196,-7.196691],[111.944206,-7.196617],[111.944196,-7.196691],[111.944106,-7.196701],[111.944061,-7.196706],[111.944058,-7.196707],[111.944037,-7.196709],[111.943856,-7.19677],[111.943808,-7.196787],[111.943789,-7.196794],[111.943787,-7.196795],[111.943784,-7.196796],[111.943782,-7.196797],[111.943715,-7.19682],[111.943711,-7.196821],[111.943707,-7.196823],[111.943703,-7.196824],[111.943637,-7.196845],[111.943632,-7.196847],[111.943626,-7.196849],[111.94362,-7.196851],[111.943602,-7.196856],[111.943596,-7.196858],[111.94359,-7.19686],[111.943566,-7.196867],[111.943565,-7.196867],[111.943564,-7.196867],[111.943556,-7.19687],[111.943548,-7.196872],[111.943541,-7.196874],[111.943533,-7.196876],[111.943488,-7.196888],[111.943462,-7.196899],[111.943462,-7.196899],[111.943402,-7.196909],[111.943312,-7.196931],[111.943084,-7.196987],[111.943084,-7.196987],[111.942555,-7.197118],[111.942554,-7.197118],[111.942498,-7.19715],[111.942473,-7.197181],[111.942458,-7.19722],[111.942459,-7.197269],[111.942467,-7.197339],[111.942519,-7.197552],[111.942404,-7.197546],[111.94243,-7.197398],[111.94223,-7.197384],[111.942245,-7.197182],[111.941955,-7.197186],[111.941952,-7.197054],[111.941813,-7.197056],[111.941804,-7.19716],[111.941567,-7.197145],[111.941559,-7.197328],[111.941073,-7.197358],[111.941049,-7.197328],[111.941011,-7.197283],[111.940992,-7.19725],[111.940969,-7.197192],[111.940944,-7.197096],[111.940923,-7.196995],[111.940926,-7.196981],[111.941385,-7.196856],[111.941548,-7.196816],[111.941861,-7.196741],[111.94197,-7.196715],[111.942134,-7.196675],[111.942211,-7.196657],[111.942386,-7.196616],[111.942586,-7.196568],[111.9428,-7.196519],[111.943227,-7.196418],[111.943515,-7.196349],[111.943728,-7.1963],[111.943943,-7.196249],[111.944156,-7.196199],[111.944652,-7.196082],[111.945006,-7.195999],[111.945878,-7.195795],[111.947355,-7.195542],[111.948624,-7.195364],[111.948715,-7.195351],[111.948716,-7.195492],[111.948674,-7.195627],[111.948591,-7.195742],[111.948478,-7.195826],[111.948343,-7.195871],[111.948308,-7.195877],[111.948254,-7.195886],[111.948214,-7.195893],[111.948141,-7.195905],[111.947624,-7.195992],[111.947623,-7.195992],[111.947614,-7.195994],[111.947541,-7.196006],[111.947468,-7.196018],[111.947443,-7.196022],[111.947395,-7.19603],[111.947322,-7.196042],[111.947265,-7.196051],[111.947249,-7.196054],[111.947176,-7.196066],[111.947133,-7.196073],[111.946436,-7.196195],[111.946417,-7.196212],[111.946286,-7.196268],[111.946252,-7.196276],[111.94613,-7.196307],[111.94599,-7.196342],[111.945955,-7.196351],[111.945779,-7.196395],[111.945727,-7.196408],[111.945725,-7.196409],[111.945713,-7.196412],[111.94571,-7.196413],[111.945696,-7.196416],[111.945694,-7.196416],[111.945595,-7.19644],[111.945536,-7.196454]],[[111.944633,-7.196181],[111.944378,-7.196246],[111.944327,-7.196548],[111.94468,-7.196414],[111.944633,-7.196181]]]]}},{"type":"Feature","properties":{"GM_LAYER":"Unknown Area Type","LAYER":"Unknown Area Type","MAP_NAME":"AR_Pemukiman.shp","id":null,"LUAS":"62083","PERIMETER":"759.33 m","ENCLOSED_A":"1.292 ha","LENGTH":null,"WIDTH":null,"ISLAND_ARE":null},"geometry":{"type":"MultiPolygon","coordinates":[[[[111.935047,-7.212591],[111.935077,-7.212479],[111.935143,-7.21225],[111.935176,-7.212133],[111.9352,-7.21204],[111.935235,-7.211893],[111.935251,-7.211813],[111.935277,-7.211673],[111.935292,-7.211577],[111.935303,-7.2115],[111.935311,-7.211437],[111.935338,-7.211254],[111.935366,-7.211059],[111.93539,-7.210916],[111.935412,-7.210786],[111.935431,-7.210652],[111.93545,-7.210518],[111.935502,-7.210526],[111.93549,-7.210612],[111.93563,-7.210632],[111.935695,-7.210658],[111.935633,-7.210902],[111.93584,-7.210955],[111.935778,-7.211393],[111.935592,-7.211362],[111.935585,-7.211439],[111.935412,-7.211412],[111.935408,-7.211453],[111.935656,-7.21149],[111.935587,-7.211712],[111.935602,-7.211744],[111.935847,-7.211811],[111.935759,-7.212171],[111.936224,-7.212302],[111.936163,-7.212568],[111.935047,-7.212591]]]]}},{"type":"Feature","properties":{"GM_LAYER":"Unknown Area Type","LAYER":"Unknown Area Type","MAP_NAME":"AR_Pemukiman.shp","id":null,"LUAS":"14550","PERIMETER":"402.15 m","ENCLOSED_A":"0.758 ha","LENGTH":null,"WIDTH":null,"ISLAND_ARE":null},"geometry":{"type":"MultiPolygon","coordinates":[[[[111.951567,-7.211877],[111.951546,-7.211784],[111.951636,-7.211496],[111.951715,-7.211201],[111.951957,-7.21128],[111.952019,-7.21103],[111.952339,-7.211025],[111.95233,-7.211059],[111.952113,-7.211893],[111.952024,-7.212235],[111.951544,-7.212245],[111.951576,-7.212107],[111.951567,-7.211877]]]]}},{"type":"Feature","properties":{"GM_LAYER":"Unknown Area Type","LAYER":"Unknown Area Type","MAP_NAME":"AR_Pemukiman.shp","id":null,"LUAS":"3726","PERIMETER":"248.56 m","ENCLOSED_A":"0.3724 ha","LENGTH":null,"WIDTH":null,"ISLAND_ARE":null},"geometry":{"type":"MultiPolygon","coordinates":[[[[111.956773,-7.211918],[111.956773,-7.211913],[111.956787,-7.21165],[111.956789,-7.21161],[111.956785,-7.211601],[111.95678,-7.211591],[111.95679,-7.211522],[111.956794,-7.211499],[111.956802,-7.21148],[111.95681,-7.211391],[111.956818,-7.21128],[111.956818,-7.211273],[111.957267,-7.21134],[111.957237,-7.212009],[111.957223,-7.212007],[111.957221,-7.212004],[111.956778,-7.21192],[111.956773,-7.211918]]]]}},{"type":"Feature","properties":{"GM_LAYER":"Unknown Area Type","LAYER":"Unknown Area Type","MAP_NAME":"AR_Pemukiman.shp","id":null,"LUAS":"23212","PERIMETER":"391.88 m","ENCLOSED_A":"0.743 ha","LENGTH":null,"WIDTH":null,"ISLAND_ARE":null},"geometry":{"type":"MultiPolygon","coordinates":[[[[111.963544,-7.191275],[111.963464,-7.191071],[111.963755,-7.190966],[111.964325,-7.19081],[111.96434,-7.190799],[111.964354,-7.190788],[111.964358,-7.190748],[111.964354,-7.190646],[111.964354,-7.190639],[111.964359,-7.190634],[111.964509,-7.190626],[111.964515,-7.190621],[111.964518,-7.190614],[111.964749,-7.191198],[111.96454,-7.191262],[111.963786,-7.191498],[111.963649,-7.191542],[111.963572,-7.191345],[111.963561,-7.191309],[111.963555,-7.19129],[111.963551,-7.191279],[111.963544,-7.191275]]]]}},{"type":"Feature","properties":{"GM_LAYER":"Unknown Area Type","LAYER":"Unknown Area Type","MAP_NAME":"AR_Pemukiman.shp","id":null,"LUAS":"19165,","PERIMETER":"380.13 m","ENCLOSED_A":"0.4942 ha","LENGTH":null,"WIDTH":null,"ISLAND_ARE":null},"geometry":{"type":"MultiPolygon","coordinates":[[[[111.941903,-7.21126],[111.941936,-7.211265],[111.941925,-7.211345],[111.941925,-7.211345],[111.941908,-7.21146],[111.941901,-7.211511],[111.941893,-7.211561],[111.941885,-7.211617],[111.941859,-7.211792],[111.941859,-7.211792],[111.94184,-7.21192],[111.941834,-7.211959],[111.941828,-7.211997],[111.941824,-7.212025],[111.941819,-7.21206],[111.941815,-7.212083],[111.941815,-7.212082],[111.941812,-7.212109],[111.941805,-7.212157],[111.941799,-7.212202],[111.941794,-7.212244],[111.941779,-7.212353],[111.941775,-7.212383],[111.941775,-7.212383],[111.941766,-7.212438],[111.941764,-7.21245],[111.941738,-7.212451],[111.941738,-7.212451],[111.941444,-7.212457],[111.941533,-7.211624],[111.94136,-7.211604],[111.941375,-7.211498],[111.941639,-7.211514],[111.941669,-7.211247],[111.941899,-7.211262],[111.941903,-7.21126]]]]}},{"type":"Feature","properties":{"GM_LAYER":"Unknown Area Type","LAYER":"Unknown Area Type","MAP_NAME":"AR_Pemukiman.shp","id":null,"LUAS":"5621,,1597","PERIMETER":"636.9 m","ENCLOSED_A":"0.4989 ha","LENGTH":null,"WIDTH":null,"ISLAND_ARE":null},"geometry":{"type":"MultiPolygon","coordinates":[[[[111.957426,-7.211022],[111.957427,-7.211027],[111.957432,-7.211029],[111.957703,-7.211043],[111.957591,-7.212111],[111.95758,-7.212113],[111.957367,-7.212089],[111.957369,-7.21202],[111.957237,-7.21201],[111.957225,-7.212007],[111.957237,-7.212009],[111.957267,-7.21134],[111.957319,-7.211343],[111.957342,-7.210895],[111.957288,-7.210887],[111.957288,-7.210887],[111.957288,-7.210888],[111.95728,-7.210886],[111.957211,-7.210876],[111.957286,-7.210866],[111.95729,-7.210865],[111.957288,-7.210886],[111.95729,-7.210865],[111.957416,-7.210843],[111.957412,-7.210965],[111.957373,-7.211942],[111.957416,-7.210843],[111.957432,-7.21084],[111.957426,-7.211022]]]]}},{"type":"Feature","properties":{"GM_LAYER":"Unknown Area Type","LAYER":"Unknown Area Type","MAP_NAME":"AR_Pemukiman.shp","id":null,"LUAS":"5621","PERIMETER":"62.316 m","ENCLOSED_A":"0.02307 ha","LENGTH":null,"WIDTH":null,"ISLAND_ARE":null},"geometry":{"type":"MultiPolygon","coordinates":[[[[111.957728,-7.210921],[111.957747,-7.21078],[111.957865,-7.210755],[111.957845,-7.210935],[111.957728,-7.210921]]]]}},{"type":"Feature","properties":{"GM_LAYER":"Unknown Area Type","LAYER":"Unknown Area Type","MAP_NAME":"AR_Pemukiman.shp","id":null,"LUAS":"5621","PERIMETER":"31.765 m","ENCLOSED_A":"0.003196 ha","LENGTH":null,"WIDTH":null,"ISLAND_ARE":null},"geometry":{"type":"MultiPolygon","coordinates":[[[[111.95805,-7.210752],[111.957933,-7.210738],[111.958054,-7.210708],[111.95805,-7.210752]]]]}},{"type":"Feature","properties":{"GM_LAYER":"Unknown Area Type","LAYER":"Unknown Area Type","MAP_NAME":"AR_Pemukiman.shp","id":null,"LUAS":"3155","PERIMETER":"149.36 m","ENCLOSED_A":"0.1371 ha","LENGTH":null,"WIDTH":null,"ISLAND_ARE":null},"geometry":{"type":"MultiPolygon","coordinates":[[[[111.952327,-7.211309],[111.952312,-7.211306],[111.952386,-7.211024],[111.952728,-7.211019],[111.952663,-7.211373],[111.952342,-7.211311],[111.95233,-7.211309],[111.952327,-7.211309]]]]}},{"type":"Feature","properties":{"GM_LAYER":"Unknown Area Type","LAYER":"Unknown Area Type","MAP_NAME":"AR_Pemukiman.shp","id":null,"LUAS":"4946","PERIMETER":"353.55 m","ENCLOSED_A":"0.688 ha","LENGTH":null,"WIDTH":null,"ISLAND_ARE":null},"geometry":{"type":"MultiPolygon","coordinates":[[[[111.94151,-7.194824],[111.941504,-7.194819],[111.941533,-7.194701],[111.941565,-7.194593],[111.941582,-7.19452],[111.941679,-7.1945],[111.941719,-7.194492],[111.941784,-7.19439],[111.941805,-7.194361],[111.941847,-7.194314],[111.94187,-7.194292],[111.941986,-7.194192],[111.942196,-7.194251],[111.942166,-7.194413],[111.942392,-7.194408],[111.942576,-7.194493],[111.942448,-7.19504],[111.942064,-7.194966],[111.941999,-7.194948],[111.941976,-7.194942],[111.941758,-7.194886],[111.941616,-7.194849],[111.94151,-7.194824]]]]}},{"type":"Feature","properties":{"GM_LAYER":"Unknown Area Type","LAYER":"Unknown Area Type","MAP_NAME":"AR_Pemukiman.shp","id":null,"LUAS":"7829","PERIMETER":"25.3 m","ENCLOSED_A":"0.00162 ha","LENGTH":null,"WIDTH":null,"ISLAND_ARE":null},"geometry":{"type":"MultiPolygon","coordinates":[[[[111.940105,-7.196199],[111.940108,-7.196201],[111.940122,-7.196205],[111.940129,-7.196215],[111.940129,-7.196229],[111.940119,-7.196306],[111.940105,-7.196199]]]]}},{"type":"Feature","properties":{"GM_LAYER":"Unknown Area Type","LAYER":"Unknown Area Type","MAP_NAME":"AR_Pemukiman.shp","id":null,"LUAS":"5387,8724","PERIMETER":"939.22 m","ENCLOSED_A":"1.063 ha","LENGTH":null,"WIDTH":null,"ISLAND_ARE":null},"geometry":{"type":"MultiPolygon","coordinates":[[[[111.94097,-7.195396],[111.941121,-7.19541],[111.941127,-7.195407],[111.941129,-7.195398],[111.941126,-7.195383],[111.941102,-7.195312],[111.94109,-7.195181],[111.941072,-7.195039],[111.941049,-7.194962],[111.941025,-7.194906],[111.940993,-7.194852],[111.940935,-7.194769],[111.940875,-7.194702],[111.94084,-7.194668],[111.940537,-7.194456],[111.940538,-7.194448],[111.940542,-7.194439],[111.940549,-7.194429],[111.94056,-7.194421],[111.940595,-7.194357],[111.940597,-7.194349],[111.940593,-7.19434],[111.940612,-7.194299],[111.940655,-7.19432],[111.940723,-7.194353],[111.940792,-7.194392],[111.940867,-7.194432],[111.940908,-7.194449],[111.940957,-7.194469],[111.940993,-7.194484],[111.941022,-7.194493],[111.941062,-7.194773],[111.941093,-7.194747],[111.941123,-7.194724],[111.941167,-7.194692],[111.941199,-7.194671],[111.941246,-7.194643],[111.94128,-7.194625],[111.941329,-7.194601],[111.941346,-7.194594],[111.941373,-7.194602],[111.9415,-7.194641],[111.941507,-7.194647],[111.941509,-7.194656],[111.941512,-7.194666],[111.941512,-7.194674],[111.941475,-7.194826],[111.941438,-7.194984],[111.941382,-7.195222],[111.941374,-7.195252],[111.94137,-7.195274],[111.941368,-7.195285],[111.94136,-7.195429],[111.941354,-7.195436],[111.941345,-7.195444],[111.941337,-7.195446],[111.941279,-7.195441],[111.94112,-7.195426],[111.941098,-7.195424],[111.940924,-7.195409],[111.940891,-7.195407],[111.940676,-7.1954],[111.940385,-7.1954],[111.940275,-7.195379],[111.940216,-7.195366],[111.940157,-7.195345],[111.940125,-7.195332],[111.940057,-7.195305],[111.939976,-7.195263],[111.939917,-7.194837],[111.939982,-7.194635],[111.939964,-7.194629],[111.939912,-7.1948],[111.939886,-7.194612],[111.939888,-7.194524],[111.939888,-7.194474],[111.939889,-7.194473],[111.939889,-7.19447],[111.939908,-7.194415],[111.94036,-7.194576],[111.940215,-7.195088],[111.940351,-7.195132],[111.940391,-7.195],[111.940475,-7.195021],[111.940455,-7.195112],[111.940636,-7.195145],[111.940644,-7.195102],[111.940752,-7.195133],[111.940733,-7.195262],[111.940954,-7.195283],[111.940956,-7.195331],[111.940962,-7.195384],[111.940964,-7.195391],[111.94097,-7.195396]]]]}},{"type":"Feature","properties":{"GM_LAYER":"Unknown Area Type","LAYER":"Unknown Area Type","MAP_NAME":"AR_Pemukiman.shp","id":null,"LUAS":"17404","PERIMETER":"1.348 km","ENCLOSED_A":"4.634 ha","LENGTH":null,"WIDTH":null,"ISLAND_ARE":null},"geometry":{"type":"MultiPolygon","coordinates":[[[[111.941298,-7.196603],[111.9413,-7.19647],[111.941306,-7.196211],[111.941308,-7.196078],[111.941313,-7.195931],[111.941316,-7.195862],[111.941322,-7.195801],[111.94133,-7.195756],[111.941333,-7.195743],[111.941354,-7.195667],[111.941375,-7.195602],[111.941377,-7.195593],[111.941385,-7.195541],[111.941391,-7.195488],[111.941398,-7.195281],[111.941401,-7.195266],[111.94141,-7.195229],[111.941435,-7.19511],[111.941475,-7.194938],[111.941498,-7.194843],[111.941504,-7.194842],[111.941721,-7.194898],[111.94184,-7.194929],[111.941983,-7.194967],[111.942064,-7.194991],[111.942147,-7.195016],[111.9422,-7.195027],[111.942396,-7.195061],[111.942637,-7.195088],[111.942596,-7.195315],[111.942936,-7.195425],[111.942968,-7.195445],[111.943231,-7.195471],[111.943249,-7.195315],[111.943682,-7.19538],[111.943672,-7.195567],[111.944074,-7.195449],[111.944216,-7.195642],[111.944494,-7.195932],[111.944666,-7.195894],[111.944702,-7.195887],[111.944966,-7.195833],[111.944956,-7.195786],[111.945066,-7.195737],[111.94494,-7.195337],[111.944945,-7.195336],[111.944947,-7.195336],[111.944984,-7.195335],[111.944986,-7.195334],[111.945023,-7.195332],[111.945026,-7.195332],[111.945063,-7.195329],[111.945065,-7.195329],[111.945102,-7.195326],[111.945105,-7.195326],[111.945141,-7.195322],[111.945144,-7.195322],[111.945179,-7.195318],[111.945182,-7.195318],[111.94522,-7.195314],[111.945222,-7.195313],[111.945259,-7.195309],[111.945262,-7.195308],[111.945299,-7.195303],[111.94531,-7.195301],[111.945311,-7.195301],[111.945562,-7.195767],[111.945549,-7.195806],[111.944985,-7.195908],[111.94463,-7.19599],[111.944134,-7.196108],[111.943921,-7.196157],[111.943707,-7.196208],[111.943494,-7.196258],[111.943205,-7.196327],[111.942778,-7.196428],[111.942565,-7.196477],[111.9422,-7.196562],[111.942173,-7.196569],[111.942095,-7.196587],[111.94202,-7.196606],[111.941966,-7.196619],[111.941813,-7.196653],[111.941521,-7.196724],[111.941413,-7.196751],[111.941328,-7.196772],[111.941317,-7.196765],[111.941307,-7.196751],[111.941302,-7.19673],[111.941298,-7.196603]],[[111.942493,-7.195595],[111.94249,-7.195589],[111.942486,-7.195586],[111.942323,-7.195586],[111.942198,-7.195587],[111.94219,-7.195582],[111.942185,-7.195574],[111.942181,-7.195536],[111.942174,-7.19553],[111.94216,-7.195527],[111.942065,-7.195526],[111.942061,-7.195529],[111.942059,-7.195536],[111.942051,-7.195542],[111.942042,-7.195543],[111.941674,-7.195532],[111.941505,-7.195538],[111.941498,-7.19554],[111.941495,-7.195549],[111.941473,-7.195708],[111.941476,-7.195711],[111.941482,-7.195713],[111.941649,-7.195747],[111.941825,-7.195771],[111.941834,-7.195777],[111.941838,-7.195784],[111.941837,-7.195795],[111.941817,-7.196067],[111.941812,-7.196069],[111.941803,-7.196071],[111.941793,-7.196077],[111.941789,-7.196084],[111.941782,-7.196194],[111.941787,-7.196201],[111.941792,-7.196204],[111.941941,-7.196231],[111.941951,-7.196227],[111.941954,-7.196219],[111.941952,-7.196162],[111.941955,-7.196158],[111.94196,-7.196155],[111.94217,-7.196105],[111.942176,-7.1961],[111.942177,-7.196092],[111.942179,-7.196047],[111.942183,-7.196039],[111.94219,-7.196036],[111.942465,-7.196039],[111.942481,-7.196034],[111.942484,-7.196022],[111.942494,-7.195603],[111.942493,-7.195595]]]]}},{"type":"Feature","properties":{"GM_LAYER":"Unknown Area Type","LAYER":"Unknown Area Type","MAP_NAME":"AR_Pemukiman.shp","id":null,"LUAS":"434","PERIMETER":"84.027 m","ENCLOSED_A":"0.04341 ha","LENGTH":null,"WIDTH":null,"ISLAND_ARE":null},"geometry":{"type":"MultiPolygon","coordinates":[[[[111.942538,-7.207394],[111.942581,-7.207181],[111.942744,-7.207206],[111.94271,-7.207409],[111.942538,-7.207394]]]]}},{"type":"Feature","properties":{"GM_LAYER":"Unknown Area Type","LAYER":"Unknown Area Type","MAP_NAME":"AR_Pemukiman.shp","id":null,"LUAS":"26438","PERIMETER":"966.93 m","ENCLOSED_A":"0.846 ha","LENGTH":null,"WIDTH":null,"ISLAND_ARE":null},"geometry":{"type":"MultiPolygon","coordinates":[[[[111.924452,-7.211079],[111.924499,-7.210876],[111.924895,-7.210928],[111.924893,-7.2108],[111.924482,-7.210743],[111.924539,-7.210358],[111.924276,-7.210299],[111.9249,-7.210345],[111.924924,-7.210508],[111.924959,-7.210736],[111.925002,-7.21101],[111.925031,-7.211217],[111.925059,-7.211402],[111.925093,-7.211621],[111.925134,-7.211901],[111.925186,-7.212269],[111.925214,-7.21246],[111.925266,-7.212852],[111.924651,-7.21289],[111.924674,-7.212703],[111.924836,-7.212719],[111.924833,-7.212654],[111.924839,-7.21254],[111.924869,-7.212348],[111.92489,-7.21215],[111.924915,-7.212093],[111.924951,-7.21208],[111.924999,-7.212087],[111.925121,-7.212108],[111.925104,-7.211968],[111.925075,-7.211693],[111.924805,-7.211638],[111.924814,-7.211511],[111.925046,-7.211525],[111.925031,-7.211432],[111.924985,-7.211155],[111.924452,-7.211079]]]]}},{"type":"Feature","properties":{"GM_LAYER":"Unknown Area Type","LAYER":"Unknown Area Type","MAP_NAME":"AR_Pemukiman.shp","id":null,"LUAS":"12318","PERIMETER":"252.06 m","ENCLOSED_A":"0.2984 ha","LENGTH":null,"WIDTH":null,"ISLAND_ARE":null},"geometry":{"type":"MultiPolygon","coordinates":[[[[111.92496,-7.21046],[111.924943,-7.210349],[111.925862,-7.210417],[111.925834,-7.210504],[111.925798,-7.210598],[111.925752,-7.210711],[111.925738,-7.210726],[111.925729,-7.210735],[111.925714,-7.210736],[111.925687,-7.210734],[111.925646,-7.210727],[111.925557,-7.210709],[111.925366,-7.210667],[111.925179,-7.21063],[111.925022,-7.210603],[111.925006,-7.210602],[111.924996,-7.2106],[111.924982,-7.210597],[111.92496,-7.21046]]]]}},{"type":"Feature","properties":{"GM_LAYER":"Unknown Area Type","LAYER":"Unknown Area Type","MAP_NAME":"AR_Pemukiman.shp","id":null,"LUAS":"2277","PERIMETER":"245.71 m","ENCLOSED_A":"0.2275 ha","LENGTH":null,"WIDTH":null,"ISLAND_ARE":null},"geometry":{"type":"MultiPolygon","coordinates":[[[[111.940637,-7.198751],[111.940679,-7.198553],[111.940701,-7.198557],[111.940748,-7.198332],[111.94086,-7.198359],[111.940907,-7.19823],[111.940778,-7.198183],[111.940814,-7.198081],[111.941108,-7.198174],[111.94107,-7.198301],[111.941039,-7.198397],[111.94102,-7.198474],[111.940995,-7.198581],[111.94095,-7.198799],[111.940637,-7.198751]]]]}},{"type":"Feature","properties":{"GM_LAYER":"Unknown Area Type","LAYER":"Unknown Area Type","MAP_NAME":"AR_Pemukiman.shp","id":null,"LUAS":"21979","PERIMETER":"516.26 m","ENCLOSED_A":"0.355 ha","LENGTH":null,"WIDTH":null,"ISLAND_ARE":null},"geometry":{"type":"MultiPolygon","coordinates":[[[[111.925885,-7.21051],[111.925871,-7.21049],[111.925894,-7.210419],[111.92806,-7.21058],[111.927984,-7.210815],[111.927975,-7.210829],[111.927961,-7.210841],[111.927941,-7.210843],[111.927918,-7.210841],[111.927887,-7.210829],[111.927726,-7.210777],[111.927726,-7.210777],[111.927565,-7.210731],[111.927565,-7.210731],[111.927336,-7.210673],[111.927126,-7.210615],[111.927126,-7.210615],[111.927023,-7.210587],[111.927022,-7.210586],[111.92691,-7.210568],[111.926909,-7.210568],[111.92679,-7.210557],[111.926789,-7.210557],[111.926663,-7.21055],[111.926662,-7.21055],[111.926626,-7.21055],[111.926625,-7.21055],[111.926576,-7.210555],[111.926576,-7.210555],[111.926497,-7.210564],[111.926402,-7.210573],[111.926338,-7.210575],[111.926295,-7.210574],[111.926201,-7.210562],[111.9261,-7.210547],[111.925924,-7.210516],[111.925923,-7.210516],[111.925885,-7.21051]]]]}},{"type":"Feature","properties":{"GM_LAYER":"Unknown Area Type","LAYER":"Unknown Area Type","MAP_NAME":"AR_Pemukiman.shp","id":null,"LUAS":"32638,","PERIMETER":"588.57 m","ENCLOSED_A":"0.3514 ha","LENGTH":null,"WIDTH":null,"ISLAND_ARE":null},"geometry":{"type":"MultiPolygon","coordinates":[[[[111.869935,-7.210191],[111.869964,-7.209974],[111.870023,-7.209988],[111.872453,-7.210553],[111.872451,-7.210564],[111.870123,-7.210215],[111.869997,-7.2102],[111.869935,-7.210191]]]]}},{"type":"Feature","properties":{"GM_LAYER":"Unknown Area Type","LAYER":"Unknown Area Type","MAP_NAME":"AR_Pemukiman.shp","id":null,"LUAS":"613","PERIMETER":"85.749 m","ENCLOSED_A":"0.04354 ha","LENGTH":"25.682 m","WIDTH":"16.862 m","ISLAND_ARE":null},"geometry":{"type":"MultiPolygon","coordinates":[[[[111.884062,-7.213245],[111.884089,-7.2131],[111.88432,-7.213125],[111.884304,-7.213277],[111.884062,-7.213245]]]]}},{"type":"Feature","properties":{"GM_LAYER":"Unknown Area Type","LAYER":"Unknown Area Type","MAP_NAME":"AR_Pemukiman.shp","id":null,"LUAS":"725","PERIMETER":"144.21 m","ENCLOSED_A":"0.0725 ha","LENGTH":null,"WIDTH":null,"ISLAND_ARE":null},"geometry":{"type":"MultiPolygon","coordinates":[[[[111.887874,-7.206693],[111.887906,-7.20661],[111.888068,-7.206661],[111.888154,-7.20642],[111.888295,-7.20646],[111.888291,-7.206507],[111.888235,-7.206686],[111.888223,-7.206721],[111.88822,-7.206726],[111.888215,-7.206728],[111.88821,-7.206728],[111.888062,-7.206691],[111.888051,-7.206691],[111.88804,-7.206696],[111.888026,-7.206707],[111.888013,-7.206717],[111.888,-7.206723],[111.887982,-7.206726],[111.887965,-7.206723],[111.887874,-7.206693]]]]}},{"type":"Feature","properties":{"GM_LAYER":"Unknown Area Type","LAYER":"Unknown Area Type","MAP_NAME":"AR_Pemukiman.shp","id":null,"LUAS":"18422","PERIMETER":"404.17 m","ENCLOSED_A":"0.615 ha","LENGTH":null,"WIDTH":null,"ISLAND_ARE":null},"geometry":{"type":"MultiPolygon","coordinates":[[[[111.870495,-7.206106],[111.870556,-7.205727],[111.871444,-7.20584],[111.871436,-7.205866],[111.871972,-7.205983],[111.871899,-7.206243],[111.871371,-7.206133],[111.871348,-7.206258],[111.870495,-7.206106]]]]}},{"type":"Feature","properties":{"GM_LAYER":"Unknown Area Type","LAYER":"Unknown Area Type","MAP_NAME":"AR_Pemukiman.shp","id":null,"LUAS":"2611","PERIMETER":"53.202 m","ENCLOSED_A":"0.00704 ha","LENGTH":null,"WIDTH":null,"ISLAND_ARE":null},"geometry":{"type":"MultiPolygon","coordinates":[[[[111.879665,-7.207066],[111.879665,-7.207064],[111.879672,-7.207061],[111.87984,-7.207113],[111.879868,-7.207118],[111.87987,-7.207118],[111.879668,-7.207123],[111.879674,-7.207109],[111.879678,-7.207087],[111.879676,-7.207081],[111.879667,-7.20707],[111.879665,-7.207066]]]]}},{"type":"Feature","properties":{"GM_LAYER":"Unknown Area Type","LAYER":"Unknown Area Type","MAP_NAME":"AR_Pemukiman.shp","id":null,"LUAS":"2611","PERIMETER":"20.173 m","ENCLOSED_A":"0.000813 ha","LENGTH":null,"WIDTH":null,"ISLAND_ARE":null},"geometry":{"type":"MultiPolygon","coordinates":[[[[111.8799,-7.207118],[111.879918,-7.207114],[111.879964,-7.207103],[111.879979,-7.207096],[111.879981,-7.207116],[111.8799,-7.207118]]]]}},{"type":"Feature","properties":{"GM_LAYER":"Unknown Area Type","LAYER":"Unknown Area Type","MAP_NAME":"AR_Pemukiman.shp","id":null,"LUAS":"2264","PERIMETER":"225.52 m","ENCLOSED_A":"0.2248 ha","LENGTH":null,"WIDTH":null,"ISLAND_ARE":null},"geometry":{"type":"MultiPolygon","coordinates":[[[[111.880195,-7.206959],[111.880198,-7.206912],[111.880198,-7.206868],[111.880209,-7.206836],[111.880238,-7.206796],[111.880254,-7.20678],[111.880267,-7.206772],[111.880284,-7.206765],[111.880306,-7.206764],[111.880327,-7.206768],[111.880337,-7.206772],[111.880344,-7.206771],[111.880349,-7.206767],[111.880363,-7.206807],[111.880504,-7.206851],[111.880557,-7.206802],[111.880574,-7.206731],[111.880607,-7.206595],[111.880839,-7.206655],[111.880807,-7.2068],[111.88077,-7.206992],[111.880749,-7.207098],[111.880656,-7.2071],[111.88045,-7.207042],[111.88029,-7.206996],[111.880195,-7.206959]]]]}},{"type":"Feature","properties":{"GM_LAYER":"Unknown Area Type","LAYER":"Unknown Area Type","MAP_NAME":"AR_Pemukiman.shp","id":null,"LUAS":"2063","PERIMETER":"189.55 m","ENCLOSED_A":"0.2062 ha","LENGTH":null,"WIDTH":null,"ISLAND_ARE":null},"geometry":{"type":"MultiPolygon","coordinates":[[[[111.885552,-7.206427],[111.885546,-7.206416],[111.88556,-7.206366],[111.885585,-7.206192],[111.885589,-7.206154],[111.886144,-7.206246],[111.886075,-7.20657],[111.885565,-7.206437],[111.885557,-7.206433],[111.885552,-7.206427]]]]}},{"type":"Feature","properties":{"GM_LAYER":"Unknown Area Type","LAYER":"Unknown Area Type","MAP_NAME":"AR_Pemukiman.shp","id":null,"LUAS":"438","PERIMETER":"84.403 m","ENCLOSED_A":"0.04377 ha","LENGTH":"23.004 m","WIDTH":"18.386 m","ISLAND_ARE":null},"geometry":{"type":"MultiPolygon","coordinates":[[[[111.886433,-7.206529],[111.886447,-7.206358],[111.886653,-7.206385],[111.88665,-7.206551],[111.886433,-7.206529]]]]}},{"type":"Feature","properties":{"GM_LAYER":"Unknown Area Type","LAYER":"Unknown Area Type","MAP_NAME":"AR_Pemukiman.shp","id":null,"LUAS":"6376","PERIMETER":"199.16 m","ENCLOSED_A":"0.1415 ha","LENGTH":null,"WIDTH":null,"ISLAND_ARE":null},"geometry":{"type":"MultiPolygon","coordinates":[[[[111.882058,-7.206023],[111.882056,-7.206019],[111.882109,-7.205941],[111.882142,-7.20589],[111.882548,-7.205879],[111.882539,-7.20592],[111.88251,-7.206095],[111.882681,-7.206141],[111.88266,-7.206267],[111.882472,-7.206218],[111.882485,-7.206166],[111.882462,-7.20616],[111.882467,-7.206145],[111.882145,-7.206054],[111.882063,-7.206026],[111.882058,-7.206023]]]]}},{"type":"Feature","properties":{"GM_LAYER":"Unknown Area Type","LAYER":"Unknown Area Type","MAP_NAME":"AR_Pemukiman.shp","id":null,"LUAS":"544","PERIMETER":"103.58 m","ENCLOSED_A":"0.03889 ha","LENGTH":null,"WIDTH":null,"ISLAND_ARE":null},"geometry":{"type":"MultiPolygon","coordinates":[[[[111.88,-7.211399],[111.879995,-7.211381],[111.880002,-7.211338],[111.880192,-7.21137],[111.880238,-7.211411],[111.880244,-7.211416],[111.880374,-7.211522],[111.880371,-7.211536],[111.880363,-7.211532],[111.880214,-7.211524],[111.880181,-7.211516],[111.880162,-7.211508],[111.880144,-7.211492],[111.880137,-7.211464],[111.880128,-7.211446],[111.880125,-7.211437],[111.880117,-7.211426],[111.880027,-7.211409],[111.880015,-7.211409],[111.88,-7.211399]]]]}},{"type":"Feature","properties":{"GM_LAYER":"Unknown Area Type","LAYER":"Unknown Area Type","MAP_NAME":"AR_Pemukiman.shp","id":null,"LUAS":"4245","PERIMETER":"183.09 m","ENCLOSED_A":"0.171 ha","LENGTH":null,"WIDTH":null,"ISLAND_ARE":null},"geometry":{"type":"MultiPolygon","coordinates":[[[[111.885603,-7.206025],[111.885624,-7.20579],[111.886018,-7.205778],[111.886022,-7.205778],[111.886023,-7.205778],[111.886027,-7.205778],[111.886204,-7.205776],[111.886164,-7.205984],[111.88606,-7.206034],[111.885901,-7.206003],[111.885896,-7.206061],[111.885603,-7.206025]]]]}},{"type":"Feature","properties":{"GM_LAYER":"Unknown Area Type","LAYER":"Unknown Area Type","MAP_NAME":"AR_Pemukiman.shp","id":null,"LUAS":"5366","PERIMETER":"393.29 m","ENCLOSED_A":"0.4713 ha","LENGTH":null,"WIDTH":null,"ISLAND_ARE":null},"geometry":{"type":"MultiPolygon","coordinates":[[[[111.887048,-7.206771],[111.887048,-7.206758],[111.88705,-7.206745],[111.887053,-7.206734],[111.887139,-7.206561],[111.887295,-7.206257],[111.887298,-7.206233],[111.887292,-7.206212],[111.887276,-7.206191],[111.887252,-7.206175],[111.887232,-7.206165],[111.887112,-7.206103],[111.887105,-7.20609],[111.887103,-7.206075],[111.887103,-7.206065],[111.887111,-7.206044],[111.887216,-7.205801],[111.887234,-7.205751],[111.887656,-7.205739],[111.887722,-7.205788],[111.887438,-7.206271],[111.887694,-7.206411],[111.887606,-7.2066],[111.887438,-7.206535],[111.887425,-7.206533],[111.887412,-7.206531],[111.887401,-7.206534],[111.887391,-7.206539],[111.887382,-7.20655],[111.887267,-7.206756],[111.887221,-7.206843],[111.887213,-7.20685],[111.887206,-7.206855],[111.8872,-7.206856],[111.887088,-7.206806],[111.887061,-7.206794],[111.887049,-7.206779],[111.887048,-7.206771]]]]}},{"type":"Feature","properties":{"GM_LAYER":"Unknown Area Type","LAYER":"Unknown Area Type","MAP_NAME":"AR_Pemukiman.shp","id":null,"LUAS":"2248","PERIMETER":"53.338 m","ENCLOSED_A":"0.003993 ha","LENGTH":null,"WIDTH":null,"ISLAND_ARE":null},"geometry":{"type":"MultiPolygon","coordinates":[[[[111.884638,-7.213189],[111.884419,-7.213136],[111.884646,-7.213162],[111.884638,-7.213189]]]]}},{"type":"Feature","properties":{"GM_LAYER":"Unknown Area Type","LAYER":"Unknown Area Type","MAP_NAME":"AR_Pemukiman.shp","id":null,"LUAS":"4131","PERIMETER":"12.715 m","ENCLOSED_A":"0.000941 ha","LENGTH":null,"WIDTH":null,"ISLAND_ARE":null},"geometry":{"type":"MultiPolygon","coordinates":[[[[111.931806,-7.212626],[111.931806,-7.212626],[111.931828,-7.212624],[111.931828,-7.212624],[111.931834,-7.212648],[111.931837,-7.212659],[111.931814,-7.212659],[111.931806,-7.212626]]]]}},{"type":"Feature","properties":{"GM_LAYER":"Unknown Area Type","LAYER":"Unknown Area Type","MAP_NAME":"AR_Pemukiman.shp","id":null,"LUAS":"3529","PERIMETER":"180.35 m","ENCLOSED_A":"0.0879 ha","LENGTH":null,"WIDTH":null,"ISLAND_ARE":null},"geometry":{"type":"MultiPolygon","coordinates":[[[[111.929208,-7.212714],[111.929261,-7.212541],[111.929699,-7.212616],[111.929722,-7.212629],[111.929772,-7.212653],[111.929828,-7.212669],[111.929858,-7.212662],[111.929944,-7.212685],[111.929941,-7.212699],[111.929208,-7.212714]]]]}},{"type":"Feature","properties":{"GM_LAYER":"Unknown Area Type","LAYER":"Unknown Area Type","MAP_NAME":"AR_Pemukiman.shp","id":null,"LUAS":"3856","PERIMETER":"95.826 m","ENCLOSED_A":"0.02569 ha","LENGTH":null,"WIDTH":null,"ISLAND_ARE":null},"geometry":{"type":"MultiPolygon","coordinates":[[[[111.880209,-7.207111],[111.880228,-7.207002],[111.880299,-7.20702],[111.880365,-7.207037],[111.880513,-7.207081],[111.88059,-7.207102],[111.880209,-7.207111]]]]}},{"type":"Feature","properties":{"GM_LAYER":"Unknown Area Type","LAYER":"Unknown Area Type","MAP_NAME":"AR_Pemukiman.shp","id":null,"LUAS":"4253","PERIMETER":"300.89 m","ENCLOSED_A":"0.3029 ha","LENGTH":null,"WIDTH":null,"ISLAND_ARE":null},"geometry":{"type":"MultiPolygon","coordinates":[[[[111.880816,-7.207097],[111.880853,-7.206878],[111.881358,-7.20694],[111.881403,-7.206711],[111.881865,-7.206825],[111.88186,-7.206878],[111.881851,-7.206996],[111.88185,-7.207064],[111.88185,-7.207073],[111.880816,-7.207097]]]]}},{"type":"Feature","properties":{"GM_LAYER":"Unknown Area Type","LAYER":"Unknown Area Type","MAP_NAME":"AR_Pemukiman.shp","id":null,"LUAS":"3479","PERIMETER":"212.2 m","ENCLOSED_A":"0.1457 ha","LENGTH":null,"WIDTH":null,"ISLAND_ARE":null},"geometry":{"type":"MultiPolygon","coordinates":[[[[111.848879,-7.156346],[111.848698,-7.156292],[111.849089,-7.155839],[111.849335,-7.155884],[111.849294,-7.156083],[111.849258,-7.156099],[111.849216,-7.156089],[111.849219,-7.156074],[111.849038,-7.156036],[111.848964,-7.156289],[111.848909,-7.156277],[111.848879,-7.156346]]]]}},{"type":"Feature","properties":{"GM_LAYER":"Unknown Area Type","LAYER":"Unknown Area Type","MAP_NAME":"AR_Pemukiman.shp","id":null,"LUAS":"9624","PERIMETER":"372.25 m","ENCLOSED_A":"0.2645 ha","LENGTH":null,"WIDTH":null,"ISLAND_ARE":null},"geometry":{"type":"MultiPolygon","coordinates":[[[[111.885275,-7.206994],[111.88529,-7.206928],[111.885304,-7.20688],[111.885327,-7.206805],[111.885344,-7.206765],[111.885367,-7.206726],[111.885455,-7.206593],[111.885516,-7.206492],[111.885535,-7.206452],[111.885545,-7.206448],[111.885551,-7.206448],[111.886071,-7.206585],[111.886067,-7.206594],[111.886143,-7.206614],[111.886173,-7.206643],[111.886125,-7.206834],[111.88599,-7.206799],[111.886045,-7.206603],[111.885823,-7.206546],[111.885771,-7.206753],[111.885658,-7.206728],[111.885609,-7.206908],[111.885834,-7.206982],[111.885275,-7.206994]]]]}},{"type":"Feature","properties":{"GM_LAYER":"Unknown Area Type","LAYER":"Unknown Area Type","MAP_NAME":"AR_Pemukiman.shp","id":null,"LUAS":"3179","PERIMETER":"283.4 m","ENCLOSED_A":"0.2712 ha","LENGTH":null,"WIDTH":null,"ISLAND_ARE":null},"geometry":{"type":"MultiPolygon","coordinates":[[[[111.886719,-7.206412],[111.886761,-7.20629],[111.886823,-7.206311],[111.88691,-7.206109],[111.886947,-7.206028],[111.886807,-7.205975],[111.886886,-7.20576],[111.887165,-7.205753],[111.887025,-7.206058],[111.887051,-7.206121],[111.887244,-7.206228],[111.887252,-7.206257],[111.8872,-7.206364],[111.887098,-7.20656],[111.887078,-7.206561],[111.886719,-7.206412]]]]}},{"type":"Feature","properties":{"GM_LAYER":"Unknown Area Type","LAYER":"Unknown Area Type","MAP_NAME":"AR_Pemukiman.shp","id":null,"LUAS":"1878,","PERIMETER":"141.44 m","ENCLOSED_A":"0.0933 ha","LENGTH":null,"WIDTH":null,"ISLAND_ARE":null},"geometry":{"type":"MultiPolygon","coordinates":[[[[111.880251,-7.206023],[111.880251,-7.206023],[111.880215,-7.206002],[111.880216,-7.205942],[111.880254,-7.205941],[111.880737,-7.205928],[111.88072,-7.205975],[111.880662,-7.206132],[111.880663,-7.206139],[111.880365,-7.206087],[111.880329,-7.206066],[111.880251,-7.206023]]]]}},{"type":"Feature","properties":{"GM_LAYER":"Unknown Area Type","LAYER":"Unknown Area Type","MAP_NAME":"AR_Pemukiman.shp","id":null,"LUAS":"1249,","PERIMETER":"161.48 m","ENCLOSED_A":"0.02858 ha","LENGTH":null,"WIDTH":null,"ISLAND_ARE":null},"geometry":{"type":"MultiPolygon","coordinates":[[[[111.869681,-7.211097],[111.869019,-7.210943],[111.869021,-7.210931],[111.869689,-7.211043],[111.869707,-7.211046],[111.8697,-7.211101],[111.869681,-7.211097]]]]}},{"type":"Feature","properties":{"GM_LAYER":"Unknown Area Type","LAYER":"Unknown Area Type","MAP_NAME":"AR_Pemukiman.shp","id":null,"LUAS":"5520","PERIMETER":"201.56 m","ENCLOSED_A":"0.1205 ha","LENGTH":null,"WIDTH":null,"ISLAND_ARE":null},"geometry":{"type":"MultiPolygon","coordinates":[[[[111.881204,-7.205975],[111.881217,-7.205915],[111.881895,-7.205896],[111.881876,-7.205989],[111.881754,-7.20598],[111.881759,-7.206088],[111.881596,-7.20609],[111.881589,-7.206157],[111.881426,-7.206137],[111.881448,-7.206021],[111.881204,-7.205975]]]]}},{"type":"Feature","properties":{"GM_LAYER":"Unknown Area Type","LAYER":"Unknown Area Type","MAP_NAME":"AR_Pemukiman.shp","id":null,"LUAS":"27408","PERIMETER":"718.44 m","ENCLOSED_A":"0.878 ha","LENGTH":null,"WIDTH":null,"ISLAND_ARE":null},"geometry":{"type":"MultiPolygon","coordinates":[[[[111.884096,-7.207021],[111.884111,-7.206883],[111.884117,-7.206862],[111.884125,-7.206852],[111.884232,-7.206857],[111.88424,-7.206857],[111.884245,-7.206853],[111.884253,-7.206764],[111.884255,-7.206758],[111.88426,-7.206755],[111.884464,-7.206793],[111.884469,-7.206787],[111.884509,-7.206613],[111.885043,-7.206742],[111.885074,-7.206641],[111.885183,-7.206417],[111.885164,-7.206137],[111.885184,-7.20595],[111.884436,-7.205825],[111.885591,-7.205791],[111.885591,-7.205793],[111.885568,-7.206091],[111.885544,-7.206268],[111.885515,-7.206411],[111.885498,-7.206458],[111.88544,-7.206556],[111.885335,-7.206711],[111.885295,-7.206793],[111.885283,-7.206824],[111.885261,-7.206899],[111.885248,-7.206963],[111.885243,-7.206987],[111.885242,-7.206995],[111.884096,-7.207021]]]]}},{"type":"Feature","properties":{"GM_LAYER":"Unknown Area Type","LAYER":"Unknown Area Type","MAP_NAME":"AR_Pemukiman.shp","id":null,"LUAS":"201,702,","PERIMETER":"207.25 m","ENCLOSED_A":"0.0931 ha","LENGTH":null,"WIDTH":null,"ISLAND_ARE":null},"geometry":{"type":"MultiPolygon","coordinates":[[[[111.870058,-7.205746],[111.870381,-7.205797],[111.870403,-7.2058],[111.870388,-7.205906],[111.870368,-7.205903],[111.869725,-7.205816],[111.869744,-7.205697],[111.870058,-7.205746],[111.869904,-7.205726],[111.870058,-7.205746],[111.870058,-7.205746]]]]}},{"type":"Feature","properties":{"GM_LAYER":"Unknown Area Type","LAYER":"Unknown Area Type","MAP_NAME":"AR_Pemukiman.shp","id":null,"LUAS":"2683,","PERIMETER":"246.06 m","ENCLOSED_A":"0.2763 ha","LENGTH":null,"WIDTH":null,"ISLAND_ARE":null},"geometry":{"type":"MultiPolygon","coordinates":[[[[111.868923,-7.210657],[111.868948,-7.210511],[111.869045,-7.210524],[111.869064,-7.210395],[111.869754,-7.210493],[111.869779,-7.210496],[111.86974,-7.210794],[111.86972,-7.210792],[111.868923,-7.210657]]]]}},{"type":"Feature","properties":{"GM_LAYER":"Unknown Area Type","LAYER":"Unknown Area Type","MAP_NAME":"AR_Pemukiman.shp","id":null,"LUAS":"326","PERIMETER":"74.891 m","ENCLOSED_A":"0.03255 ha","LENGTH":"24.071 m","WIDTH":"13.469 m","ISLAND_ARE":null},"geometry":{"type":"MultiPolygon","coordinates":[[[[111.88844,-7.206772],[111.888476,-7.20665],[111.888685,-7.206712],[111.888644,-7.206827],[111.88844,-7.206772]]]]}},{"type":"Feature","properties":{"GM_LAYER":"Unknown Area Type","LAYER":"Unknown Area Type","MAP_NAME":"AR_Pemukiman.shp","id":null,"LUAS":"20484","PERIMETER":"362.89 m","ENCLOSED_A":"0.3731 ha","LENGTH":null,"WIDTH":null,"ISLAND_ARE":null},"geometry":{"type":"MultiPolygon","coordinates":[[[[111.887177,-7.206951],[111.887203,-7.206875],[111.887214,-7.206872],[111.887223,-7.206868],[111.887239,-7.206846],[111.887325,-7.206687],[111.887386,-7.206581],[111.887395,-7.206563],[111.887405,-7.206554],[111.887415,-7.206552],[111.887427,-7.206554],[111.88765,-7.20664],[111.887956,-7.20674],[111.887978,-7.206743],[111.887998,-7.206743],[111.888014,-7.206737],[111.888026,-7.206729],[111.888039,-7.206719],[111.888051,-7.20671],[111.88806,-7.206709],[111.888642,-7.206866],[111.888621,-7.20692],[111.888561,-7.206919],[111.887844,-7.206935],[111.887772,-7.206913],[111.887756,-7.206937],[111.887177,-7.206951]]]]}},{"type":"Feature","properties":{"GM_LAYER":"Unknown Area Type","LAYER":"Unknown Area Type","MAP_NAME":"AR_Pemukiman.shp","id":null,"LUAS":"39275","PERIMETER":"1.785 km","ENCLOSED_A":"3.13 ha","LENGTH":null,"WIDTH":null,"ISLAND_ARE":null},"geometry":{"type":"MultiPolygon","coordinates":[[[[111.92577,-7.21076],[111.925771,-7.210748],[111.925772,-7.21074],[111.925781,-7.210721],[111.92585,-7.210548],[111.925884,-7.210545],[111.925918,-7.210548],[111.926096,-7.210574],[111.926197,-7.210588],[111.926292,-7.210601],[111.926293,-7.210601],[111.926338,-7.210603],[111.926339,-7.210603],[111.926404,-7.2106],[111.926404,-7.2106],[111.926499,-7.210591],[111.9265,-7.210591],[111.926579,-7.210582],[111.926627,-7.210577],[111.926662,-7.210577],[111.926787,-7.210584],[111.926906,-7.210595],[111.927017,-7.210613],[111.927118,-7.210641],[111.927326,-7.210697],[111.927332,-7.210699],[111.927561,-7.210755],[111.927718,-7.210803],[111.92788,-7.210852],[111.927923,-7.210864],[111.927969,-7.210886],[111.928013,-7.210919],[111.928094,-7.210996],[111.92818,-7.211072],[111.928239,-7.211128],[111.928273,-7.211161],[111.928311,-7.211191],[111.928351,-7.21122],[111.928382,-7.211238],[111.928417,-7.211252],[111.928443,-7.211261],[111.92849,-7.211268],[111.928498,-7.211276],[111.928495,-7.211413],[111.928491,-7.211515],[111.928489,-7.211559],[111.928481,-7.211624],[111.928473,-7.211701],[111.928464,-7.211761],[111.928457,-7.211793],[111.928454,-7.211811],[111.928448,-7.211828],[111.928446,-7.211837],[111.928449,-7.211846],[111.928457,-7.211853],[111.928471,-7.211861],[111.928485,-7.211866],[111.928596,-7.211899],[111.92869,-7.211928],[111.928696,-7.211909],[111.928605,-7.211881],[111.928496,-7.21184],[111.928485,-7.211831],[111.928482,-7.211822],[111.92848,-7.2118],[111.928484,-7.211764],[111.928493,-7.211704],[111.928501,-7.211626],[111.928507,-7.211572],[111.928519,-7.211564],[111.928668,-7.211559],[111.92885,-7.211549],[111.928993,-7.211541],[111.929081,-7.211538],[111.929197,-7.211538],[111.929244,-7.211535],[111.929243,-7.211519],[111.929197,-7.211522],[111.929085,-7.211521],[111.928992,-7.211525],[111.928849,-7.211532],[111.928668,-7.211543],[111.928532,-7.211544],[111.92852,-7.211539],[111.928511,-7.21153],[111.928511,-7.211515],[111.928514,-7.211413],[111.928517,-7.211312],[111.92852,-7.211276],[111.928526,-7.211269],[111.928568,-7.21127],[111.928658,-7.211276],[111.928659,-7.211276],[111.928764,-7.211281],[111.928813,-7.211283],[111.928815,-7.211283],[111.928847,-7.211279],[111.928849,-7.211279],[111.928881,-7.211267],[111.928882,-7.211267],[111.928913,-7.211252],[111.928915,-7.211251],[111.92893,-7.211235],[111.928932,-7.211232],[111.928942,-7.211199],[111.928942,-7.211198],[111.928964,-7.211119],[111.928964,-7.211119],[111.928976,-7.21106],[111.928976,-7.211058],[111.928974,-7.211042],[111.928973,-7.21104],[111.928968,-7.211029],[111.928965,-7.211026],[111.928953,-7.211018],[111.928952,-7.211017],[111.92886,-7.210985],[111.928855,-7.210999],[111.928946,-7.21103],[111.928956,-7.211037],[111.92896,-7.211045],[111.928962,-7.211059],[111.92895,-7.211116],[111.928928,-7.211194],[111.928918,-7.211226],[111.928906,-7.21124],[111.928876,-7.211253],[111.928845,-7.211265],[111.928813,-7.211269],[111.928764,-7.211267],[111.928659,-7.211262],[111.928569,-7.211256],[111.928569,-7.211256],[111.928491,-7.211254],[111.928446,-7.211246],[111.928422,-7.211238],[111.928389,-7.211225],[111.928359,-7.211208],[111.928319,-7.211179],[111.928283,-7.21115],[111.928249,-7.211118],[111.92819,-7.211062],[111.928107,-7.210985],[111.928031,-7.210909],[111.92801,-7.210887],[111.928004,-7.21087],[111.928008,-7.210856],[111.928006,-7.210841],[111.928009,-7.210823],[111.928083,-7.210582],[111.929238,-7.210667],[111.929336,-7.211259],[111.929332,-7.211735],[111.929049,-7.212059],[111.928696,-7.212371],[111.928518,-7.212471],[111.928382,-7.212389],[111.928236,-7.212346],[111.928,-7.212271],[111.928199,-7.211361],[111.927963,-7.211238],[111.927661,-7.211126],[111.927077,-7.210986],[111.92712,-7.210819],[111.926893,-7.210792],[111.926685,-7.210838],[111.925982,-7.210813],[111.925772,-7.21077],[111.92577,-7.21076]]]]}},{"type":"Feature","properties":{"GM_LAYER":"Unknown Area Type","LAYER":"Unknown Area Type","MAP_NAME":"AR_Pemukiman.shp","id":null,"LUAS":"29002","PERIMETER":"649.91 m","ENCLOSED_A":"1.728 ha","LENGTH":null,"WIDTH":null,"ISLAND_ARE":null},"geometry":{"type":"MultiPolygon","coordinates":[[[[111.924989,-7.210642],[111.925002,-7.210637],[111.92505,-7.210634],[111.925077,-7.210636],[111.9252,-7.21066],[111.925417,-7.210704],[111.925675,-7.210758],[111.925715,-7.210769],[111.925737,-7.21078],[111.925745,-7.210786],[111.925807,-7.210919],[111.925745,-7.211478],[111.926019,-7.211566],[111.926013,-7.211602],[111.925918,-7.212253],[111.925677,-7.212264],[111.925691,-7.212821],[111.925346,-7.212847],[111.925343,-7.212847],[111.925339,-7.212848],[111.925336,-7.212848],[111.925308,-7.21285],[111.925295,-7.212746],[111.925276,-7.212605],[111.925257,-7.21246],[111.925244,-7.212374],[111.925227,-7.21226],[111.925215,-7.212169],[111.925197,-7.212042],[111.925173,-7.211882],[111.92516,-7.21179],[111.92515,-7.21173],[111.925138,-7.211643],[111.925127,-7.211565],[111.925111,-7.211465],[111.925095,-7.211355],[111.92508,-7.21126],[111.925067,-7.211167],[111.925049,-7.211051],[111.925027,-7.210895],[111.924989,-7.210642]]]]}},{"type":"Feature","properties":{"GM_LAYER":"Unknown Area Type","LAYER":"Unknown Area Type","MAP_NAME":"AR_Pemukiman.shp","id":null,"LUAS":"5112","PERIMETER":"40.272 m","ENCLOSED_A":"0.00797 ha","LENGTH":null,"WIDTH":null,"ISLAND_ARE":null},"geometry":{"type":"MultiPolygon","coordinates":[[[[111.927727,-7.212737],[111.927735,-7.212718],[111.927757,-7.212689],[111.927767,-7.212677],[111.92778,-7.212669],[111.927792,-7.212665],[111.927797,-7.212664],[111.927804,-7.212665],[111.927814,-7.21267],[111.927836,-7.212696],[111.927873,-7.212732],[111.927876,-7.212736],[111.927727,-7.212737]]]]}},{"type":"Feature","properties":{"GM_LAYER":"Unknown Area Type","LAYER":"Unknown Area Type","MAP_NAME":"AR_Pemukiman.shp","id":null,"LUAS":"11210","PERIMETER":"683.97 m","ENCLOSED_A":"0.883 ha","LENGTH":null,"WIDTH":null,"ISLAND_ARE":null},"geometry":{"type":"MultiPolygon","coordinates":[[[[111.929526,-7.21084],[111.9296,-7.210694],[111.930653,-7.210772],[111.930877,-7.210936],[111.930859,-7.21105],[111.930811,-7.211055],[111.93071,-7.211064],[111.930599,-7.211071],[111.930556,-7.211071],[111.930519,-7.211063],[111.930457,-7.21104],[111.930357,-7.210999],[111.930204,-7.210933],[111.930063,-7.210871],[111.929885,-7.210795],[111.929874,-7.210821],[111.93012,-7.210927],[111.930293,-7.210997],[111.930411,-7.211049],[111.93048,-7.21108],[111.930529,-7.211094],[111.930572,-7.211098],[111.930607,-7.211099],[111.930649,-7.211096],[111.930711,-7.211091],[111.930855,-7.211079],[111.930852,-7.211096],[111.930782,-7.21152],[111.930432,-7.211434],[111.930388,-7.211423],[111.930419,-7.211283],[111.93029,-7.211256],[111.930265,-7.211304],[111.930252,-7.21132],[111.930189,-7.2113],[111.930094,-7.211477],[111.929912,-7.211421],[111.929975,-7.211283],[111.929739,-7.211203],[111.929526,-7.21084]]]]}},{"type":"Feature","properties":{"GM_LAYER":"Unknown Area Type","LAYER":"Unknown Area Type","MAP_NAME":"AR_Pemukiman.shp","id":null,"LUAS":"10132","PERIMETER":"505.11 m","ENCLOSED_A":"0.716 ha","LENGTH":null,"WIDTH":null,"ISLAND_ARE":null},"geometry":{"type":"MultiPolygon","coordinates":[[[[111.926447,-7.212085],[111.926481,-7.211552],[111.926831,-7.211614],[111.926825,-7.211643],[111.926788,-7.211809],[111.926739,-7.212014],[111.926721,-7.212091],[111.926722,-7.212111],[111.926734,-7.212123],[111.92676,-7.212133],[111.927018,-7.212223],[111.927264,-7.212305],[111.927556,-7.212408],[111.92757,-7.212419],[111.927607,-7.212455],[111.927664,-7.212516],[111.927714,-7.212563],[111.927759,-7.21261],[111.927773,-7.212627],[111.927772,-7.21264],[111.927771,-7.212646],[111.927769,-7.212654],[111.927765,-7.212657],[111.927751,-7.212666],[111.927737,-7.21268],[111.927714,-7.212718],[111.927704,-7.212737],[111.927156,-7.212741],[111.92715,-7.212741],[111.927147,-7.212741],[111.927141,-7.212741],[111.927089,-7.21274],[111.927107,-7.212643],[111.926652,-7.21257],[111.92669,-7.212163],[111.926447,-7.212085]]]]}},{"type":"Feature","properties":{"GM_LAYER":"Unknown Area Type","LAYER":"Unknown Area Type","MAP_NAME":"AR_Pemukiman.shp","id":null,"LUAS":"1204","PERIMETER":"98.977 m","ENCLOSED_A":"0.0559 ha","LENGTH":null,"WIDTH":null,"ISLAND_ARE":null},"geometry":{"type":"MultiPolygon","coordinates":[[[[111.931725,-7.211143],[111.931725,-7.211132],[111.931728,-7.210973],[111.931729,-7.210852],[111.931903,-7.210865],[111.931872,-7.21112],[111.931867,-7.211148],[111.931865,-7.211152],[111.931753,-7.211143],[111.931748,-7.211145],[111.931725,-7.211143]]]]}},{"type":"Feature","properties":{"GM_LAYER":"Unknown Area Type","LAYER":"Unknown Area Type","MAP_NAME":"AR_Pemukiman.shp","id":null,"LUAS":"8234","PERIMETER":"390.76 m","ENCLOSED_A":"0.823 ha","LENGTH":null,"WIDTH":null,"ISLAND_ARE":null},"geometry":{"type":"MultiPolygon","coordinates":[[[[111.926751,-7.212081],[111.926754,-7.212067],[111.926767,-7.212014],[111.926785,-7.211934],[111.926807,-7.211845],[111.926825,-7.211766],[111.926844,-7.211682],[111.926873,-7.211559],[111.926876,-7.21153],[111.926875,-7.211518],[111.926862,-7.211496],[111.926848,-7.211488],[111.926818,-7.211478],[111.92684,-7.211357],[111.927869,-7.211866],[111.92764,-7.212455],[111.927624,-7.212438],[111.927596,-7.212408],[111.927575,-7.212393],[111.927557,-7.212381],[111.927533,-7.212371],[111.927448,-7.212343],[111.927308,-7.212293],[111.927171,-7.212251],[111.926965,-7.212181],[111.926811,-7.212128],[111.926761,-7.212105],[111.926754,-7.212094],[111.926751,-7.212081]]]]}},{"type":"Feature","properties":{"GM_LAYER":"Unknown Area Type","LAYER":"Unknown Area Type","MAP_NAME":"AR_Pemukiman.shp","id":null,"LUAS":"3341","PERIMETER":"156.68 m","ENCLOSED_A":"0.1071 ha","LENGTH":null,"WIDTH":null,"ISLAND_ARE":null},"geometry":{"type":"MultiPolygon","coordinates":[[[[111.886585,-7.206964],[111.886588,-7.206789],[111.887019,-7.206802],[111.887165,-7.206868],[111.887169,-7.206878],[111.887171,-7.206887],[111.887148,-7.206951],[111.886585,-7.206964]]]]}},{"type":"Feature","properties":{"GM_LAYER":"Unknown Area Type","LAYER":"Unknown Area Type","MAP_NAME":"AR_Pemukiman.shp","id":null,"LUAS":"37825","PERIMETER":"16.398 m","ENCLOSED_A":"0.001622 ha","LENGTH":null,"WIDTH":null,"ISLAND_ARE":null},"geometry":{"type":"MultiPolygon","coordinates":[[[[111.931862,-7.212657],[111.931854,-7.212621],[111.931885,-7.212617],[111.931899,-7.212657],[111.931863,-7.212658],[111.931862,-7.212657]]]]}},{"type":"Feature","properties":{"GM_LAYER":"Unknown Area Type","LAYER":"Unknown Area Type","MAP_NAME":"AR_Pemukiman.shp","id":null,"LUAS":"37825","PERIMETER":"1.087 km","ENCLOSED_A":"1.486 ha","LENGTH":null,"WIDTH":null,"ISLAND_ARE":null},"geometry":{"type":"MultiPolygon","coordinates":[[[[111.93332,-7.211901],[111.933317,-7.211823],[111.933347,-7.211748],[111.933406,-7.211704],[111.933505,-7.211675],[111.933584,-7.211641],[111.93364,-7.211627],[111.933722,-7.211624],[111.933792,-7.211651],[111.93387,-7.211686],[111.933999,-7.211735],[111.934091,-7.211789],[111.934126,-7.211837],[111.93416,-7.211869],[111.934232,-7.211898],[111.934291,-7.211918],[111.934318,-7.211889],[111.934335,-7.211807],[111.934345,-7.211723],[111.934394,-7.211553],[111.934465,-7.211565],[111.93461,-7.211571],[111.934666,-7.211541],[111.934686,-7.211498],[111.93471,-7.211408],[111.934754,-7.211398],[111.934847,-7.211405],[111.934901,-7.211408],[111.935005,-7.211416],[111.935078,-7.211427],[111.935111,-7.211275],[111.935248,-7.211299],[111.93528,-7.211138],[111.935315,-7.210838],[111.93518,-7.210816],[111.935036,-7.210786],[111.93498,-7.210776],[111.935015,-7.210539],[111.935361,-7.210598],[111.935376,-7.210532],[111.93538,-7.210507],[111.935405,-7.210511],[111.935386,-7.210646],[111.935367,-7.210779],[111.935345,-7.210909],[111.935321,-7.211052],[111.935294,-7.211247],[111.935267,-7.21143],[111.935258,-7.211494],[111.935247,-7.21157],[111.935232,-7.211666],[111.935207,-7.211805],[111.935188,-7.2119],[111.935156,-7.212029],[111.935133,-7.212121],[111.935124,-7.212153],[111.935115,-7.212157],[111.935031,-7.212131],[111.935031,-7.212131],[111.935007,-7.212125],[111.935006,-7.212124],[111.934999,-7.212123],[111.934995,-7.212121],[111.934966,-7.212111],[111.934946,-7.212101],[111.934929,-7.21209],[111.934912,-7.21208],[111.934888,-7.212069],[111.934864,-7.212059],[111.934826,-7.212046],[111.93478,-7.212032],[111.934712,-7.212012],[111.934668,-7.212],[111.934615,-7.211986],[111.934552,-7.211973],[111.93451,-7.211967],[111.934451,-7.211956],[111.934449,-7.211972],[111.934507,-7.211983],[111.934548,-7.211989],[111.934611,-7.212002],[111.934664,-7.212016],[111.934707,-7.212028],[111.934775,-7.212047],[111.934821,-7.212062],[111.934858,-7.212074],[111.934882,-7.212084],[111.934904,-7.212095],[111.934921,-7.212104],[111.934938,-7.212115],[111.934959,-7.212126],[111.93496,-7.212127],[111.934989,-7.212137],[111.934992,-7.212136],[111.935004,-7.212137],[111.935028,-7.212143],[111.935111,-7.212169],[111.935117,-7.212178],[111.9351,-7.212237],[111.935033,-7.212466],[111.935,-7.212592],[111.934815,-7.212596],[111.934832,-7.212524],[111.934766,-7.212482],[111.934679,-7.21243],[111.9347,-7.212354],[111.934717,-7.212291],[111.934704,-7.212253],[111.934667,-7.21223],[111.934563,-7.212197],[111.934395,-7.212139],[111.934254,-7.2121],[111.934183,-7.212104],[111.933993,-7.212146],[111.933891,-7.212161],[111.933755,-7.212143],[111.933653,-7.21209],[111.933578,-7.212009],[111.933493,-7.211955],[111.933381,-7.211935],[111.93332,-7.211901]]]]}},{"type":"Feature","properties":{"GM_LAYER":"Unknown Area Type","LAYER":"Unknown Area Type","MAP_NAME":"AR_Pemukiman.shp","id":null,"LUAS":"2641,,6106,8079,1417,,,","PERIMETER":"1.139 km","ENCLOSED_A":"1.011 ha","LENGTH":null,"WIDTH":null,"ISLAND_ARE":null},"geometry":{"type":"MultiPolygon","coordinates":[[[[111.851205,-7.204989],[111.851205,-7.204986],[111.851196,-7.204919],[111.851199,-7.204912],[111.851205,-7.204901],[111.851217,-7.204881],[111.851238,-7.204856],[111.851262,-7.204834],[111.851296,-7.204806],[111.851427,-7.204687],[111.851525,-7.204533],[111.851617,-7.204355],[111.851812,-7.204015],[111.851951,-7.203791],[111.851987,-7.203721],[111.852012,-7.203646],[111.852023,-7.203608],[111.852028,-7.203608],[111.85263,-7.203658],[111.852619,-7.203711],[111.852457,-7.203677],[111.852341,-7.203651],[111.852285,-7.20381],[111.852333,-7.203826],[111.852305,-7.203896],[111.852262,-7.204024],[111.852156,-7.2041],[111.852052,-7.204379],[111.852292,-7.204467],[111.852273,-7.204532],[111.852275,-7.204544],[111.852282,-7.204554],[111.852294,-7.20457],[111.852312,-7.204582],[111.852336,-7.204597],[111.85229,-7.204689],[111.852268,-7.204744],[111.85226,-7.204807],[111.852258,-7.204855],[111.852264,-7.204922],[111.85227,-7.204965],[111.852271,-7.204967],[111.852273,-7.204967],[111.852307,-7.204964],[111.852339,-7.204964],[111.852365,-7.204968],[111.852387,-7.204979],[111.852418,-7.20501],[111.852462,-7.205051],[111.852483,-7.205076],[111.85247,-7.205074],[111.852462,-7.205066],[111.852438,-7.205042],[111.852415,-7.205022],[111.852392,-7.205006],[111.852362,-7.204988],[111.852349,-7.204984],[111.852332,-7.204981],[111.852318,-7.20498],[111.852303,-7.204981],[111.852282,-7.204986],[111.852259,-7.20499],[111.852231,-7.204998],[111.852224,-7.204996],[111.85222,-7.20498],[111.8522,-7.204901],[111.852187,-7.204872],[111.852169,-7.204844],[111.852135,-7.204806],[111.852107,-7.204786],[111.852085,-7.204772],[111.852057,-7.204758],[111.852004,-7.204733],[111.851918,-7.204695],[111.851913,-7.204687],[111.851912,-7.204674],[111.851915,-7.204667],[111.851988,-7.204482],[111.852035,-7.204374],[111.852113,-7.204196],[111.852128,-7.204157],[111.852136,-7.204122],[111.852137,-7.204099],[111.852135,-7.204074],[111.852134,-7.20406],[111.852129,-7.204042],[111.852121,-7.204027],[111.852116,-7.204016],[111.852101,-7.204002],[111.852087,-7.203992],[111.851984,-7.203945],[111.851884,-7.203899],[111.851876,-7.203912],[111.852039,-7.203991],[111.85207,-7.204009],[111.852079,-7.204016],[111.852088,-7.204025],[111.852099,-7.204039],[111.852108,-7.204059],[111.852112,-7.204079],[111.852114,-7.204107],[111.852109,-7.204139],[111.852094,-7.204182],[111.852077,-7.204226],[111.852022,-7.204345],[111.851953,-7.204501],[111.851887,-7.204665],[111.851885,-7.204667],[111.851881,-7.204668],[111.851867,-7.204665],[111.851772,-7.204631],[111.851752,-7.204626],[111.851733,-7.204624],[111.851713,-7.204622],[111.851693,-7.204617],[111.851521,-7.204539],[111.851508,-7.20456],[111.851509,-7.20456],[111.851683,-7.204632],[111.851709,-7.204642],[111.851749,-7.204646],[111.851768,-7.20465],[111.851861,-7.204687],[111.851935,-7.204715],[111.852,-7.204743],[111.852079,-7.204781],[111.852129,-7.204814],[111.852159,-7.20485],[111.852182,-7.20489],[111.85219,-7.204908],[111.852202,-7.204949],[111.852208,-7.20498],[111.85221,-7.204993],[111.852214,-7.205002],[111.852222,-7.205007],[111.852232,-7.205008],[111.852247,-7.205005],[111.852283,-7.204995],[111.852313,-7.204989],[111.852337,-7.204989],[111.852362,-7.204997],[111.852389,-7.205014],[111.852412,-7.205029],[111.852434,-7.205048],[111.852453,-7.205066],[111.852459,-7.205074],[111.852435,-7.205072],[111.852394,-7.205034],[111.852435,-7.205072],[111.851592,-7.205001],[111.851484,-7.204998],[111.851484,-7.204998],[111.851303,-7.204884],[111.851287,-7.204874],[111.85127,-7.204865],[111.851256,-7.204862],[111.85124,-7.204863],[111.851231,-7.204869],[111.851223,-7.204878],[111.851215,-7.204892],[111.851214,-7.204912],[111.851221,-7.204954],[111.851223,-7.204965],[111.851229,-7.20499],[111.851205,-7.204989]]]]}},{"type":"Feature","properties":{"GM_LAYER":"Unknown Area Type","LAYER":"Unknown Area Type","MAP_NAME":"AR_Pemukiman.shp","id":null,"LUAS":"16203","PERIMETER":"968.57 m","ENCLOSED_A":"1.473 ha","LENGTH":null,"WIDTH":null,"ISLAND_ARE":null},"geometry":{"type":"MultiPolygon","coordinates":[[[[111.940002,-7.195454],[111.939988,-7.195354],[111.940003,-7.195317],[111.940008,-7.195312],[111.940017,-7.19531],[111.94015,-7.195366],[111.94021,-7.195387],[111.940268,-7.1954],[111.94036,-7.195418],[111.940389,-7.195422],[111.940411,-7.195424],[111.94065,-7.195424],[111.940848,-7.195429],[111.940994,-7.195439],[111.941202,-7.195457],[111.941315,-7.195471],[111.941331,-7.195474],[111.941345,-7.195482],[111.941353,-7.195497],[111.941361,-7.195517],[111.941353,-7.195563],[111.94135,-7.19559],[111.941318,-7.195697],[111.941305,-7.19574],[111.941299,-7.195767],[111.941296,-7.195783],[111.94129,-7.195823],[111.941288,-7.195853],[111.941286,-7.195878],[111.941285,-7.195918],[111.941284,-7.195981],[111.941275,-7.19631],[111.941268,-7.196694],[111.94127,-7.196756],[111.941266,-7.196778],[111.941257,-7.19679],[111.941119,-7.196827],[111.941013,-7.196858],[111.940865,-7.196899],[111.940743,-7.196931],[111.94062,-7.196965],[111.940547,-7.196985],[111.940441,-7.197018],[111.940328,-7.197053],[111.940261,-7.197074],[111.94025,-7.196978],[111.940244,-7.196867],[111.940251,-7.196792],[111.940261,-7.196718],[111.940321,-7.196482],[111.940325,-7.196466],[111.940325,-7.19646],[111.940323,-7.196454],[111.940318,-7.196449],[111.940308,-7.196445],[111.940237,-7.196426],[111.940132,-7.196395],[111.940126,-7.196352],[111.940144,-7.196221],[111.940143,-7.196209],[111.940136,-7.196198],[111.940124,-7.196192],[111.940103,-7.196185],[111.9401,-7.196163],[111.940142,-7.196175],[111.940149,-7.196174],[111.940155,-7.196169],[111.940216,-7.195967],[111.940219,-7.195964],[111.940225,-7.195962],[111.940429,-7.196026],[111.940443,-7.196023],[111.940447,-7.196014],[111.940462,-7.195935],[111.940685,-7.195972],[111.940666,-7.196148],[111.940869,-7.196165],[111.94099,-7.196166],[111.941009,-7.196113],[111.941011,-7.195853],[111.941202,-7.195719],[111.941299,-7.195628],[111.941334,-7.195494],[111.941326,-7.195485],[111.941133,-7.195474],[111.940859,-7.195451],[111.940861,-7.195623],[111.940858,-7.195628],[111.940848,-7.195634],[111.940787,-7.195639],[111.940624,-7.195628],[111.940614,-7.195631],[111.940611,-7.195639],[111.940605,-7.195703],[111.940596,-7.195705],[111.940329,-7.195662],[111.940295,-7.195653],[111.940279,-7.195629],[111.94027,-7.195605],[111.940256,-7.195579],[111.940212,-7.195545],[111.940002,-7.195454]]]]}},{"type":"Feature","properties":{"GM_LAYER":"Unknown Area Type","LAYER":"Unknown Area Type","MAP_NAME":"AR_Pemukiman.shp","id":null,"LUAS":"16203","PERIMETER":"43.451 m","ENCLOSED_A":"0.00696 ha","LENGTH":null,"WIDTH":null,"ISLAND_ARE":null},"geometry":{"type":"MultiPolygon","coordinates":[[[[111.940048,-7.195791],[111.940025,-7.19562],[111.94009,-7.195653],[111.940094,-7.195655],[111.940094,-7.195663],[111.940048,-7.195791]]]]}},{"type":"Feature","properties":{"GM_LAYER":"Unknown Area Type","LAYER":"Unknown Area Type","MAP_NAME":"AR_Pemukiman.shp","id":null,"LUAS":"2709,","PERIMETER":"650.47 m","ENCLOSED_A":"1.078 ha","LENGTH":null,"WIDTH":null,"ISLAND_ARE":null},"geometry":{"type":"MultiPolygon","coordinates":[[[[111.84716,-7.208307],[111.847163,-7.208314],[111.847395,-7.20835],[111.847402,-7.208359],[111.847397,-7.20838],[111.847387,-7.208407],[111.847349,-7.208599],[111.847281,-7.208922],[111.847262,-7.20896],[111.847235,-7.208986],[111.847215,-7.20899],[111.847189,-7.208989],[111.846931,-7.208901],[111.846899,-7.2089],[111.846874,-7.208906],[111.846853,-7.208917],[111.846828,-7.208935],[111.846793,-7.208964],[111.846762,-7.208998],[111.84674,-7.209026],[111.846714,-7.209068],[111.846677,-7.209126],[111.846643,-7.209203],[111.846603,-7.209301],[111.846589,-7.209333],[111.84592,-7.209318],[111.845912,-7.209317],[111.845908,-7.209317],[111.845901,-7.209317],[111.845713,-7.209306],[111.845735,-7.209184],[111.845722,-7.209167],[111.845459,-7.209102],[111.845449,-7.209084],[111.845516,-7.208793],[111.845548,-7.208779],[111.846355,-7.208967],[111.846497,-7.208883],[111.846637,-7.208721],[111.846749,-7.208622],[111.846816,-7.208456],[111.846989,-7.208506],[111.847007,-7.208405],[111.84701,-7.208352],[111.846992,-7.208289],[111.846957,-7.208235],[111.846965,-7.208162],[111.847176,-7.208167],[111.847175,-7.208181],[111.84716,-7.208307]]]]}},{"type":"Feature","properties":{"GM_LAYER":"Unknown Area Type","LAYER":"Unknown Area Type","MAP_NAME":"AR_Pemukiman.shp","id":null,"LUAS":"7575","PERIMETER":"558.44 m","ENCLOSED_A":"0.756 ha","LENGTH":null,"WIDTH":null,"ISLAND_ARE":null},"geometry":{"type":"MultiPolygon","coordinates":[[[[111.940962,-7.198873],[111.94102,-7.198595],[111.941024,-7.198594],[111.941028,-7.198595],[111.941272,-7.198648],[111.941286,-7.19865],[111.9413,-7.19865],[111.941363,-7.198638],[111.941369,-7.198637],[111.941432,-7.198643],[111.94148,-7.198648],[111.94148,-7.198637],[111.941367,-7.198623],[111.941359,-7.198625],[111.941296,-7.198638],[111.941289,-7.198638],[111.941281,-7.198637],[111.941032,-7.198583],[111.941028,-7.198581],[111.941024,-7.198576],[111.941046,-7.198479],[111.941068,-7.198395],[111.941098,-7.198303],[111.941182,-7.198046],[111.941211,-7.197923],[111.941228,-7.197845],[111.941238,-7.197762],[111.941239,-7.197692],[111.941233,-7.197633],[111.941506,-7.197655],[111.941503,-7.197753],[111.941506,-7.197787],[111.941527,-7.19781],[111.941562,-7.197836],[111.941568,-7.197853],[111.941573,-7.197881],[111.941578,-7.197954],[111.941574,-7.198059],[111.941558,-7.198114],[111.941539,-7.198168],[111.941511,-7.198223],[111.941469,-7.198262],[111.941463,-7.198269],[111.941461,-7.198278],[111.941459,-7.198285],[111.941461,-7.198292],[111.941464,-7.198299],[111.941472,-7.198302],[111.941566,-7.198324],[111.941569,-7.198326],[111.94157,-7.198329],[111.941564,-7.198364],[111.941566,-7.198515],[111.941576,-7.198607],[111.941578,-7.198612],[111.941582,-7.198615],[111.9417,-7.198608],[111.941711,-7.198612],[111.941721,-7.19862],[111.941727,-7.198631],[111.941717,-7.198752],[111.941703,-7.198919],[111.941705,-7.198925],[111.94171,-7.19893],[111.941675,-7.198939],[111.941644,-7.198814],[111.941662,-7.198942],[111.941488,-7.198988],[111.940962,-7.198873]]]]}},{"type":"Feature","properties":{"GM_LAYER":"Unknown Area Type","LAYER":"Unknown Area Type","MAP_NAME":"AR_Pemukiman.shp","id":null,"LUAS":"3868","PERIMETER":"125.72 m","ENCLOSED_A":"0.0869 ha","LENGTH":null,"WIDTH":null,"ISLAND_ARE":null},"geometry":{"type":"MultiPolygon","coordinates":[[[[111.845125,-7.206929],[111.84517,-7.206764],[111.845547,-7.206867],[111.845538,-7.206896],[111.845521,-7.206938],[111.8455,-7.206987],[111.845476,-7.207056],[111.845469,-7.207054],[111.845461,-7.207051],[111.845457,-7.20705],[111.84545,-7.207047],[111.845125,-7.206929]]]]}},{"type":"Feature","properties":{"GM_LAYER":"Unknown Area Type","LAYER":"Unknown Area Type","MAP_NAME":"AR_Pemukiman.shp","id":null,"LUAS":"3098","PERIMETER":"128.3 m","ENCLOSED_A":"0.0809 ha","LENGTH":null,"WIDTH":null,"ISLAND_ARE":null},"geometry":{"type":"MultiPolygon","coordinates":[[[[111.847203,-7.208285],[111.84721,-7.208168],[111.8473,-7.20817],[111.847647,-7.208166],[111.847626,-7.208331],[111.84761,-7.208348],[111.84758,-7.208352],[111.847441,-7.208338],[111.847412,-7.208316],[111.847203,-7.208285]]]]}},{"type":"Feature","properties":{"GM_LAYER":"Unknown Area Type","LAYER":"Unknown Area Type","MAP_NAME":"AR_Pemukiman.shp","id":null,"LUAS":"3098,","PERIMETER":"32.712 m","ENCLOSED_A":"0.002134 ha","LENGTH":null,"WIDTH":null,"ISLAND_ARE":null},"geometry":{"type":"MultiPolygon","coordinates":[[[[111.847669,-7.20771],[111.84767,-7.2077],[111.847669,-7.20771],[111.84763,-7.2077],[111.847562,-7.207683],[111.847668,-7.207685],[111.847684,-7.207692],[111.847688,-7.207715],[111.847669,-7.20771]]]]}},{"type":"Feature","properties":{"GM_LAYER":"Unknown Area Type","LAYER":"Unknown Area Type","MAP_NAME":"AR_Pemukiman.shp","id":null,"LUAS":"16386","PERIMETER":"402.6 m","ENCLOSED_A":"0.807 ha","LENGTH":null,"WIDTH":null,"ISLAND_ARE":null},"geometry":{"type":"MultiPolygon","coordinates":[[[[111.881886,-7.207072],[111.881888,-7.206993],[111.881898,-7.20688],[111.881926,-7.206517],[111.881938,-7.206418],[111.881963,-7.206223],[111.881993,-7.206119],[111.882007,-7.206092],[111.882044,-7.206037],[111.88205,-7.206036],[111.882056,-7.206037],[111.882135,-7.206064],[111.882421,-7.206148],[111.882363,-7.206465],[111.88273,-7.206503],[111.882829,-7.20651],[111.882823,-7.206576],[111.882812,-7.206663],[111.882796,-7.206713],[111.882767,-7.206818],[111.882737,-7.206845],[111.88271,-7.206863],[111.882681,-7.206876],[111.882665,-7.206891],[111.882661,-7.206912],[111.882664,-7.20694],[111.88268,-7.207054],[111.881886,-7.207072]]]]}},{"type":"Feature","properties":{"GM_LAYER":"Unknown Area Type","LAYER":"Unknown Area Type","MAP_NAME":"AR_Pemukiman.shp","id":null,"LUAS":"9660","PERIMETER":"1.063 km","ENCLOSED_A":"1.385 ha","LENGTH":null,"WIDTH":null,"ISLAND_ARE":null},"geometry":{"type":"MultiPolygon","coordinates":[[[[111.847688,-7.158465],[111.847686,-7.158441],[111.847693,-7.158411],[111.847707,-7.158379],[111.847843,-7.157936],[111.847944,-7.157613],[111.847983,-7.157477],[111.848007,-7.15741],[111.848068,-7.157252],[111.848162,-7.157013],[111.848167,-7.157001],[111.848311,-7.156645],[111.848319,-7.156641],[111.848341,-7.156633],[111.848362,-7.156632],[111.848459,-7.156675],[111.848625,-7.156746],[111.848644,-7.156755],[111.848655,-7.156759],[111.848733,-7.156789],[111.848824,-7.156826],[111.848884,-7.156864],[111.848912,-7.156884],[111.848934,-7.156918],[111.848973,-7.156967],[111.848992,-7.156981],[111.848982,-7.156987],[111.848969,-7.156985],[111.84896,-7.156984],[111.848848,-7.15713],[111.848754,-7.157275],[111.848628,-7.157484],[111.848557,-7.157647],[111.848474,-7.157814],[111.848425,-7.157792],[111.848415,-7.15779],[111.848373,-7.157868],[111.848326,-7.157945],[111.847942,-7.157785],[111.847927,-7.157787],[111.847921,-7.157793],[111.847822,-7.158107],[111.847819,-7.158124],[111.847819,-7.158134],[111.848025,-7.158213],[111.848049,-7.158227],[111.8479,-7.158511],[111.847905,-7.158529],[111.84793,-7.15855],[111.848436,-7.158875],[111.848457,-7.15888],[111.84887,-7.15915],[111.84888,-7.159147],[111.848886,-7.159138],[111.848897,-7.159116],[111.848935,-7.159058],[111.848945,-7.159043],[111.849007,-7.159077],[111.849049,-7.159075],[111.849083,-7.159083],[111.849099,-7.159106],[111.849066,-7.159159],[111.849122,-7.159195],[111.849132,-7.159193],[111.849142,-7.159191],[111.849176,-7.15918],[111.849186,-7.159183],[111.849189,-7.15919],[111.849186,-7.159219],[111.849208,-7.15923],[111.849385,-7.159315],[111.849427,-7.15932],[111.849476,-7.159372],[111.849322,-7.159583],[111.848995,-7.159366],[111.847692,-7.158498],[111.847691,-7.158494],[111.847688,-7.158465]],[[111.848869,-7.156894],[111.848836,-7.156869],[111.848753,-7.156835],[111.848636,-7.156772],[111.848613,-7.156771],[111.848608,-7.156776],[111.848505,-7.156972],[111.848495,-7.156991],[111.848499,-7.156999],[111.848715,-7.157113],[111.848761,-7.157131],[111.84878,-7.15711],[111.848874,-7.156972],[111.848889,-7.156949],[111.848889,-7.156919],[111.848869,-7.156894]],[[111.848648,-7.157197],[111.848189,-7.157014],[111.848088,-7.157261],[111.848082,-7.157273],[111.848084,-7.157283],[111.848099,-7.1573],[111.848297,-7.157388],[111.848543,-7.157484],[111.848563,-7.157486],[111.848588,-7.157456],[111.848631,-7.157365],[111.848649,-7.157312],[111.848658,-7.157277],[111.848671,-7.157242],[111.848678,-7.157216],[111.848648,-7.157197]]]]}},{"type":"Feature","properties":{"GM_LAYER":"Unknown Area Type","LAYER":"Unknown Area Type","MAP_NAME":"AR_Pemukiman.shp","id":null,"LUAS":"25217","PERIMETER":"1.494 km","ENCLOSED_A":"3.257 ha","LENGTH":null,"WIDTH":null,"ISLAND_ARE":null},"geometry":{"type":"MultiPolygon","coordinates":[[[[111.843742,-7.155933],[111.843804,-7.155866],[111.843845,-7.155843],[111.843927,-7.155796],[111.843983,-7.155785],[111.844066,-7.155768],[111.844066,-7.155768],[111.844127,-7.155775],[111.844207,-7.155785],[111.844207,-7.155785],[111.844264,-7.155811],[111.844336,-7.155844],[111.844336,-7.155844],[111.844336,-7.155844],[111.844365,-7.155863],[111.844408,-7.155892],[111.84447,-7.155933],[111.844578,-7.156004],[111.844585,-7.156009],[111.844553,-7.156093],[111.844818,-7.156225],[111.844866,-7.156125],[111.844892,-7.15614],[111.844899,-7.156145],[111.844899,-7.156145],[111.844901,-7.156146],[111.84512,-7.156279],[111.845242,-7.156343],[111.845266,-7.156354],[111.845291,-7.156367],[111.845357,-7.1564],[111.845359,-7.1564],[111.845425,-7.156433],[111.845427,-7.156435],[111.845429,-7.156436],[111.845431,-7.156437],[111.845477,-7.15646],[111.845522,-7.156517],[111.845544,-7.156548],[111.845571,-7.156562],[111.845579,-7.156577],[111.84578,-7.156637],[111.845916,-7.156723],[111.845916,-7.156728],[111.845918,-7.156736],[111.84605,-7.156807],[111.846286,-7.156955],[111.846285,-7.156962],[111.846272,-7.157003],[111.84627,-7.157007],[111.846272,-7.157009],[111.84686,-7.157277],[111.846862,-7.157308],[111.847179,-7.157422],[111.847236,-7.157317],[111.847264,-7.157229],[111.847317,-7.157061],[111.84733,-7.156998],[111.847358,-7.156919],[111.847377,-7.15689],[111.847397,-7.15689],[111.847411,-7.156893],[111.847419,-7.156908],[111.847341,-7.157211],[111.847357,-7.15723],[111.847403,-7.15725],[111.847704,-7.157345],[111.84772,-7.157333],[111.84773,-7.157306],[111.847733,-7.157288],[111.847735,-7.157278],[111.847747,-7.15727],[111.847756,-7.157263],[111.847758,-7.157253],[111.847763,-7.157239],[111.84777,-7.157227],[111.847781,-7.15722],[111.847797,-7.157216],[111.847809,-7.157214],[111.847878,-7.157083],[111.847881,-7.15707],[111.847872,-7.157059],[111.847834,-7.15704],[111.847783,-7.157018],[111.847781,-7.157016],[111.84778,-7.157008],[111.847849,-7.156729],[111.847861,-7.156698],[111.847872,-7.156678],[111.847879,-7.156677],[111.84817,-7.156813],[111.848176,-7.156813],[111.848179,-7.156808],[111.848267,-7.156578],[111.848285,-7.156582],[111.848241,-7.156693],[111.848172,-7.156861],[111.848006,-7.157282],[111.847922,-7.157525],[111.847817,-7.157868],[111.847703,-7.158248],[111.847642,-7.158416],[111.847625,-7.158425],[111.847608,-7.158428],[111.847592,-7.158429],[111.845145,-7.156831],[111.844044,-7.156132],[111.843742,-7.155933]]]]}},{"type":"Feature","properties":{"GM_LAYER":"Unknown Area Type","LAYER":"Unknown Area Type","MAP_NAME":"AR_Pemukiman.shp","id":null,"LUAS":"571","PERIMETER":"95.332 m","ENCLOSED_A":"0.0571 ha","LENGTH":null,"WIDTH":null,"ISLAND_ARE":null},"geometry":{"type":"MultiPolygon","coordinates":[[[[111.852512,-7.20411],[111.852546,-7.20388],[111.852755,-7.203912],[111.852732,-7.204108],[111.85272,-7.204115],[111.852512,-7.20411]]]]}},{"type":"Feature","properties":{"GM_LAYER":"Unknown Area Type","LAYER":"Unknown Area Type","MAP_NAME":"AR_Pemukiman.shp","id":null,"LUAS":"10287,","PERIMETER":"263.27 m","ENCLOSED_A":"0.1202 ha","LENGTH":null,"WIDTH":null,"ISLAND_ARE":null},"geometry":{"type":"MultiPolygon","coordinates":[[[[111.851199,-7.20354],[111.851248,-7.203544],[111.851546,-7.203711],[111.851248,-7.203544],[111.851925,-7.2036],[111.851925,-7.2036],[111.851935,-7.203601],[111.851904,-7.203687],[111.851876,-7.203753],[111.851855,-7.203789],[111.851834,-7.203822],[111.851822,-7.203835],[111.851813,-7.20384],[111.851802,-7.203844],[111.851788,-7.203844],[111.851534,-7.203709],[111.851199,-7.20354]]]]}},{"type":"Feature","properties":{"GM_LAYER":"Unknown Area Type","LAYER":"Unknown Area Type","MAP_NAME":"AR_Pemukiman.shp","id":null,"LUAS":"12523,,506,","PERIMETER":"1.054 km","ENCLOSED_A":"1.549 ha","LENGTH":null,"WIDTH":null,"ISLAND_ARE":null},"geometry":{"type":"MultiPolygon","coordinates":[[[[111.851515,-7.20374],[111.8518,-7.203895],[111.851533,-7.204377],[111.851424,-7.204578],[111.851354,-7.204673],[111.851318,-7.20471],[111.851297,-7.204731],[111.851245,-7.204776],[111.851197,-7.204821],[111.85117,-7.204853],[111.851142,-7.204906],[111.851139,-7.204923],[111.851141,-7.204937],[111.851145,-7.204967],[111.851145,-7.204988],[111.851138,-7.204987],[111.851136,-7.204933],[111.851138,-7.204901],[111.850913,-7.204782],[111.850994,-7.204645],[111.851194,-7.204755],[111.851252,-7.204759],[111.851348,-7.204669],[111.851375,-7.204634],[111.851401,-7.204596],[111.851285,-7.204545],[111.851266,-7.204586],[111.851165,-7.204542],[111.851012,-7.204497],[111.850972,-7.204474],[111.851044,-7.204343],[111.850903,-7.2042],[111.850878,-7.20426],[111.850834,-7.204245],[111.850843,-7.204218],[111.850785,-7.204197],[111.850804,-7.204127],[111.850656,-7.204096],[111.850644,-7.204146],[111.850593,-7.204134],[111.850556,-7.204287],[111.850423,-7.204255],[111.850412,-7.204307],[111.850291,-7.204284],[111.850196,-7.204517],[111.850597,-7.204631],[111.850561,-7.204745],[111.850815,-7.204805],[111.850797,-7.204895],[111.850897,-7.20493],[111.85092,-7.204859],[111.850999,-7.204887],[111.850972,-7.204962],[111.850973,-7.204958],[111.851046,-7.204985],[111.850429,-7.204966],[111.85006,-7.204847],[111.850101,-7.204741],[111.850159,-7.204604],[111.850194,-7.204513],[111.85022,-7.204443],[111.850245,-7.204383],[111.850276,-7.204305],[111.850295,-7.204245],[111.850321,-7.204169],[111.850374,-7.20398],[111.850433,-7.203775],[111.850494,-7.203576],[111.850521,-7.203484],[111.850529,-7.203484],[111.850529,-7.203484],[111.851079,-7.20353],[111.851079,-7.20353],[111.8511,-7.203532],[111.851387,-7.203675],[111.851515,-7.20374]]]]}},{"type":"Feature","properties":{"GM_LAYER":"Unknown Area Type","LAYER":"Unknown Area Type","MAP_NAME":"AR_Pemukiman.shp","id":null,"LUAS":"4178","PERIMETER":"119.88 m","ENCLOSED_A":"0.0813 ha","LENGTH":null,"WIDTH":null,"ISLAND_ARE":null},"geometry":{"type":"MultiPolygon","coordinates":[[[[111.848454,-7.204907],[111.848554,-7.204548],[111.848734,-7.2046],[111.848654,-7.204913],[111.848454,-7.204907]]]]}},{"type":"Feature","properties":{"GM_LAYER":"Unknown Area Type","LAYER":"Unknown Area Type","MAP_NAME":"AR_Pemukiman.shp","id":null,"LUAS":"371","PERIMETER":"80.827 m","ENCLOSED_A":"0.03707 ha","LENGTH":null,"WIDTH":null,"ISLAND_ARE":null},"geometry":{"type":"MultiPolygon","coordinates":[[[[111.853948,-7.208101],[111.85394,-7.208099],[111.854027,-7.207991],[111.854039,-7.208],[111.854042,-7.208012],[111.854207,-7.208109],[111.85421,-7.208113],[111.854211,-7.208124],[111.85415,-7.208218],[111.854143,-7.208221],[111.854131,-7.208219],[111.853948,-7.208101]]]]}},{"type":"Feature","properties":{"GM_LAYER":"Unknown Area Type","LAYER":"Unknown Area Type","MAP_NAME":"AR_Pemukiman.shp","id":null,"LUAS":"12436","PERIMETER":"232.83 m","ENCLOSED_A":"0.1507 ha","LENGTH":null,"WIDTH":null,"ISLAND_ARE":null},"geometry":{"type":"MultiPolygon","coordinates":[[[[111.843555,-7.206311],[111.843591,-7.206233],[111.843625,-7.206204],[111.843952,-7.206334],[111.843995,-7.206352],[111.844005,-7.20632],[111.844089,-7.206347],[111.844084,-7.206365],[111.844173,-7.206396],[111.844258,-7.206467],[111.844431,-7.20651],[111.844392,-7.206654],[111.843652,-7.206354],[111.843645,-7.206351],[111.843641,-7.206349],[111.843634,-7.206346],[111.843555,-7.206311]]]]}},{"type":"Feature","properties":{"GM_LAYER":"Unknown Area Type","LAYER":"Unknown Area Type","MAP_NAME":"AR_Pemukiman.shp","id":null,"LUAS":"12436","PERIMETER":"146.65 m","ENCLOSED_A":"0.0966 ha","LENGTH":null,"WIDTH":null,"ISLAND_ARE":null},"geometry":{"type":"MultiPolygon","coordinates":[[[[111.84446,-7.206682],[111.844465,-7.206668],[111.84455,-7.206698],[111.84461,-7.206516],[111.84494,-7.206625],[111.844892,-7.206843],[111.844554,-7.20672],[111.844547,-7.206717],[111.844543,-7.206716],[111.844536,-7.206713],[111.84446,-7.206682]]]]}},{"type":"Feature","properties":{"GM_LAYER":"Unknown Area Type","LAYER":"Unknown Area Type","MAP_NAME":"AR_Pemukiman.shp","id":null,"LUAS":"5040","PERIMETER":"268.6 m","ENCLOSED_A":"0.3692 ha","LENGTH":null,"WIDTH":null,"ISLAND_ARE":null},"geometry":{"type":"MultiPolygon","coordinates":[[[[111.8524,-7.209858],[111.852391,-7.209856],[111.852503,-7.209462],[111.852535,-7.209398],[111.852569,-7.209354],[111.853076,-7.209161],[111.853033,-7.209212],[111.853032,-7.209218],[111.853036,-7.209224],[111.853096,-7.209252],[111.8531,-7.209256],[111.853023,-7.209403],[111.853012,-7.209454],[111.853018,-7.209468],[111.853027,-7.209477],[111.853028,-7.20949],[111.853023,-7.20951],[111.853009,-7.209525],[111.852981,-7.209538],[111.852964,-7.209548],[111.852948,-7.209564],[111.852837,-7.20979],[111.852774,-7.209951],[111.852769,-7.209956],[111.852676,-7.20993],[111.852676,-7.20993],[111.852674,-7.209929],[111.852417,-7.209854],[111.8524,-7.209858]]]]}},{"type":"Feature","properties":{"GM_LAYER":"Unknown Area Type","LAYER":"Unknown Area Type","MAP_NAME":"AR_Pemukiman.shp","id":null,"LUAS":"5040","PERIMETER":"97.757 m","ENCLOSED_A":"0.0392 ha","LENGTH":null,"WIDTH":null,"ISLAND_ARE":null},"geometry":{"type":"MultiPolygon","coordinates":[[[[111.852906,-7.209038],[111.853115,-7.208866],[111.853125,-7.208871],[111.853127,-7.208879],[111.853286,-7.208992],[111.853289,-7.208999],[111.853286,-7.209006],[111.853277,-7.209016],[111.852906,-7.209038]]]]}},{"type":"Feature","properties":{"GM_LAYER":"Unknown Area Type","LAYER":"Unknown Area Type","MAP_NAME":"AR_Pemukiman.shp","id":null,"LUAS":"5040","PERIMETER":"14.858 m","ENCLOSED_A":"0.000808 ha","LENGTH":null,"WIDTH":null,"ISLAND_ARE":null},"geometry":{"type":"MultiPolygon","coordinates":[[[[111.853154,-7.209147],[111.853135,-7.209139],[111.853193,-7.209119],[111.85317,-7.209147],[111.853164,-7.20915],[111.853154,-7.209147]]]]}},{"type":"Feature","properties":{"GM_LAYER":"Unknown Area Type","LAYER":"Unknown Area Type","MAP_NAME":"AR_Pemukiman.shp","id":null,"LUAS":"8955","PERIMETER":"69.319 m","ENCLOSED_A":"0.01502 ha","LENGTH":null,"WIDTH":null,"ISLAND_ARE":null},"geometry":{"type":"MultiPolygon","coordinates":[[[[111.880447,-7.211691],[111.880438,-7.21169],[111.880461,-7.211593],[111.880463,-7.211595],[111.880469,-7.2116],[111.88068,-7.21176],[111.880447,-7.211691]]]]}},{"type":"Feature","properties":{"GM_LAYER":"Unknown Area Type","LAYER":"Unknown Area Type","MAP_NAME":"AR_Pemukiman.shp","id":null,"LUAS":"8955","PERIMETER":"113.42 m","ENCLOSED_A":"0.04953 ha","LENGTH":null,"WIDTH":null,"ISLAND_ARE":null},"geometry":{"type":"MultiPolygon","coordinates":[[[[111.880613,-7.211979],[111.880593,-7.211957],[111.880654,-7.211878],[111.880685,-7.211837],[111.880717,-7.211801],[111.880719,-7.211793],[111.880719,-7.211789],[111.88093,-7.211939],[111.880937,-7.211944],[111.881025,-7.212002],[111.88098,-7.211997],[111.880948,-7.211995],[111.880808,-7.211985],[111.880725,-7.211979],[111.880689,-7.211976],[111.88065,-7.211973],[111.880636,-7.211973],[111.880625,-7.211975],[111.880613,-7.211979]]]]}},{"type":"Feature","properties":{"GM_LAYER":"Unknown Area Type","LAYER":"Unknown Area Type","MAP_NAME":"AR_Pemukiman.shp","id":null,"LUAS":"9221","PERIMETER":"421.96 m","ENCLOSED_A":"0.8 ha","LENGTH":null,"WIDTH":null,"ISLAND_ARE":null},"geometry":{"type":"MultiPolygon","coordinates":[[[[111.859431,-7.205657],[111.859434,-7.205641],[111.859497,-7.205338],[111.859671,-7.204648],[111.859677,-7.204647],[111.859684,-7.204648],[111.859813,-7.204684],[111.859831,-7.204682],[111.859942,-7.204689],[111.860002,-7.204699],[111.860286,-7.204797],[111.860525,-7.204877],[111.860549,-7.204884],[111.860526,-7.204972],[111.860521,-7.204979],[111.860512,-7.204983],[111.860263,-7.204918],[111.860252,-7.204915],[111.86024,-7.204918],[111.860236,-7.204926],[111.860189,-7.205214],[111.860184,-7.205219],[111.860178,-7.20522],[111.860168,-7.205218],[111.860152,-7.205216],[111.860148,-7.205221],[111.860146,-7.205225],[111.860062,-7.20571],[111.859431,-7.205657]]]]}},{"type":"Feature","properties":{"GM_LAYER":"Unknown Area Type","LAYER":"Unknown Area Type","MAP_NAME":"AR_Pemukiman.shp","id":null,"LUAS":"4528","PERIMETER":"253.53 m","ENCLOSED_A":"0.2173 ha","LENGTH":null,"WIDTH":null,"ISLAND_ARE":null},"geometry":{"type":"MultiPolygon","coordinates":[[[[111.85968,-7.20463],[111.859677,-7.204624],[111.859744,-7.204364],[111.859762,-7.204299],[111.860251,-7.20436],[111.860247,-7.204367],[111.860212,-7.204439],[111.860134,-7.204416],[111.860082,-7.204589],[111.860283,-7.204661],[111.86038,-7.204703],[111.860348,-7.204788],[111.860344,-7.204797],[111.860223,-7.204756],[111.860009,-7.204683],[111.859945,-7.204672],[111.859834,-7.204667],[111.859813,-7.204668],[111.859686,-7.204633],[111.85968,-7.20463]]]]}},{"type":"Feature","properties":{"GM_LAYER":"Unknown Area Type","LAYER":"Unknown Area Type","MAP_NAME":"AR_Pemukiman.shp","id":null,"LUAS":"14380","PERIMETER":"47.325 m","ENCLOSED_A":"0.00507 ha","LENGTH":null,"WIDTH":null,"ISLAND_ARE":null},"geometry":{"type":"MultiPolygon","coordinates":[[[[111.858668,-7.205593],[111.85867,-7.205579],[111.858862,-7.20558],[111.858861,-7.205609],[111.858668,-7.205593]]]]}},{"type":"Feature","properties":{"GM_LAYER":"Unknown Area Type","LAYER":"Unknown Area Type","MAP_NAME":"AR_Pemukiman.shp","id":null,"LUAS":"14380","PERIMETER":"163.25 m","ENCLOSED_A":"0.136 ha","LENGTH":null,"WIDTH":null,"ISLAND_ARE":null},"geometry":{"type":"MultiPolygon","coordinates":[[[[111.859027,-7.205575],[111.859031,-7.205459],[111.859175,-7.205459],[111.859215,-7.205269],[111.859426,-7.205308],[111.85947,-7.205321],[111.859395,-7.205654],[111.859077,-7.205627],[111.859078,-7.205575],[111.859027,-7.205575]]]]}},{"type":"Feature","properties":{"GM_LAYER":"Unknown Area Type","LAYER":"Unknown Area Type","MAP_NAME":"AR_Pemukiman.shp","id":null,"LUAS":"10254,","PERIMETER":"442.61 m","ENCLOSED_A":"0.2189 ha","LENGTH":null,"WIDTH":null,"ISLAND_ARE":null},"geometry":{"type":"MultiPolygon","coordinates":[[[[111.852671,-7.205091],[111.852677,-7.205073],[111.852684,-7.205039],[111.852688,-7.205029],[111.852699,-7.205017],[111.852709,-7.205012],[111.852975,-7.205109],[111.852991,-7.205108],[111.853003,-7.205096],[111.853123,-7.205117],[111.853146,-7.205055],[111.853382,-7.205093],[111.853636,-7.205126],[111.85364,-7.205079],[111.853828,-7.205084],[111.85383,-7.205056],[111.85397,-7.205068],[111.853985,-7.20493],[111.854419,-7.20499],[111.854428,-7.204991],[111.854412,-7.205],[111.854379,-7.205015],[111.854358,-7.205028],[111.854344,-7.205044],[111.854337,-7.205068],[111.854328,-7.205105],[111.854319,-7.205145],[111.854303,-7.205228],[111.854296,-7.205227],[111.852671,-7.205091]]]]}},{"type":"Feature","properties":{"GM_LAYER":"Unknown Area Type","LAYER":"Unknown Area Type","MAP_NAME":"AR_Pemukiman.shp","id":null,"LUAS":"4412,,449,,","PERIMETER":"557.64 m","ENCLOSED_A":"0.2662 ha","LENGTH":null,"WIDTH":null,"ISLAND_ARE":null},"geometry":{"type":"MultiPolygon","coordinates":[[[[111.856294,-7.203962],[111.856318,-7.203964],[111.856285,-7.203999],[111.856223,-7.204064],[111.85608,-7.204217],[111.856057,-7.204228],[111.856027,-7.204231],[111.855995,-7.204224],[111.855954,-7.204215],[111.855899,-7.204201],[111.855846,-7.204189],[111.855769,-7.204173],[111.855702,-7.204161],[111.855594,-7.204145],[111.8555,-7.20413],[111.85543,-7.204116],[111.855362,-7.2041],[111.855335,-7.204085],[111.855305,-7.204065],[111.855278,-7.20405],[111.855247,-7.204035],[111.855206,-7.204017],[111.855169,-7.204005],[111.855128,-7.203997],[111.855088,-7.203992],[111.855042,-7.203985],[111.854974,-7.203979],[111.854919,-7.203972],[111.854869,-7.203963],[111.85483,-7.203953],[111.85476,-7.203936],[111.854684,-7.203916],[111.854547,-7.203884],[111.854513,-7.203875],[111.854426,-7.20385],[111.85435,-7.203827],[111.854247,-7.203792],[111.854296,-7.203796],[111.854331,-7.203809],[111.854474,-7.20385],[111.854857,-7.203943],[111.854864,-7.203944],[111.854866,-7.203939],[111.854877,-7.203844],[111.854984,-7.203853],[111.854984,-7.203874],[111.854975,-7.203958],[111.85498,-7.203967],[111.854985,-7.203971],[111.85514,-7.203986],[111.855146,-7.203982],[111.85515,-7.203973],[111.85515,-7.203867],[111.855907,-7.20393],[111.855908,-7.20393],[111.855981,-7.203952],[111.855991,-7.203957],[111.855993,-7.203965],[111.855948,-7.20417],[111.855947,-7.204177],[111.855954,-7.204182],[111.856047,-7.204209],[111.856058,-7.204209],[111.856068,-7.204205],[111.856082,-7.204194],[111.856294,-7.203962]]]]}},{"type":"Feature","properties":{"GM_LAYER":"Unknown Area Type","LAYER":"Unknown Area Type","MAP_NAME":"AR_Pemukiman.shp","id":null,"LUAS":"312","PERIMETER":"69.288 m","ENCLOSED_A":"0.03118 ha","LENGTH":null,"WIDTH":null,"ISLAND_ARE":null},"geometry":{"type":"MultiPolygon","coordinates":[[[[111.855747,-7.204323],[111.855745,-7.204321],[111.855777,-7.204225],[111.855784,-7.204207],[111.855931,-7.204246],[111.855952,-7.204258],[111.855965,-7.20427],[111.855972,-7.204285],[111.855972,-7.204299],[111.855959,-7.204315],[111.85588,-7.204389],[111.855879,-7.204385],[111.855754,-7.204328],[111.855747,-7.204323]]]]}},{"type":"Feature","properties":{"GM_LAYER":"Unknown Area Type","LAYER":"Unknown Area Type","MAP_NAME":"AR_Pemukiman.shp","id":null,"LUAS":"6097,","PERIMETER":"185.44 m","ENCLOSED_A":"0.0262 ha","LENGTH":null,"WIDTH":null,"ISLAND_ARE":null},"geometry":{"type":"MultiPolygon","coordinates":[[[[111.854324,-7.20523],[111.854331,-7.205202],[111.854342,-7.205148],[111.854349,-7.205112],[111.854359,-7.205075],[111.854367,-7.205053],[111.854374,-7.205039],[111.854388,-7.205028],[111.854412,-7.205019],[111.854441,-7.205007],[111.854453,-7.205011],[111.854497,-7.20502],[111.854555,-7.205039],[111.854635,-7.205072],[111.854671,-7.205091],[111.854704,-7.205108],[111.854708,-7.20511],[111.854712,-7.205113],[111.854714,-7.205117],[111.854715,-7.205122],[111.854719,-7.205144],[111.854725,-7.20518],[111.854739,-7.205254],[111.854745,-7.205262],[111.854749,-7.205265],[111.854729,-7.205264],[111.854707,-7.205155],[111.854702,-7.205128],[111.854691,-7.205118],[111.854668,-7.205108],[111.854515,-7.205045],[111.854485,-7.205037],[111.854454,-7.20503],[111.854433,-7.205033],[111.854421,-7.205042],[111.854414,-7.205054],[111.854407,-7.205095],[111.854402,-7.205124],[111.854403,-7.205172],[111.854407,-7.205216],[111.85441,-7.20522],[111.854417,-7.20522],[111.85452,-7.205246],[111.854324,-7.20523]]]]}},{"type":"Feature","properties":{"GM_LAYER":"Unknown Area Type","LAYER":"Unknown Area Type","MAP_NAME":"AR_Pemukiman.shp","id":null,"LUAS":"5652,","PERIMETER":"428.79 m","ENCLOSED_A":"0.585 ha","LENGTH":null,"WIDTH":null,"ISLAND_ARE":null},"geometry":{"type":"MultiPolygon","coordinates":[[[[111.855355,-7.204117],[111.855369,-7.204121],[111.855369,-7.204121],[111.855364,-7.204152],[111.85536,-7.204157],[111.855335,-7.20423],[111.855324,-7.204232],[111.855314,-7.204238],[111.855245,-7.204506],[111.85524,-7.204515],[111.855227,-7.204515],[111.854813,-7.204412],[111.854804,-7.204412],[111.8548,-7.204419],[111.854735,-7.204708],[111.854735,-7.204713],[111.854739,-7.204717],[111.854831,-7.20474],[111.854834,-7.204741],[111.854834,-7.204744],[111.854776,-7.205014],[111.854774,-7.205054],[111.854762,-7.205098],[111.854741,-7.205169],[111.85474,-7.20516],[111.854735,-7.205134],[111.854731,-7.205114],[111.85473,-7.205104],[111.854726,-7.205098],[111.85472,-7.205094],[111.854676,-7.205073],[111.85465,-7.20506],[111.854597,-7.205037],[111.85456,-7.205022],[111.8545,-7.205001],[111.854463,-7.204993],[111.854453,-7.204989],[111.854448,-7.20498],[111.854446,-7.204971],[111.854529,-7.204568],[111.854535,-7.204534],[111.854543,-7.2045],[111.854556,-7.204468],[111.85457,-7.204443],[111.854579,-7.20443],[111.854592,-7.204414],[111.8546,-7.204407],[111.854604,-7.204403],[111.854606,-7.2044],[111.854641,-7.204292],[111.854679,-7.204007],[111.854691,-7.203958],[111.854694,-7.203951],[111.854702,-7.203946],[111.854712,-7.203943],[111.85472,-7.203944],[111.85484,-7.203975],[111.854882,-7.203985],[111.854929,-7.203992],[111.855038,-7.204005],[111.855126,-7.204018],[111.855176,-7.204028],[111.855215,-7.204042],[111.855265,-7.204066],[111.855335,-7.204108],[111.855355,-7.204117]]]]}},{"type":"Feature","properties":{"GM_LAYER":"Unknown Area Type","LAYER":"Unknown Area Type","MAP_NAME":"AR_Pemukiman.shp","id":null,"LUAS":"106584","PERIMETER":"554.09 m","ENCLOSED_A":"1.637 ha","LENGTH":null,"WIDTH":null,"ISLAND_ARE":null},"geometry":{"type":"MultiPolygon","coordinates":[[[[111.858931,-7.208706],[111.858932,-7.208509],[111.859007,-7.207676],[111.859011,-7.207602],[111.859298,-7.207637],[111.859305,-7.207638],[111.859309,-7.207639],[111.859315,-7.20764],[111.860122,-7.207764],[111.860129,-7.207765],[111.860132,-7.207766],[111.860139,-7.207767],[111.860147,-7.207768],[111.859957,-7.208874],[111.859936,-7.208889],[111.859919,-7.208892],[111.859834,-7.208885],[111.859727,-7.208866],[111.859696,-7.208859],[111.859683,-7.208862],[111.859637,-7.209176],[111.859549,-7.209175],[111.859572,-7.208968],[111.859565,-7.208945],[111.859551,-7.208929],[111.859538,-7.208923],[111.859257,-7.208917],[111.859243,-7.208914],[111.859201,-7.208881],[111.859146,-7.208842],[111.859075,-7.208799],[111.859036,-7.208788],[111.858974,-7.208761],[111.858946,-7.208742],[111.858935,-7.208726],[111.858931,-7.208706]],[[111.85961,-7.208332],[111.8596,-7.208329],[111.85933,-7.208307],[111.859324,-7.208309],[111.859321,-7.208314],[111.859237,-7.208821],[111.859238,-7.208836],[111.859253,-7.208851],[111.859276,-7.208858],[111.859421,-7.208861],[111.859458,-7.208852],[111.859484,-7.208841],[111.859497,-7.208821],[111.859513,-7.208813],[111.859522,-7.208805],[111.859526,-7.2088],[111.859618,-7.208338],[111.85961,-7.208332]]]]}},{"type":"Feature","properties":{"GM_LAYER":"Unknown Area Type","LAYER":"Unknown Area Type","MAP_NAME":"AR_Pemukiman.shp","id":null,"LUAS":"106584","PERIMETER":"108.02 m","ENCLOSED_A":"0.0763 ha","LENGTH":null,"WIDTH":null,"ISLAND_ARE":null},"geometry":{"type":"MultiPolygon","coordinates":[[[[111.859665,-7.209176],[111.859685,-7.209025],[111.859716,-7.208904],[111.859734,-7.208892],[111.859762,-7.208891],[111.859929,-7.208929],[111.859936,-7.208941],[111.85993,-7.209],[111.85989,-7.209178],[111.859665,-7.209176]]]]}},{"type":"Feature","properties":{"GM_LAYER":"Unknown Area Type","LAYER":"Unknown Area Type","MAP_NAME":"AR_Pemukiman.shp","id":null,"LUAS":"106584","PERIMETER":"1.473 km","ENCLOSED_A":"5.479 ha","LENGTH":null,"WIDTH":null,"ISLAND_ARE":null},"geometry":{"type":"MultiPolygon","coordinates":[[[[111.859926,-7.209178],[111.860169,-7.207772],[111.860941,-7.207915],[111.860948,-7.207916],[111.860951,-7.207917],[111.860958,-7.207918],[111.861415,-7.208017],[111.861379,-7.208213],[111.861361,-7.208225],[111.861325,-7.208222],[111.86107,-7.208166],[111.861064,-7.208188],[111.861366,-7.208248],[111.861372,-7.208251],[111.861373,-7.208257],[111.861264,-7.208828],[111.861261,-7.208837],[111.861252,-7.208837],[111.861143,-7.208817],[111.861136,-7.208853],[111.86164,-7.208945],[111.861797,-7.2081],[111.862168,-7.208186],[111.862168,-7.208186],[111.862821,-7.208337],[111.863084,-7.208385],[111.863091,-7.208386],[111.863095,-7.208387],[111.863103,-7.208388],[111.863703,-7.208517],[111.863706,-7.208518],[111.863708,-7.208519],[111.863712,-7.208519],[111.864057,-7.2086],[111.863981,-7.209201],[111.863902,-7.209758],[111.862944,-7.209536],[111.862423,-7.209424],[111.862287,-7.209399],[111.861699,-7.209314],[111.861622,-7.209306],[111.860502,-7.209067],[111.860477,-7.209065],[111.860469,-7.209082],[111.860454,-7.209201],[111.859926,-7.209178]]]]}},{"type":"Feature","properties":{"GM_LAYER":"Unknown Area Type","LAYER":"Unknown Area Type","MAP_NAME":"AR_Pemukiman.shp","id":null,"LUAS":null,"PERIMETER":"200.6 m","ENCLOSED_A":"0.2392 ha","LENGTH":null,"WIDTH":null,"ISLAND_ARE":null},"geometry":{"type":"MultiPolygon","coordinates":[[[[111.811372,-7.142447],[111.811569,-7.141948],[111.811879,-7.142028],[111.811745,-7.142575],[111.811372,-7.142447]]]]}},{"type":"Feature","properties":{"GM_LAYER":"Unknown Area Type","LAYER":"Unknown Area Type","MAP_NAME":"AR_Pemukiman.shp","id":null,"LUAS":null,"PERIMETER":"563.91 m","ENCLOSED_A":"0.882 ha","LENGTH":null,"WIDTH":null,"ISLAND_ARE":null},"geometry":{"type":"MultiPolygon","coordinates":[[[[111.847909,-7.21144],[111.847936,-7.211219],[111.848055,-7.211191],[111.848334,-7.211116],[111.848611,-7.211032],[111.848884,-7.210939],[111.849154,-7.210836],[111.849425,-7.210722],[111.849748,-7.21058],[111.84971,-7.211211],[111.849296,-7.211175],[111.849274,-7.211166],[111.849265,-7.211146],[111.849269,-7.211091],[111.849263,-7.211066],[111.849251,-7.211055],[111.84903,-7.211024],[111.849016,-7.211025],[111.848945,-7.211508],[111.848431,-7.211489],[111.848297,-7.211482],[111.848098,-7.211474],[111.848058,-7.211468],[111.847909,-7.21144]]]]}},{"type":"Feature","properties":{"GM_LAYER":"Unknown Area Type","LAYER":"Unknown Area Type","MAP_NAME":"AR_Pemukiman.shp","id":null,"LUAS":null,"PERIMETER":"213.38 m","ENCLOSED_A":"0.2517 ha","LENGTH":null,"WIDTH":null,"ISLAND_ARE":null},"geometry":{"type":"MultiPolygon","coordinates":[[[[111.849773,-7.211095],[111.849762,-7.21108],[111.849793,-7.21056],[111.850077,-7.210436],[111.850063,-7.210466],[111.850054,-7.210505],[111.850052,-7.210546],[111.850055,-7.21057],[111.850073,-7.210617],[111.850118,-7.210661],[111.850141,-7.210679],[111.850159,-7.210694],[111.850181,-7.21071],[111.850113,-7.210928],[111.850065,-7.211146],[111.849786,-7.211104],[111.849779,-7.2111],[111.849773,-7.211095]]]]}},{"type":"Feature","properties":{"GM_LAYER":"Unknown Area Type","LAYER":"Unknown Area Type","MAP_NAME":"AR_Pemukiman.shp","id":null,"LUAS":null,"PERIMETER":"1.663 km","ENCLOSED_A":"4.272 ha","LENGTH":null,"WIDTH":null,"ISLAND_ARE":null},"geometry":{"type":"MultiPolygon","coordinates":[[[[111.909238,-7.181673],[111.909244,-7.181679],[111.909251,-7.181685],[111.909259,-7.181691],[111.9093,-7.181727],[111.909438,-7.181844],[111.909576,-7.181961],[111.909672,-7.182042],[111.909699,-7.182065],[111.909791,-7.182173],[111.909845,-7.182304],[111.909853,-7.182398],[111.908858,-7.181588],[111.908683,-7.181449],[111.908448,-7.181263],[111.908331,-7.18117],[111.908212,-7.181075],[111.908095,-7.180982],[111.90792,-7.180842],[111.907733,-7.180694],[111.907515,-7.180522],[111.907399,-7.18043],[111.907281,-7.180337],[111.907224,-7.180291],[111.907044,-7.180149],[111.906931,-7.180058],[111.906817,-7.179966],[111.906699,-7.179873],[111.906524,-7.179732],[111.906409,-7.179641],[111.906235,-7.179501],[111.90612,-7.179409],[111.905891,-7.179226],[111.905776,-7.179134],[111.905657,-7.179039],[111.905498,-7.178912],[111.905386,-7.178822],[111.905246,-7.178711],[111.905135,-7.178624],[111.904988,-7.178507],[111.904841,-7.17839],[111.905161,-7.177992],[111.905265,-7.178074],[111.905337,-7.178131],[111.905338,-7.178132],[111.905345,-7.178138],[111.905347,-7.178139],[111.905355,-7.178146],[111.905356,-7.178147],[111.905411,-7.17819],[111.905552,-7.178304],[111.905592,-7.178337],[111.905593,-7.178337],[111.905596,-7.178339],[111.905641,-7.178369],[111.90565,-7.178375],[111.905652,-7.178376],[111.90571,-7.178413],[111.905721,-7.17842],[111.905727,-7.178424],[111.905757,-7.178443],[111.905772,-7.178452],[111.905774,-7.178453],[111.90579,-7.178464],[111.905836,-7.178493],[111.905838,-7.178494],[111.905839,-7.178495],[111.905855,-7.178472],[111.90611,-7.178671],[111.906993,-7.179364],[111.907217,-7.179515],[111.907486,-7.178931],[111.908005,-7.179125],[111.90763,-7.179873],[111.907848,-7.180038],[111.907849,-7.180038],[111.907849,-7.18004],[111.907852,-7.180048],[111.907854,-7.180054],[111.907857,-7.180061],[111.90786,-7.180067],[111.907879,-7.180091],[111.90788,-7.180092],[111.907886,-7.180098],[111.907887,-7.180099],[111.907888,-7.1801],[111.907893,-7.180105],[111.907898,-7.180109],[111.907902,-7.180113],[111.90791,-7.18012],[111.907913,-7.180122],[111.90792,-7.180129],[111.907923,-7.180131],[111.907926,-7.180133],[111.907938,-7.180143],[111.907957,-7.180158],[111.908065,-7.180245],[111.908348,-7.18047],[111.908472,-7.18057],[111.908493,-7.180581],[111.908493,-7.180581],[111.908508,-7.180599],[111.908526,-7.180614],[111.908547,-7.180633],[111.908557,-7.180641],[111.908565,-7.180648],[111.908574,-7.180656],[111.908601,-7.180682],[111.908601,-7.180682],[111.908621,-7.180701],[111.908628,-7.180708],[111.908635,-7.180715],[111.908642,-7.180723],[111.908688,-7.18077],[111.908693,-7.180775],[111.908697,-7.18078],[111.908702,-7.180785],[111.908718,-7.180803],[111.908748,-7.180836],[111.908751,-7.180839],[111.908754,-7.180843],[111.908756,-7.180846],[111.908803,-7.180899],[111.908805,-7.180901],[111.908845,-7.180949],[111.908852,-7.180957],[111.908859,-7.180964],[111.908897,-7.181008],[111.9089,-7.181011],[111.90893,-7.181045],[111.908938,-7.181053],[111.908943,-7.181058],[111.908949,-7.181065],[111.908976,-7.181093],[111.908983,-7.1811],[111.909012,-7.181127],[111.909021,-7.181136],[111.909044,-7.181155],[111.909053,-7.181162],[111.909061,-7.181169],[111.909088,-7.18119],[111.909184,-7.181294],[111.909234,-7.181402],[111.909243,-7.181422],[111.90926,-7.181563],[111.909238,-7.181673]]]]}},{"type":"Feature","properties":{"GM_LAYER":"Unknown Area Type","LAYER":"Unknown Area Type","MAP_NAME":"AR_Pemukiman.shp","id":null,"LUAS":null,"PERIMETER":"197.49 m","ENCLOSED_A":"0.0516 ha","LENGTH":null,"WIDTH":null,"ISLAND_ARE":null},"geometry":{"type":"MultiPolygon","coordinates":[[[[111.83472,-7.15182],[111.834645,-7.15174],[111.835018,-7.151014],[111.83472,-7.15182]]]]}},{"type":"Feature","properties":{"GM_LAYER":"Unknown Area Type","LAYER":"Unknown Area Type","MAP_NAME":"AR_Pemukiman.shp","id":null,"LUAS":null,"PERIMETER":"813.24 m","ENCLOSED_A":"1.952 ha","LENGTH":null,"WIDTH":null,"ISLAND_ARE":null},"geometry":{"type":"MultiPolygon","coordinates":[[[[111.947451,-7.19548],[111.947452,-7.195447],[111.947451,-7.195507],[111.945613,-7.195796],[111.945421,-7.195426],[111.945347,-7.195296],[111.945377,-7.195291],[111.945393,-7.195288],[111.94542,-7.195284],[111.94549,-7.195271],[111.94552,-7.195266],[111.945523,-7.195266],[111.945555,-7.195261],[111.945558,-7.19526],[111.945589,-7.195255],[111.945591,-7.195255],[111.945605,-7.195253],[111.945622,-7.19525],[111.945624,-7.19525],[111.945655,-7.195245],[111.945656,-7.195245],[111.945667,-7.195243],[111.945675,-7.195242],[111.945687,-7.19524],[111.945718,-7.195236],[111.945747,-7.195231],[111.945776,-7.195226],[111.945783,-7.195225],[111.945805,-7.195222],[111.945834,-7.195217],[111.945956,-7.195196],[111.946135,-7.195165],[111.946314,-7.195135],[111.946492,-7.195104],[111.946571,-7.195091],[111.946572,-7.19509],[111.946575,-7.19509],[111.946577,-7.19509],[111.946674,-7.195074],[111.946763,-7.195059],[111.946789,-7.19505],[111.946789,-7.19505],[111.946818,-7.195047],[111.946879,-7.195042],[111.946885,-7.195041],[111.946937,-7.195035],[111.946952,-7.195034],[111.946958,-7.195033],[111.946964,-7.195032],[111.946969,-7.195032],[111.947038,-7.195026],[111.947043,-7.195026],[111.947047,-7.195025],[111.947051,-7.195025],[111.947122,-7.19502],[111.947124,-7.19502],[111.947127,-7.19502],[111.947129,-7.19502],[111.947144,-7.195019],[111.947201,-7.195016],[111.947203,-7.195016],[111.947277,-7.195012],[111.947326,-7.195009],[111.947339,-7.195009],[111.947347,-7.195008],[111.947349,-7.195008],[111.94741,-7.195004],[111.947413,-7.195004],[111.947418,-7.195004],[111.947476,-7.194999],[111.947482,-7.194998],[111.947504,-7.194995],[111.947519,-7.194994],[111.947535,-7.194992],[111.947543,-7.194991],[111.947581,-7.194985],[111.947598,-7.194983],[111.947603,-7.194982],[111.947636,-7.194976],[111.948142,-7.194891],[111.948178,-7.194885],[111.948319,-7.194884],[111.948454,-7.194926],[111.94857,-7.195009],[111.948654,-7.195122],[111.948699,-7.195256],[111.948699,-7.195258],[111.94861,-7.195272],[111.948574,-7.195293],[111.947451,-7.19548]]]]}},{"type":"Feature","properties":{"GM_LAYER":"Unknown Area Type","LAYER":"Unknown Area Type","MAP_NAME":"AR_Pemukiman.shp","id":null,"LUAS":null,"PERIMETER":"467.05 m","ENCLOSED_A":"0.4982 ha","LENGTH":null,"WIDTH":null,"ISLAND_ARE":null},"geometry":{"type":"MultiPolygon","coordinates":[[[[111.904391,-7.177391],[111.904402,-7.177399],[111.904402,-7.177399],[111.904533,-7.177503],[111.904568,-7.177531],[111.904568,-7.177532],[111.904572,-7.177534],[111.904576,-7.177537],[111.904611,-7.177563],[111.904613,-7.177565],[111.904616,-7.177567],[111.904618,-7.177569],[111.904622,-7.177572],[111.904623,-7.177573],[111.90469,-7.177624],[111.904833,-7.177735],[111.904894,-7.177782],[111.904895,-7.177783],[111.904897,-7.177785],[111.904898,-7.177786],[111.904978,-7.177848],[111.905004,-7.177868],[111.904973,-7.177941],[111.904738,-7.178273],[111.904156,-7.177795],[111.904735,-7.178271],[111.904716,-7.17829],[111.904135,-7.177826],[111.904322,-7.177364],[111.904324,-7.177368],[111.90431,-7.177409],[111.904332,-7.177343],[111.904391,-7.177391]]]]}},{"type":"Feature","properties":{"GM_LAYER":"Unknown Area Type","LAYER":"Unknown Area Type","MAP_NAME":"AR_Pemukiman.shp","id":null,"LUAS":null,"PERIMETER":"190.3 m","ENCLOSED_A":"0.2325 ha","LENGTH":null,"WIDTH":null,"ISLAND_ARE":null},"geometry":{"type":"MultiPolygon","coordinates":[[[[111.812034,-7.140808],[111.812022,-7.140805],[111.812147,-7.140488],[111.812182,-7.140455],[111.812203,-7.140415],[111.812448,-7.140458],[111.812515,-7.140477],[111.812587,-7.140536],[111.812536,-7.140888],[111.812034,-7.140808]]]]}},{"type":"Feature","properties":{"GM_LAYER":"Unknown Area Type","LAYER":"Unknown Area Type","MAP_NAME":"AR_Pemukiman.shp","id":null,"LUAS":null,"PERIMETER":"172.1 m","ENCLOSED_A":"0.1704 ha","LENGTH":null,"WIDTH":null,"ISLAND_ARE":null},"geometry":{"type":"MultiPolygon","coordinates":[[[[111.978971,-7.201889],[111.979012,-7.201379],[111.979117,-7.20138],[111.979238,-7.201394],[111.979279,-7.201404],[111.979294,-7.201465],[111.979273,-7.201609],[111.979254,-7.201757],[111.979265,-7.201881],[111.979148,-7.201883],[111.97905,-7.201884],[111.978971,-7.201889]]]]}},{"type":"Feature","properties":{"GM_LAYER":"Unknown Area Type","LAYER":"Unknown Area Type","MAP_NAME":"AR_Pemukiman.shp","id":null,"LUAS":null,"PERIMETER":"272.73 m","ENCLOSED_A":"0.3875 ha","LENGTH":null,"WIDTH":null,"ISLAND_ARE":null},"geometry":{"type":"MultiPolygon","coordinates":[[[[111.905021,-7.179921],[111.905191,-7.179713],[111.905073,-7.179618],[111.905215,-7.179381],[111.905765,-7.17986],[111.905534,-7.180196],[111.905419,-7.180119],[111.905379,-7.180165],[111.905021,-7.179921]]]]}},{"type":"Feature","properties":{"GM_LAYER":"Unknown Area Type","LAYER":"Unknown Area Type","MAP_NAME":"AR_Pemukiman.shp","id":null,"LUAS":null,"PERIMETER":"210.36 m","ENCLOSED_A":"0.2124 ha","LENGTH":null,"WIDTH":null,"ISLAND_ARE":null},"geometry":{"type":"MultiPolygon","coordinates":[[[[111.844548,-7.208743],[111.844704,-7.208221],[111.844718,-7.208217],[111.845125,-7.208379],[111.844989,-7.208615],[111.844848,-7.208557],[111.844751,-7.208806],[111.844548,-7.208743]]]]}},{"type":"Feature","properties":{"GM_LAYER":"Unknown Area Type","LAYER":"Unknown Area Type","MAP_NAME":"AR_Pemukiman.shp","id":null,"LUAS":null,"PERIMETER":"139.86 m","ENCLOSED_A":"0.0995 ha","LENGTH":null,"WIDTH":null,"ISLAND_ARE":null},"geometry":{"type":"MultiPolygon","coordinates":[[[[111.835536,-7.152143],[111.835544,-7.152099],[111.835693,-7.151743],[111.835706,-7.15173],[111.835714,-7.151721],[111.835726,-7.151716],[111.835736,-7.151715],[111.835747,-7.151718],[111.835756,-7.151731],[111.83576,-7.151746],[111.835764,-7.151763],[111.835778,-7.151778],[111.835884,-7.151826],[111.835695,-7.152192],[111.835562,-7.152135],[111.835547,-7.152136],[111.835536,-7.152143]]]]}},{"type":"Feature","properties":{"GM_LAYER":"Unknown Area Type","LAYER":"Unknown Area Type","MAP_NAME":"AR_Pemukiman.shp","id":null,"LUAS":null,"PERIMETER":"479.27 m","ENCLOSED_A":"0.78 ha","LENGTH":null,"WIDTH":null,"ISLAND_ARE":null},"geometry":{"type":"MultiPolygon","coordinates":[[[[111.9734,-7.209452],[111.97343,-7.209245],[111.973427,-7.209245],[111.973456,-7.209234],[111.973458,-7.209234],[111.973461,-7.209232],[111.973728,-7.209128],[111.973733,-7.209126],[111.973996,-7.209013],[111.974002,-7.209011],[111.97426,-7.208888],[111.974264,-7.208887],[111.974266,-7.208886],[111.97435,-7.208843],[111.974343,-7.208894],[111.974322,-7.209034],[111.974275,-7.20939],[111.97424,-7.209628],[111.974211,-7.209865],[111.974179,-7.210094],[111.974168,-7.21018],[111.974166,-7.210181],[111.974163,-7.210182],[111.974155,-7.210185],[111.973865,-7.210298],[111.973858,-7.210301],[111.973854,-7.210303],[111.973847,-7.210305],[111.973777,-7.21033],[111.973772,-7.210303],[111.973762,-7.210231],[111.973778,-7.210161],[111.973834,-7.21009],[111.973895,-7.210038],[111.973893,-7.209996],[111.973855,-7.209938],[111.973879,-7.209883],[111.973931,-7.209807],[111.973935,-7.20969],[111.97389,-7.209594],[111.973795,-7.209523],[111.9734,-7.209452]]]]}},{"type":"Feature","properties":{"GM_LAYER":"Unknown Area Type","LAYER":"Unknown Area Type","MAP_NAME":"AR_Pemukiman.shp","id":null,"LUAS":null,"PERIMETER":"499.14 m","ENCLOSED_A":"1.328 ha","LENGTH":null,"WIDTH":null,"ISLAND_ARE":null},"geometry":{"type":"MultiPolygon","coordinates":[[[[111.967781,-7.211418],[111.967821,-7.211344],[111.967867,-7.211261],[111.967868,-7.21126],[111.967919,-7.211138],[111.96792,-7.211137],[111.967962,-7.211017],[111.967962,-7.211016],[111.968004,-7.210863],[111.968079,-7.210538],[111.968144,-7.210217],[111.968146,-7.210211],[111.968765,-7.210119],[111.968778,-7.210119],[111.968781,-7.210116],[111.969111,-7.210067],[111.969122,-7.210142],[111.969103,-7.210272],[111.969016,-7.210415],[111.968829,-7.211002],[111.968779,-7.211269],[111.968196,-7.211356],[111.967781,-7.211418]]]]}},{"type":"Feature","properties":{"GM_LAYER":"Unknown Area Type","LAYER":"Unknown Area Type","MAP_NAME":"AR_Pemukiman.shp","id":null,"LUAS":null,"PERIMETER":"528.77 m","ENCLOSED_A":"1.085 ha","LENGTH":null,"WIDTH":null,"ISLAND_ARE":null},"geometry":{"type":"MultiPolygon","coordinates":[[[[111.849997,-7.16003],[111.850028,-7.160004],[111.850346,-7.159734],[111.850368,-7.159719],[111.851642,-7.16057],[111.851654,-7.160578],[111.851655,-7.160578],[111.851657,-7.16058],[111.851692,-7.160606],[111.851738,-7.160649],[111.851753,-7.160668],[111.851759,-7.160673],[111.851763,-7.16068],[111.851778,-7.160698],[111.85181,-7.160753],[111.851825,-7.160789],[111.851829,-7.160796],[111.85183,-7.160801],[111.851834,-7.160811],[111.85185,-7.160872],[111.851857,-7.160933],[111.851858,-7.160935],[111.851857,-7.160936],[111.851857,-7.160962],[111.851747,-7.161123],[111.851718,-7.16116],[111.851502,-7.16102],[111.85126,-7.160858],[111.850977,-7.160673],[111.85069,-7.160485],[111.850173,-7.160149],[111.849997,-7.16003]]]]}},{"type":"Feature","properties":{"GM_LAYER":"Unknown Area Type","LAYER":"Unknown Area Type","MAP_NAME":"AR_Pemukiman.shp","id":null,"LUAS":null,"PERIMETER":"176.39 m","ENCLOSED_A":"0.1687 ha","LENGTH":null,"WIDTH":null,"ISLAND_ARE":null},"geometry":{"type":"MultiPolygon","coordinates":[[[[111.979778,-7.201871],[111.979777,-7.201751],[111.979788,-7.201618],[111.979777,-7.201425],[111.979896,-7.201414],[111.979924,-7.201455],[111.979975,-7.201492],[111.980029,-7.201524],[111.980081,-7.201545],[111.980125,-7.201537],[111.980143,-7.201501],[111.980147,-7.201498],[111.980118,-7.201865],[111.980102,-7.201866],[111.97997,-7.201872],[111.979778,-7.201871]]]]}},{"type":"Feature","properties":{"GM_LAYER":"Unknown Area Type","LAYER":"Unknown Area Type","MAP_NAME":"AR_Pemukiman.shp","id":null,"LUAS":null,"PERIMETER":"51.402 m","ENCLOSED_A":"0.01459 ha","LENGTH":null,"WIDTH":null,"ISLAND_ARE":null},"geometry":{"type":"MultiPolygon","coordinates":[[[[111.83388,-7.153229],[111.833952,-7.153089],[111.834014,-7.153115],[111.833962,-7.15326],[111.83388,-7.153229]]]]}},{"type":"Feature","properties":{"GM_LAYER":"Unknown Area Type","LAYER":"Unknown Area Type","MAP_NAME":"AR_Pemukiman.shp","id":null,"LUAS":"4873","PERIMETER":"306.53 m","ENCLOSED_A":"0.1715 ha","LENGTH":null,"WIDTH":null,"ISLAND_ARE":null},"geometry":{"type":"MultiPolygon","coordinates":[[[[111.866281,-7.205512],[111.866283,-7.205437],[111.866347,-7.205192],[111.866483,-7.205209],[111.866483,-7.20521],[111.866477,-7.205251],[111.866468,-7.205294],[111.866442,-7.20536],[111.866391,-7.205473],[111.866386,-7.205489],[111.866388,-7.205505],[111.866413,-7.205526],[111.866634,-7.205641],[111.866643,-7.205641],[111.866653,-7.205634],[111.866751,-7.205415],[111.866766,-7.20538],[111.866776,-7.205314],[111.866788,-7.205248],[111.866949,-7.205268],[111.866951,-7.205305],[111.86694,-7.205353],[111.866875,-7.205494],[111.866824,-7.205597],[111.866792,-7.205679],[111.866776,-7.205713],[111.866765,-7.205737],[111.866742,-7.205765],[111.866706,-7.205783],[111.866657,-7.205784],[111.86662,-7.205774],[111.866605,-7.205741],[111.866532,-7.205648],[111.866438,-7.20557],[111.866335,-7.205522],[111.866281,-7.205512]]]]}},{"type":"Feature","properties":{"GM_LAYER":"Unknown Area Type","LAYER":"Unknown Area Type","MAP_NAME":"AR_Pemukiman.shp","id":null,"LUAS":"3081","PERIMETER":"128.73 m","ENCLOSED_A":"0.1 ha","LENGTH":null,"WIDTH":null,"ISLAND_ARE":null},"geometry":{"type":"MultiPolygon","coordinates":[[[[111.86641,-7.205498],[111.866455,-7.205398],[111.866488,-7.205315],[111.866504,-7.205266],[111.866509,-7.205213],[111.866749,-7.205243],[111.866746,-7.205261],[111.866731,-7.205347],[111.866724,-7.205368],[111.86671,-7.205407],[111.866635,-7.205571],[111.86662,-7.205603],[111.86641,-7.205498]]]]}},{"type":"Feature","properties":{"GM_LAYER":"Unknown Area Type","LAYER":"Unknown Area Type","MAP_NAME":"AR_Pemukiman.shp","id":null,"LUAS":"8313","PERIMETER":"248.91 m","ENCLOSED_A":"0.1298 ha","LENGTH":null,"WIDTH":null,"ISLAND_ARE":null},"geometry":{"type":"MultiPolygon","coordinates":[[[[111.86406,-7.209794],[111.864081,-7.209635],[111.864549,-7.209752],[111.864525,-7.209843],[111.865001,-7.209934],[111.864989,-7.21001],[111.864798,-7.209965],[111.86406,-7.209794]]]]}},{"type":"Feature","properties":{"GM_LAYER":"Unknown Area Type","LAYER":"Unknown Area Type","MAP_NAME":"AR_Pemukiman.shp","id":null,"LUAS":null,"PERIMETER":"2.665 km","ENCLOSED_A":"5.268 ha","LENGTH":null,"WIDTH":null,"ISLAND_ARE":null},"geometry":{"type":"MultiPolygon","coordinates":[[[[111.974865,-7.18825],[111.974878,-7.187837],[111.974918,-7.187819],[111.974976,-7.1878],[111.97504,-7.187787],[111.975041,-7.187787],[111.975127,-7.18776],[111.975128,-7.18776],[111.975198,-7.187732],[111.975199,-7.187732],[111.975298,-7.187684],[111.975355,-7.187655],[111.975415,-7.18763],[111.975472,-7.187607],[111.975511,-7.187598],[111.975511,-7.187598],[111.97555,-7.187587],[111.975626,-7.187575],[111.975627,-7.187575],[111.975693,-7.187559],[111.975784,-7.187538],[111.975824,-7.18753],[111.975874,-7.187518],[111.975876,-7.187518],[111.975911,-7.187504],[111.975929,-7.187498],[111.975963,-7.187485],[111.975963,-7.187485],[111.976007,-7.187463],[111.976008,-7.187463],[111.976044,-7.187441],[111.976141,-7.187384],[111.976193,-7.187359],[111.976255,-7.187335],[111.976313,-7.187316],[111.976493,-7.187258],[111.976583,-7.18723],[111.976677,-7.187204],[111.976793,-7.18717],[111.976869,-7.187155],[111.976928,-7.187138],[111.977013,-7.187112],[111.977111,-7.187079],[111.977243,-7.187034],[111.977368,-7.186991],[111.977447,-7.186965],[111.977533,-7.186937],[111.977613,-7.186913],[111.977614,-7.186913],[111.977705,-7.186881],[111.97778,-7.186856],[111.977781,-7.186856],[111.977842,-7.186827],[111.977843,-7.186827],[111.977879,-7.186804],[111.97788,-7.186803],[111.977899,-7.186785],[111.977901,-7.186783],[111.977916,-7.18676],[111.977937,-7.186748],[111.977976,-7.186732],[111.978028,-7.18672],[111.978086,-7.186707],[111.978159,-7.18669],[111.978159,-7.186689],[111.97822,-7.186669],[111.978221,-7.186669],[111.978267,-7.18665],[111.978323,-7.186633],[111.978354,-7.186624],[111.9784,-7.18661],[111.978404,-7.186608],[111.97842,-7.186594],[111.978454,-7.186561],[111.978508,-7.186527],[111.978558,-7.186503],[111.978595,-7.186492],[111.97862,-7.186488],[111.978672,-7.186487],[111.978733,-7.186485],[111.978734,-7.186485],[111.978766,-7.18648],[111.978767,-7.18648],[111.978809,-7.186468],[111.978879,-7.186446],[111.978951,-7.186422],[111.979003,-7.186405],[111.979076,-7.186385],[111.979139,-7.186365],[111.979196,-7.186347],[111.979197,-7.186347],[111.979246,-7.186325],[111.9793,-7.186297],[111.979396,-7.186258],[111.979483,-7.186225],[111.979584,-7.18619],[111.979638,-7.18617],[111.979744,-7.186131],[111.979824,-7.1861],[111.979885,-7.186077],[111.979924,-7.186058],[111.979983,-7.186028],[111.980028,-7.186014],[111.980087,-7.185997],[111.980152,-7.185976],[111.980224,-7.185945],[111.980295,-7.185917],[111.980394,-7.185873],[111.980455,-7.185852],[111.980455,-7.185852],[111.980541,-7.185816],[111.980477,-7.185843],[111.980468,-7.185822],[111.980509,-7.185805],[111.980447,-7.185831],[111.980386,-7.185852],[111.980385,-7.185852],[111.980286,-7.185896],[111.980216,-7.185924],[111.980144,-7.185955],[111.980081,-7.185976],[111.980021,-7.185992],[111.980021,-7.185992],[111.979975,-7.186007],[111.979974,-7.186008],[111.979914,-7.186038],[111.979875,-7.186057],[111.979816,-7.186079],[111.979735,-7.18611],[111.97963,-7.186149],[111.979576,-7.186169],[111.979476,-7.186204],[111.979475,-7.186204],[111.979388,-7.186237],[111.979291,-7.186276],[111.97929,-7.186276],[111.979236,-7.186304],[111.979188,-7.186326],[111.979133,-7.186343],[111.979132,-7.186343],[111.979069,-7.186363],[111.978996,-7.186383],[111.978996,-7.186383],[111.978943,-7.186401],[111.978872,-7.186424],[111.978803,-7.186447],[111.978762,-7.186458],[111.978731,-7.186462],[111.978671,-7.186465],[111.978619,-7.186465],[111.978618,-7.186465],[111.97859,-7.186469],[111.978589,-7.18647],[111.97855,-7.186482],[111.978549,-7.186482],[111.978497,-7.186507],[111.978496,-7.186508],[111.978441,-7.186543],[111.97844,-7.186544],[111.978405,-7.186577],[111.978391,-7.186589],[111.978347,-7.186602],[111.978317,-7.186611],[111.97826,-7.186628],[111.978259,-7.186629],[111.978213,-7.186648],[111.978153,-7.186668],[111.978079,-7.186685],[111.978023,-7.186698],[111.97797,-7.18671],[111.977968,-7.18671],[111.977927,-7.186728],[111.977926,-7.186728],[111.977903,-7.186742],[111.977899,-7.186745],[111.977883,-7.186769],[111.977865,-7.186785],[111.977832,-7.186807],[111.977772,-7.186835],[111.977698,-7.186859],[111.977698,-7.186859],[111.977606,-7.186892],[111.977526,-7.186915],[111.977526,-7.186915],[111.97744,-7.186943],[111.97736,-7.18697],[111.97736,-7.18697],[111.977236,-7.187012],[111.977219,-7.186826],[111.977201,-7.186695],[111.977191,-7.186645],[111.977227,-7.186608],[111.977639,-7.186486],[111.977986,-7.186367],[111.978517,-7.186168],[111.978966,-7.185994],[111.979155,-7.185924],[111.979165,-7.185952],[111.979227,-7.185959],[111.979236,-7.18596],[111.979247,-7.185961],[111.979259,-7.185961],[111.979265,-7.185962],[111.97928,-7.185961],[111.979284,-7.185961],[111.979288,-7.185961],[111.979294,-7.185961],[111.979294,-7.185961],[111.979304,-7.185959],[111.979316,-7.185958],[111.979327,-7.185956],[111.979331,-7.185955],[111.979348,-7.185952],[111.979362,-7.185949],[111.979371,-7.185947],[111.979379,-7.185945],[111.979383,-7.185944],[111.979425,-7.185935],[111.97943,-7.185933],[111.979438,-7.185931],[111.979451,-7.185928],[111.97948,-7.18592],[111.979484,-7.185919],[111.979539,-7.185904],[111.979602,-7.185886],[111.979603,-7.185886],[111.979616,-7.185882],[111.979647,-7.185874],[111.979666,-7.185868],[111.979669,-7.185867],[111.979671,-7.185867],[111.979673,-7.185866],[111.979696,-7.18586],[111.979736,-7.185849],[111.97974,-7.185848],[111.979744,-7.185847],[111.979749,-7.185846],[111.97975,-7.185845],[111.979752,-7.185845],[111.979754,-7.185844],[111.979757,-7.185844],[111.97976,-7.185843],[111.979762,-7.185842],[111.979803,-7.185833],[111.979805,-7.185832],[111.979808,-7.185832],[111.97981,-7.185831],[111.979819,-7.185829],[111.979845,-7.185824],[111.979859,-7.185821],[111.979918,-7.185807],[111.979991,-7.185791],[111.979996,-7.18579],[111.980035,-7.185781],[111.980065,-7.185775],[111.980138,-7.185759],[111.980173,-7.185751],[111.980211,-7.185742],[111.980284,-7.185726],[111.98035,-7.185712],[111.980358,-7.18571],[111.980389,-7.185703],[111.980431,-7.185694],[111.980462,-7.185687],[111.980464,-7.185686],[111.98047,-7.185685],[111.980487,-7.185681],[111.980493,-7.185679],[111.980506,-7.185676],[111.980507,-7.185676],[111.980538,-7.185668],[111.980539,-7.185669],[111.980545,-7.185666],[111.98055,-7.185665],[111.980615,-7.185646],[111.980621,-7.185645],[111.980624,-7.185644],[111.980627,-7.185643],[111.980644,-7.185639],[111.980697,-7.185625],[111.9807,-7.185624],[111.980702,-7.185624],[111.980705,-7.185623],[111.980719,-7.18562],[111.980775,-7.185606],[111.980778,-7.185605],[111.980852,-7.185588],[111.980853,-7.185588],[111.9809,-7.185576],[111.980924,-7.185571],[111.980993,-7.185554],[111.981061,-7.185537],[111.981064,-7.185536],[111.981126,-7.18552],[111.98113,-7.185519],[111.981188,-7.185503],[111.981193,-7.185501],[111.981221,-7.185492],[111.981248,-7.185484],[111.981254,-7.185482],[111.981305,-7.185465],[111.981311,-7.185463],[111.981315,-7.185461],[111.981319,-7.18546],[111.981371,-7.185441],[111.981481,-7.185401],[111.981541,-7.185379],[111.981578,-7.185366],[111.981711,-7.185317],[111.981829,-7.185274],[111.981862,-7.185262],[111.982001,-7.185235],[111.982142,-7.185252],[111.98227,-7.185312],[111.982374,-7.185408],[111.982421,-7.185492],[111.982421,-7.185492],[111.981734,-7.185766],[111.980829,-7.186122],[111.98073,-7.186161],[111.980661,-7.18619],[111.980523,-7.186246],[111.980355,-7.186319],[111.980165,-7.186397],[111.980029,-7.186459],[111.979764,-7.18656],[111.979572,-7.186632],[111.979347,-7.186717],[111.979104,-7.1868],[111.978925,-7.186863],[111.978762,-7.186922],[111.978606,-7.186976],[111.978458,-7.187026],[111.978337,-7.187065],[111.978337,-7.187065],[111.978145,-7.187129],[111.978143,-7.187129],[111.978044,-7.187166],[111.977956,-7.187194],[111.977954,-7.187194],[111.977778,-7.187257],[111.977622,-7.187313],[111.977411,-7.187386],[111.97728,-7.187431],[111.977077,-7.187498],[111.97697,-7.187537],[111.976656,-7.187648],[111.976484,-7.187707],[111.976362,-7.187747],[111.976278,-7.187776],[111.976149,-7.187816],[111.976048,-7.187849],[111.975899,-7.1879],[111.975809,-7.187933],[111.975656,-7.187986],[111.975541,-7.188023],[111.975392,-7.188072],[111.975284,-7.188109],[111.975141,-7.18816],[111.974914,-7.18824],[111.974865,-7.18825]]]]}},{"type":"Feature","properties":{"GM_LAYER":"Unknown Area Type","LAYER":"Unknown Area Type","MAP_NAME":"AR_Pemukiman.shp","id":null,"LUAS":null,"PERIMETER":"370.12 m","ENCLOSED_A":"0.2727 ha","LENGTH":null,"WIDTH":null,"ISLAND_ARE":null},"geometry":{"type":"MultiPolygon","coordinates":[[[[111.974878,-7.187812],[111.974884,-7.187745],[111.974915,-7.187728],[111.974964,-7.187702],[111.974999,-7.187684],[111.975067,-7.187648],[111.97516,-7.1876],[111.97517,-7.187594],[111.975263,-7.187545],[111.975264,-7.187545],[111.975273,-7.18754],[111.975277,-7.187538],[111.97528,-7.187536],[111.975284,-7.187534],[111.975328,-7.187512],[111.975332,-7.18751],[111.975336,-7.187508],[111.97534,-7.187506],[111.975351,-7.187501],[111.975355,-7.187499],[111.975359,-7.187497],[111.975364,-7.187495],[111.975413,-7.187473],[111.975415,-7.187476],[111.975418,-7.187474],[111.975417,-7.187472],[111.975423,-7.187469],[111.975442,-7.18746],[111.975447,-7.187458],[111.975449,-7.187458],[111.975527,-7.187425],[111.975694,-7.187355],[111.975764,-7.187326],[111.975766,-7.187325],[111.975864,-7.187285],[111.975929,-7.187258],[111.975929,-7.187257],[111.975933,-7.187256],[111.975934,-7.187255],[111.975938,-7.187254],[111.975939,-7.187254],[111.976033,-7.187215],[111.976201,-7.187147],[111.97623,-7.187135],[111.976234,-7.187134],[111.976279,-7.187114],[111.976285,-7.187112],[111.976293,-7.187109],[111.976302,-7.187104],[111.976306,-7.187295],[111.976306,-7.187295],[111.976247,-7.187314],[111.976247,-7.187314],[111.976184,-7.187338],[111.976183,-7.187339],[111.976131,-7.187364],[111.97613,-7.187364],[111.976033,-7.187421],[111.975996,-7.187443],[111.975954,-7.187464],[111.975921,-7.187477],[111.975904,-7.187483],[111.975868,-7.187497],[111.975819,-7.187508],[111.975779,-7.187516],[111.975688,-7.187537],[111.975622,-7.187553],[111.975545,-7.187565],[111.975544,-7.187565],[111.975505,-7.187576],[111.975466,-7.187586],[111.975465,-7.187586],[111.975407,-7.187609],[111.975346,-7.187634],[111.975345,-7.187634],[111.975288,-7.187663],[111.97519,-7.187711],[111.97512,-7.187739],[111.975035,-7.187765],[111.974971,-7.187778],[111.97497,-7.187778],[111.974911,-7.187798],[111.974878,-7.187812]]]]}},{"type":"Feature","properties":{"GM_LAYER":"Unknown Area Type","LAYER":"Unknown Area Type","MAP_NAME":"AR_Pemukiman.shp","id":null,"LUAS":null,"PERIMETER":"249.76 m","ENCLOSED_A":"0.2708 ha","LENGTH":null,"WIDTH":null,"ISLAND_ARE":null},"geometry":{"type":"MultiPolygon","coordinates":[[[[111.844388,-7.211545],[111.844437,-7.211343],[111.844446,-7.211299],[111.844614,-7.21133],[111.8449,-7.211372],[111.845187,-7.211404],[111.845355,-7.211418],[111.845319,-7.211442],[111.845084,-7.211632],[111.845004,-7.211704],[111.844388,-7.211545]]]]}},{"type":"Feature","properties":{"GM_LAYER":"Unknown Area Type","LAYER":"Unknown Area Type","MAP_NAME":"AR_Pemukiman.shp","id":null,"LUAS":"3957","PERIMETER":"261.19 m","ENCLOSED_A":"0.3552 ha","LENGTH":null,"WIDTH":null,"ISLAND_ARE":null},"geometry":{"type":"MultiPolygon","coordinates":[[[[111.861291,-7.208845],[111.861289,-7.20884],[111.861435,-7.208021],[111.861755,-7.208091],[111.861759,-7.208091],[111.86176,-7.208092],[111.861764,-7.208092],[111.861777,-7.208096],[111.86163,-7.208912],[111.861295,-7.208848],[111.861291,-7.208845]]]]}},{"type":"Feature","properties":{"GM_LAYER":"Unknown Area Type","LAYER":"Unknown Area Type","MAP_NAME":"AR_Pemukiman.shp","id":null,"LUAS":"29981","PERIMETER":"479.63 m","ENCLOSED_A":"1.083 ha","LENGTH":null,"WIDTH":null,"ISLAND_ARE":null},"geometry":{"type":"MultiPolygon","coordinates":[[[[111.863507,-7.206188],[111.863631,-7.205932],[111.863651,-7.205916],[111.863713,-7.205884],[111.863765,-7.205854],[111.86382,-7.205799],[111.86384,-7.205772],[111.863844,-7.20571],[111.863846,-7.205637],[111.863841,-7.205592],[111.863821,-7.205395],[111.863806,-7.205195],[111.863803,-7.205168],[111.863782,-7.205101],[111.863773,-7.205061],[111.863771,-7.205009],[111.863774,-7.204966],[111.86378,-7.204938],[111.863787,-7.204922],[111.863795,-7.204899],[111.863816,-7.204858],[111.864477,-7.20495],[111.864439,-7.205291],[111.864314,-7.206316],[111.863507,-7.206188]]]]}},{"type":"Feature","properties":{"GM_LAYER":"Unknown Area Type","LAYER":"Unknown Area Type","MAP_NAME":"AR_Pemukiman.shp","id":null,"LUAS":null,"PERIMETER":"420.22 m","ENCLOSED_A":"0.617 ha","LENGTH":null,"WIDTH":null,"ISLAND_ARE":null},"geometry":{"type":"MultiPolygon","coordinates":[[[[111.967219,-7.211424],[111.96724,-7.211375],[111.967358,-7.211025],[111.967427,-7.21105],[111.96753,-7.210758],[111.967646,-7.210795],[111.967703,-7.210604],[111.967741,-7.210604],[111.967757,-7.210479],[111.967677,-7.210459],[111.967716,-7.210325],[111.967826,-7.210319],[111.968029,-7.210341],[111.96806,-7.210224],[111.968107,-7.210217],[111.968044,-7.21053],[111.967969,-7.210854],[111.967948,-7.210929],[111.967928,-7.211005],[111.967886,-7.211125],[111.967835,-7.211245],[111.967789,-7.211327],[111.967737,-7.211425],[111.967348,-7.211483],[111.967219,-7.211424]]]]}},{"type":"Feature","properties":{"GM_LAYER":"Unknown Area Type","LAYER":"Unknown Area Type","MAP_NAME":"AR_Pemukiman.shp","id":null,"LUAS":null,"PERIMETER":"402.63 m","ENCLOSED_A":"0.675 ha","LENGTH":null,"WIDTH":null,"ISLAND_ARE":null},"geometry":{"type":"MultiPolygon","coordinates":[[[[111.815376,-7.138361],[111.815465,-7.138113],[111.815899,-7.138275],[111.816057,-7.137771],[111.816102,-7.137739],[111.81657,-7.13785],[111.816212,-7.138721],[111.815376,-7.138361]]]]}},{"type":"Feature","properties":{"GM_LAYER":"Unknown Area Type","LAYER":"Unknown Area Type","MAP_NAME":"AR_Pemukiman.shp","id":null,"LUAS":null,"PERIMETER":"369.52 m","ENCLOSED_A":"0.573 ha","LENGTH":null,"WIDTH":null,"ISLAND_ARE":null},"geometry":{"type":"MultiPolygon","coordinates":[[[[111.835064,-7.151893],[111.835099,-7.151613],[111.835173,-7.151458],[111.835233,-7.151432],[111.835316,-7.151456],[111.835416,-7.151513],[111.835545,-7.151284],[111.835589,-7.151288],[111.835637,-7.151324],[111.83566,-7.151329],[111.835779,-7.151143],[111.836117,-7.151371],[111.835888,-7.151816],[111.835779,-7.151765],[111.835774,-7.151755],[111.835765,-7.151727],[111.835757,-7.151676],[111.835751,-7.151663],[111.835737,-7.151657],[111.835726,-7.151655],[111.835713,-7.151668],[111.835674,-7.151738],[111.835592,-7.151944],[111.835064,-7.151893]]]]}},{"type":"Feature","properties":{"GM_LAYER":"Unknown Area Type","LAYER":"Unknown Area Type","MAP_NAME":"AR_Pemukiman.shp","id":null,"LUAS":null,"PERIMETER":"776.17 m","ENCLOSED_A":"1.664 ha","LENGTH":null,"WIDTH":null,"ISLAND_ARE":null},"geometry":{"type":"MultiPolygon","coordinates":[[[[111.83529,-7.150484],[111.835646,-7.149793],[111.835694,-7.149827],[111.835702,-7.149815],[111.835652,-7.14978],[111.836012,-7.14908],[111.836017,-7.149088],[111.836135,-7.149377],[111.836266,-7.149629],[111.836365,-7.149793],[111.836364,-7.14982],[111.836341,-7.149909],[111.836331,-7.149948],[111.836331,-7.149967],[111.836342,-7.149985],[111.836406,-7.15005],[111.836646,-7.149892],[111.836703,-7.149999],[111.836468,-7.15013],[111.836659,-7.150317],[111.836254,-7.151105],[111.835895,-7.150873],[111.8359,-7.150831],[111.836015,-7.150552],[111.836105,-7.150277],[111.836116,-7.150256],[111.836104,-7.150247],[111.83609,-7.150272],[111.835997,-7.150545],[111.835914,-7.150751],[111.835883,-7.150806],[111.835865,-7.150822],[111.835835,-7.150834],[111.83529,-7.150484]]]]}},{"type":"Feature","properties":{"GM_LAYER":"Unknown Area Type","LAYER":"Unknown Area Type","MAP_NAME":"AR_Pemukiman.shp","id":null,"LUAS":"5181","PERIMETER":"231.26 m","ENCLOSED_A":"0.3055 ha","LENGTH":null,"WIDTH":null,"ISLAND_ARE":null},"geometry":{"type":"MultiPolygon","coordinates":[[[[111.859247,-7.204907],[111.859239,-7.204891],[111.859281,-7.204616],[111.859277,-7.204399],[111.85928,-7.204346],[111.859292,-7.204302],[111.859313,-7.204243],[111.859728,-7.204295],[111.859557,-7.204955],[111.859516,-7.204945],[111.859419,-7.204928],[111.859337,-7.204918],[111.859256,-7.204914],[111.859247,-7.204907]]]]}},{"type":"Feature","properties":{"GM_LAYER":"Unknown Area Type","LAYER":"Unknown Area Type","MAP_NAME":"AR_Pemukiman.shp","id":null,"LUAS":null,"PERIMETER":"449.01 m","ENCLOSED_A":"0.2194 ha","LENGTH":null,"WIDTH":null,"ISLAND_ARE":null},"geometry":{"type":"MultiPolygon","coordinates":[[[[111.974207,-7.210163],[111.974215,-7.210099],[111.974247,-7.20987],[111.974276,-7.209633],[111.97431,-7.209395],[111.974357,-7.209039],[111.974379,-7.208899],[111.974389,-7.208822],[111.97444,-7.208796],[111.974439,-7.208808],[111.974825,-7.208887],[111.974795,-7.209092],[111.974389,-7.209032],[111.974274,-7.209899],[111.97457,-7.209941],[111.974562,-7.210007],[111.974478,-7.210046],[111.974471,-7.21005],[111.974467,-7.210051],[111.97446,-7.210055],[111.974207,-7.210163]]]]}},{"type":"Feature","properties":{"GM_LAYER":"Unknown Area Type","LAYER":"Unknown Area Type","MAP_NAME":"AR_Pemukiman.shp","id":null,"LUAS":null,"PERIMETER":"156.34 m","ENCLOSED_A":"0.0664 ha","LENGTH":null,"WIDTH":null,"ISLAND_ARE":null},"geometry":{"type":"MultiPolygon","coordinates":[[[[111.814385,-7.137934],[111.814332,-7.137911],[111.814502,-7.137317],[111.814613,-7.137357],[111.814385,-7.137934]]]]}},{"type":"Feature","properties":{"GM_LAYER":"Unknown Area Type","LAYER":"Unknown Area Type","MAP_NAME":"AR_Pemukiman.shp","id":null,"LUAS":null,"PERIMETER":"152.15 m","ENCLOSED_A":"0.1316 ha","LENGTH":null,"WIDTH":null,"ISLAND_ARE":null},"geometry":{"type":"MultiPolygon","coordinates":[[[[111.843931,-7.211428],[111.843961,-7.211315],[111.843997,-7.211203],[111.844047,-7.211216],[111.84433,-7.211278],[111.844428,-7.211296],[111.844421,-7.211332],[111.844368,-7.21154],[111.843931,-7.211428]]]]}},{"type":"Feature","properties":{"GM_LAYER":"Unknown Area Type","LAYER":"Unknown Area Type","MAP_NAME":"AR_Pemukiman.shp","id":null,"LUAS":null,"PERIMETER":"556.88 m","ENCLOSED_A":"0.929 ha","LENGTH":null,"WIDTH":null,"ISLAND_ARE":null},"geometry":{"type":"MultiPolygon","coordinates":[[[[111.90425,-7.177278],[111.904289,-7.177309],[111.904101,-7.177755],[111.904089,-7.177789],[111.902736,-7.176708],[111.902819,-7.176621],[111.902943,-7.176553],[111.903082,-7.176527],[111.903223,-7.176545],[111.903351,-7.176605],[111.90338,-7.176625],[111.903434,-7.176662],[111.903234,-7.17708],[111.903434,-7.176662],[111.9035,-7.176707],[111.90365,-7.176809],[111.903718,-7.176856],[111.903731,-7.176865],[111.903744,-7.176875],[111.903757,-7.176885],[111.903825,-7.176938],[111.903825,-7.176939],[111.903967,-7.177052],[111.904108,-7.177165],[111.904183,-7.177225],[111.90425,-7.177278]]]]}},{"type":"Feature","properties":{"GM_LAYER":"Unknown Area Type","LAYER":"Unknown Area Type","MAP_NAME":"AR_Pemukiman.shp","id":null,"LUAS":null,"PERIMETER":"306.51 m","ENCLOSED_A":"0.519 ha","LENGTH":null,"WIDTH":null,"ISLAND_ARE":null},"geometry":{"type":"MultiPolygon","coordinates":[[[[111.974883,-7.188625],[111.974912,-7.18876],[111.975079,-7.188776],[111.9751,-7.188959],[111.975108,-7.189054],[111.975028,-7.18909],[111.974863,-7.189164],[111.974798,-7.189194],[111.974798,-7.189194],[111.974794,-7.189196],[111.974793,-7.189196],[111.974724,-7.189227],[111.974691,-7.189241],[111.974555,-7.189278],[111.974426,-7.189271],[111.974384,-7.189002],[111.974331,-7.188706],[111.974316,-7.188667],[111.974941,-7.188456],[111.974949,-7.188488],[111.974883,-7.188625]]]]}},{"type":"Feature","properties":{"GM_LAYER":"Unknown Area Type","LAYER":"Unknown Area Type","MAP_NAME":"AR_Pemukiman.shp","id":null,"LUAS":null,"PERIMETER":"44.947 m","ENCLOSED_A":"0.0059 ha","LENGTH":null,"WIDTH":null,"ISLAND_ARE":null},"geometry":{"type":"MultiPolygon","coordinates":[[[[111.851752,-7.161182],[111.851778,-7.161139],[111.851851,-7.16103],[111.851846,-7.16106],[111.851843,-7.16107],[111.851842,-7.161075],[111.851839,-7.161082],[111.851827,-7.16112],[111.8518,-7.161177],[111.851784,-7.161203],[111.851781,-7.1612],[111.851752,-7.161182]]]]}},{"type":"Feature","properties":{"GM_LAYER":"Unknown Area Type","LAYER":"Unknown Area Type","MAP_NAME":"AR_Pemukiman.shp","id":null,"LUAS":null,"PERIMETER":"149.71 m","ENCLOSED_A":"0.0951 ha","LENGTH":null,"WIDTH":null,"ISLAND_ARE":null},"geometry":{"type":"MultiPolygon","coordinates":[[[[111.845499,-7.207064],[111.845514,-7.207018],[111.845561,-7.206901],[111.845576,-7.206856],[111.845587,-7.206805],[111.845594,-7.206779],[111.845594,-7.206779],[111.845603,-7.20678],[111.845733,-7.206795],[111.845716,-7.206945],[111.845774,-7.207024],[111.845856,-7.207063],[111.845908,-7.207197],[111.845499,-7.207064]]]]}},{"type":"Feature","properties":{"GM_LAYER":"Unknown Area Type","LAYER":"Unknown Area Type","MAP_NAME":"AR_Pemukiman.shp","id":null,"LUAS":null,"PERIMETER":"57.984 m","ENCLOSED_A":"0.00868 ha","LENGTH":null,"WIDTH":null,"ISLAND_ARE":null},"geometry":{"type":"MultiPolygon","coordinates":[[[[111.84596,-7.207214],[111.846185,-7.207225],[111.846185,-7.207288],[111.84596,-7.207214]]]]}},{"type":"Feature","properties":{"GM_LAYER":"Unknown Area Type","LAYER":"Unknown Area Type","MAP_NAME":"AR_Pemukiman.shp","id":null,"LUAS":null,"PERIMETER":"852.59 m","ENCLOSED_A":"1.516 ha","LENGTH":null,"WIDTH":null,"ISLAND_ARE":null},"geometry":{"type":"MultiPolygon","coordinates":[[[[111.846654,-7.21144],[111.846648,-7.211418],[111.846918,-7.211394],[111.847205,-7.211358],[111.84749,-7.211312],[111.847774,-7.211256],[111.847908,-7.211225],[111.847907,-7.211233],[111.847882,-7.211424],[111.847878,-7.211429],[111.847872,-7.211432],[111.847691,-7.211392],[111.847631,-7.211379],[111.847624,-7.211405],[111.848052,-7.211498],[111.848099,-7.211503],[111.848284,-7.211512],[111.848286,-7.211515],[111.848287,-7.21152],[111.848279,-7.211779],[111.848291,-7.212219],[111.848314,-7.212219],[111.848303,-7.211779],[111.848311,-7.21152],[111.848311,-7.211517],[111.848314,-7.211513],[111.848484,-7.211522],[111.848789,-7.211531],[111.848752,-7.212181],[111.848658,-7.212209],[111.84865,-7.212212],[111.848646,-7.212213],[111.848639,-7.212215],[111.848341,-7.212294],[111.848333,-7.212296],[111.84833,-7.212297],[111.848322,-7.212299],[111.848051,-7.212362],[111.848042,-7.212118],[111.848037,-7.212115],[111.847773,-7.212095],[111.84777,-7.212091],[111.847777,-7.211955],[111.847769,-7.211941],[111.847507,-7.211916],[111.846956,-7.211791],[111.846933,-7.211785],[111.84692,-7.211775],[111.84691,-7.211749],[111.846891,-7.211731],[111.846868,-7.211709],[111.846844,-7.211682],[111.846815,-7.21165],[111.846788,-7.211607],[111.846778,-7.211595],[111.846755,-7.211571],[111.846735,-7.211552],[111.846716,-7.211533],[111.846694,-7.211495],[111.846671,-7.21146],[111.846654,-7.21144]]]]}},{"type":"Feature","properties":{"GM_LAYER":"Unknown Area Type","LAYER":"Unknown Area Type","MAP_NAME":"AR_Pemukiman.shp","id":null,"LUAS":null,"PERIMETER":"370.34 m","ENCLOSED_A":"0.2546 ha","LENGTH":null,"WIDTH":null,"ISLAND_ARE":null},"geometry":{"type":"MultiPolygon","coordinates":[[[[111.845616,-7.205935],[111.845605,-7.205933],[111.845619,-7.205846],[111.845643,-7.205749],[111.845897,-7.205841],[111.846787,-7.206127],[111.847149,-7.20623],[111.84698,-7.206239],[111.846693,-7.206226],[111.846485,-7.20619],[111.846199,-7.206101],[111.845862,-7.206004],[111.845616,-7.205935]]]]}},{"type":"Feature","properties":{"GM_LAYER":"Unknown Area Type","LAYER":"Unknown Area Type","MAP_NAME":"AR_Pemukiman.shp","id":null,"LUAS":null,"PERIMETER":"443.56 m","ENCLOSED_A":"0.537 ha","LENGTH":null,"WIDTH":null,"ISLAND_ARE":null},"geometry":{"type":"MultiPolygon","coordinates":[[[[111.848494,-7.203361],[111.848494,-7.203361],[111.848512,-7.203361],[111.848539,-7.203382],[111.848578,-7.203404],[111.848754,-7.20347],[111.848803,-7.203485],[111.84885,-7.203495],[111.848934,-7.20351],[111.848977,-7.203517],[111.84902,-7.203519],[111.849059,-7.20352],[111.84911,-7.203516],[111.849139,-7.203508],[111.849147,-7.203502],[111.849151,-7.203491],[111.849153,-7.203483],[111.849159,-7.20343],[111.849163,-7.203382],[111.849179,-7.203382],[111.849169,-7.203518],[111.849179,-7.203382],[111.849196,-7.203383],[111.849203,-7.203383],[111.84921,-7.203384],[111.849216,-7.203384],[111.849672,-7.203415],[111.84967,-7.203434],[111.849666,-7.203435],[111.849661,-7.203438],[111.849658,-7.203441],[111.849624,-7.203665],[111.849603,-7.203704],[111.849476,-7.203911],[111.849438,-7.203919],[111.849427,-7.203916],[111.84942,-7.203904],[111.8494,-7.203888],[111.849286,-7.203846],[111.849276,-7.203853],[111.849271,-7.203871],[111.849264,-7.203883],[111.849049,-7.203795],[111.849043,-7.203796],[111.849038,-7.203798],[111.848982,-7.203906],[111.848974,-7.203916],[111.848966,-7.203918],[111.848744,-7.20384],[111.848731,-7.20384],[111.848712,-7.203843],[111.8487,-7.203847],[111.848692,-7.203848],[111.848686,-7.20385],[111.848666,-7.20389],[111.848587,-7.203857],[111.848594,-7.20384],[111.848488,-7.203799],[111.848505,-7.203753],[111.848541,-7.203767],[111.848569,-7.203655],[111.848533,-7.203651],[111.848539,-7.203592],[111.848581,-7.203596],[111.848593,-7.203563],[111.848575,-7.203554],[111.848625,-7.203426],[111.848594,-7.203417],[111.848543,-7.203392],[111.848494,-7.203361]],[[111.84935,-7.203788],[111.849358,-7.203791],[111.849358,-7.203791],[111.84935,-7.203788]]]]}},{"type":"Feature","properties":{"GM_LAYER":"Unknown Area Type","LAYER":"Unknown Area Type","MAP_NAME":"AR_Pemukiman.shp","id":null,"LUAS":null,"PERIMETER":"308.12 m","ENCLOSED_A":"0.3118 ha","LENGTH":null,"WIDTH":null,"ISLAND_ARE":null},"geometry":{"type":"MultiPolygon","coordinates":[[[[111.844721,-7.208195],[111.844716,-7.208183],[111.844726,-7.208149],[111.844754,-7.208057],[111.844763,-7.20803],[111.845551,-7.2081],[111.846007,-7.208126],[111.845997,-7.208147],[111.845857,-7.208221],[111.845479,-7.208315],[111.84513,-7.208365],[111.844723,-7.208201],[111.844721,-7.208195]]]]}},{"type":"Feature","properties":{"GM_LAYER":"Unknown Area Type","LAYER":"Unknown Area Type","MAP_NAME":"AR_Pemukiman.shp","id":null,"LUAS":null,"PERIMETER":"1.051 km","ENCLOSED_A":"1.493 ha","LENGTH":null,"WIDTH":null,"ISLAND_ARE":null},"geometry":{"type":"MultiPolygon","coordinates":[[[[111.844679,-7.208169],[111.844684,-7.208171],[111.844669,-7.208223],[111.844669,-7.208223],[111.84438,-7.2092],[111.84271,-7.208876],[111.842754,-7.20872],[111.842821,-7.20867],[111.842874,-7.208641],[111.842885,-7.208273],[111.842853,-7.208051],[111.842851,-7.207838],[111.842858,-7.207765],[111.842945,-7.207781],[111.843771,-7.20791],[111.843713,-7.208197],[111.843699,-7.208206],[111.843501,-7.208157],[111.84349,-7.208158],[111.843475,-7.208176],[111.84347,-7.208178],[111.843457,-7.208177],[111.843396,-7.208154],[111.84336,-7.208157],[111.843348,-7.208178],[111.8433,-7.208358],[111.843312,-7.208369],[111.843329,-7.208376],[111.84362,-7.208463],[111.843624,-7.208469],[111.84349,-7.208881],[111.843494,-7.208891],[111.843508,-7.208903],[111.844086,-7.209032],[111.844105,-7.208996],[111.844162,-7.208648],[111.844348,-7.208734],[111.844362,-7.20873],[111.844448,-7.208372],[111.844494,-7.208253],[111.844404,-7.208186],[111.84409,-7.208105],[111.844092,-7.208066],[111.844114,-7.207953],[111.844515,-7.208003],[111.844518,-7.208006],[111.844518,-7.208006],[111.844555,-7.208077],[111.844577,-7.208108],[111.844619,-7.208139],[111.844679,-7.208169]]]]}},{"type":"Feature","properties":{"GM_LAYER":"Unknown Area Type","LAYER":"Unknown Area Type","MAP_NAME":"AR_Pemukiman.shp","id":null,"LUAS":null,"PERIMETER":"120.57 m","ENCLOSED_A":"0.0654 ha","LENGTH":null,"WIDTH":null,"ISLAND_ARE":null},"geometry":{"type":"MultiPolygon","coordinates":[[[[111.80432,-7.179432],[111.804323,-7.179013],[111.8044,-7.179047],[111.804575,-7.179138],[111.80432,-7.179432]]]]}},{"type":"Feature","properties":{"GM_LAYER":"Unknown Area Type","LAYER":"Unknown Area Type","MAP_NAME":"AR_Pemukiman.shp","id":null,"LUAS":null,"PERIMETER":"129.85 m","ENCLOSED_A":"0.0539 ha","LENGTH":null,"WIDTH":null,"ISLAND_ARE":null},"geometry":{"type":"MultiPolygon","coordinates":[[[[111.934987,-7.21039],[111.93499,-7.210376],[111.935431,-7.21028],[111.935405,-7.210511],[111.93538,-7.210507],[111.935386,-7.210462],[111.934987,-7.21039]]]]}},{"type":"Feature","properties":{"GM_LAYER":"Unknown Area Type","LAYER":"Unknown Area Type","MAP_NAME":"AR_Pemukiman.shp","id":null,"LUAS":null,"PERIMETER":"164.48 m","ENCLOSED_A":"0.1047 ha","LENGTH":null,"WIDTH":null,"ISLAND_ARE":null},"geometry":{"type":"MultiPolygon","coordinates":[[[[111.854353,-7.204317],[111.85438,-7.204207],[111.854481,-7.204237],[111.854513,-7.204122],[111.854449,-7.204102],[111.854501,-7.203908],[111.854506,-7.203892],[111.854636,-7.203927],[111.854649,-7.203935],[111.854657,-7.203944],[111.854662,-7.203952],[111.854665,-7.203958],[111.854666,-7.20397],[111.854653,-7.204064],[111.854629,-7.204234],[111.85462,-7.204295],[111.85459,-7.204389],[111.854573,-7.204384],[111.854353,-7.204317]]]]}},{"type":"Feature","properties":{"GM_LAYER":"Unknown Area Type","LAYER":"Unknown Area Type","MAP_NAME":"AR_Pemukiman.shp","id":null,"LUAS":null,"PERIMETER":"57.462 m","ENCLOSED_A":"0.01748 ha","LENGTH":null,"WIDTH":null,"ISLAND_ARE":null},"geometry":{"type":"MultiPolygon","coordinates":[[[[111.844563,-7.208046],[111.844544,-7.208006],[111.844679,-7.208023],[111.844736,-7.208028],[111.844725,-7.208063],[111.844696,-7.208136],[111.844686,-7.208134],[111.844591,-7.208088],[111.844575,-7.208069],[111.844563,-7.208046]]]]}},{"type":"Feature","properties":{"GM_LAYER":"Unknown Area Type","LAYER":"Unknown Area Type","MAP_NAME":"AR_Pemukiman.shp","id":null,"LUAS":null,"PERIMETER":"677.17 m","ENCLOSED_A":"1.233 ha","LENGTH":null,"WIDTH":null,"ISLAND_ARE":null},"geometry":{"type":"MultiPolygon","coordinates":[[[[111.849856,-7.209218],[111.849859,-7.20908],[111.849872,-7.208763],[111.84991,-7.208289],[111.849947,-7.20784],[111.849953,-7.207546],[111.849963,-7.207275],[111.849966,-7.207199],[111.849983,-7.207083],[111.850015,-7.206883],[111.85043,-7.206954],[111.850682,-7.206989],[111.85068,-7.207035],[111.850656,-7.207335],[111.850639,-7.207487],[111.850598,-7.207725],[111.850591,-7.20783],[111.850562,-7.20786],[111.850507,-7.207865],[111.850456,-7.207869],[111.85038,-7.207858],[111.850284,-7.20786],[111.850237,-7.207867],[111.850202,-7.207889],[111.850159,-7.207898],[111.850144,-7.207926],[111.850103,-7.208062],[111.850093,-7.208062],[111.850082,-7.208092],[111.850076,-7.208114],[111.850076,-7.208164],[111.850103,-7.208234],[111.850191,-7.208465],[111.850207,-7.20859],[111.850236,-7.208818],[111.850271,-7.208885],[111.850314,-7.208993],[111.850325,-7.20907],[111.850311,-7.209129],[111.849972,-7.209143],[111.849877,-7.209163],[111.849876,-7.209217],[111.849856,-7.209218]]]]}},{"type":"Feature","properties":{"GM_LAYER":"Unknown Area Type","LAYER":"Unknown Area Type","MAP_NAME":"AR_Pemukiman.shp","id":null,"LUAS":null,"PERIMETER":"383.78 m","ENCLOSED_A":"0.0556 ha","LENGTH":null,"WIDTH":null,"ISLAND_ARE":null},"geometry":{"type":"MultiPolygon","coordinates":[[[[111.870262,-7.207411],[111.870235,-7.207407],[111.87038,-7.20632],[111.870463,-7.205715],[111.87049,-7.205719],[111.870366,-7.206609],[111.870262,-7.207411]]]]}},{"type":"Feature","properties":{"GM_LAYER":"Unknown Area Type","LAYER":"Unknown Area Type","MAP_NAME":"AR_Pemukiman.shp","id":null,"LUAS":"8079","PERIMETER":"342.41 m","ENCLOSED_A":"0.2697 ha","LENGTH":null,"WIDTH":null,"ISLAND_ARE":null},"geometry":{"type":"MultiPolygon","coordinates":[[[[111.853159,-7.20381],[111.853176,-7.203703],[111.854161,-7.203785],[111.854205,-7.203801],[111.854214,-7.203804],[111.854208,-7.203822],[111.85411,-7.2041],[111.853953,-7.204047],[111.85397,-7.203991],[111.853813,-7.20395],[111.853809,-7.203951],[111.853801,-7.203966],[111.853739,-7.204106],[111.853732,-7.204118],[111.853712,-7.204122],[111.85369,-7.204121],[111.853519,-7.204092],[111.853557,-7.203972],[111.853599,-7.20393],[111.853648,-7.203923],[111.853653,-7.203892],[111.853637,-7.203886],[111.853614,-7.203849],[111.853414,-7.203824],[111.853411,-7.203867],[111.853266,-7.203844],[111.853267,-7.203828],[111.853159,-7.20381]]]]}},{"type":"Feature","properties":{"GM_LAYER":"Unknown Area Type","LAYER":"Unknown Area Type","MAP_NAME":"AR_Pemukiman.shp","id":null,"LUAS":null,"PERIMETER":"576.4 m","ENCLOSED_A":"0.728 ha","LENGTH":null,"WIDTH":null,"ISLAND_ARE":null},"geometry":{"type":"MultiPolygon","coordinates":[[[[111.847086,-7.207363],[111.84709,-7.207297],[111.847173,-7.207297],[111.847186,-7.207078],[111.847279,-7.207084],[111.847341,-7.206912],[111.847393,-7.206927],[111.847533,-7.206608],[111.847683,-7.206662],[111.847753,-7.206497],[111.847862,-7.206526],[111.847891,-7.206432],[111.848334,-7.206541],[111.848312,-7.206611],[111.848277,-7.206658],[111.848245,-7.206687],[111.848215,-7.206714],[111.848189,-7.206728],[111.848146,-7.206733],[111.848101,-7.206729],[111.848053,-7.206714],[111.847987,-7.206693],[111.84794,-7.206685],[111.847898,-7.206683],[111.847881,-7.206688],[111.847861,-7.206701],[111.847844,-7.206722],[111.847808,-7.206807],[111.847754,-7.206966],[111.847733,-7.20717],[111.847712,-7.207348],[111.847696,-7.207612],[111.847693,-7.207649],[111.847669,-7.207657],[111.847622,-7.207654],[111.847486,-7.207655],[111.847449,-7.207655],[111.847362,-7.207633],[111.847387,-7.207231],[111.847368,-7.20723],[111.847344,-7.207628],[111.84733,-7.207625],[111.847322,-7.207623],[111.847318,-7.207622],[111.847311,-7.20762],[111.847132,-7.207568],[111.84714,-7.207417],[111.847086,-7.207363]]]]}},{"type":"Feature","properties":{"GM_LAYER":"Unknown Area Type","LAYER":"Unknown Area Type","MAP_NAME":"AR_Pemukiman.shp","id":null,"LUAS":null,"PERIMETER":"33.09 m","ENCLOSED_A":"0.00504 ha","LENGTH":null,"WIDTH":null,"ISLAND_ARE":null},"geometry":{"type":"MultiPolygon","coordinates":[[[[111.850793,-7.211366],[111.850787,-7.211306],[111.850807,-7.211305],[111.850856,-7.211301],[111.850903,-7.211318],[111.850793,-7.211366]]]]}},{"type":"Feature","properties":{"GM_LAYER":"Unknown Area Type","LAYER":"Unknown Area Type","MAP_NAME":"AR_Pemukiman.shp","id":null,"LUAS":null,"PERIMETER":"244.11 m","ENCLOSED_A":"0.1426 ha","LENGTH":null,"WIDTH":null,"ISLAND_ARE":null},"geometry":{"type":"MultiPolygon","coordinates":[[[[111.850989,-7.21128],[111.851,-7.211147],[111.851023,-7.210927],[111.851321,-7.210977],[111.85134,-7.210979],[111.85159,-7.210956],[111.851668,-7.210941],[111.851837,-7.210897],[111.851861,-7.210887],[111.851885,-7.210886],[111.850989,-7.21128]]]]}},{"type":"Feature","properties":{"GM_LAYER":"Unknown Area Type","LAYER":"Unknown Area Type","MAP_NAME":"AR_Pemukiman.shp","id":null,"LUAS":null,"PERIMETER":"84.612 m","ENCLOSED_A":"0.01884 ha","LENGTH":null,"WIDTH":null,"ISLAND_ARE":null},"geometry":{"type":"MultiPolygon","coordinates":[[[[111.850034,-7.204954],[111.850038,-7.204925],[111.850053,-7.204864],[111.850372,-7.204965],[111.850034,-7.204954]]]]}},{"type":"Feature","properties":{"GM_LAYER":"Unknown Area Type","LAYER":"Unknown Area Type","MAP_NAME":"AR_Pemukiman.shp","id":null,"LUAS":null,"PERIMETER":"81.663 m","ENCLOSED_A":"0.03944 ha","LENGTH":null,"WIDTH":null,"ISLAND_ARE":null},"geometry":{"type":"MultiPolygon","coordinates":[[[[111.809678,-7.154911],[111.80968,-7.154901],[111.809717,-7.154677],[111.809859,-7.154711],[111.809819,-7.154919],[111.809678,-7.154911]]]]}},{"type":"Feature","properties":{"GM_LAYER":"Unknown Area Type","LAYER":"Unknown Area Type","MAP_NAME":"AR_Pemukiman.shp","id":null,"LUAS":null,"PERIMETER":"13.408 m","ENCLOSED_A":"0.000776 ha","LENGTH":null,"WIDTH":null,"ISLAND_ARE":null},"geometry":{"type":"MultiPolygon","coordinates":[[[[111.80934,-7.161232],[111.80932,-7.161207],[111.809352,-7.161184],[111.80934,-7.161232]]]]}},{"type":"Feature","properties":{"GM_LAYER":"Unknown Area Type","LAYER":"Unknown Area Type","MAP_NAME":"AR_Pemukiman.shp","id":null,"LUAS":null,"PERIMETER":"59.411 m","ENCLOSED_A":"0.01337 ha","LENGTH":null,"WIDTH":null,"ISLAND_ARE":null},"geometry":{"type":"MultiPolygon","coordinates":[[[[111.809358,-7.161159],[111.809285,-7.16106],[111.809413,-7.160931],[111.809358,-7.161159]]]]}},{"type":"Feature","properties":{"GM_LAYER":"Unknown Area Type","LAYER":"Unknown Area Type","MAP_NAME":"AR_Pemukiman.shp","id":null,"LUAS":null,"PERIMETER":"371.95 m","ENCLOSED_A":"0.529 ha","LENGTH":null,"WIDTH":null,"ISLAND_ARE":null},"geometry":{"type":"MultiPolygon","coordinates":[[[[111.847256,-7.20905],[111.847295,-7.209012],[111.847318,-7.20896],[111.847363,-7.208731],[111.847438,-7.208426],[111.84745,-7.208407],[111.84747,-7.208397],[111.847515,-7.208396],[111.847591,-7.208404],[111.847643,-7.208398],[111.847694,-7.208319],[111.847698,-7.208166],[111.848176,-7.208161],[111.848201,-7.20816],[111.848259,-7.20819],[111.848288,-7.208231],[111.848275,-7.208287],[111.848241,-7.208338],[111.848181,-7.208376],[111.84809,-7.208428],[111.848062,-7.208423],[111.848016,-7.208432],[111.847932,-7.20849],[111.847883,-7.208681],[111.847834,-7.208664],[111.847757,-7.208887],[111.847682,-7.208857],[111.8476,-7.209007],[111.84755,-7.209062],[111.84752,-7.209085],[111.847465,-7.2091],[111.847459,-7.209127],[111.847256,-7.20905]]]]}},{"type":"Feature","properties":{"GM_LAYER":"Unknown Area Type","LAYER":"Unknown Area Type","MAP_NAME":"AR_Pemukiman.shp","id":null,"LUAS":null,"PERIMETER":"1.844 km","ENCLOSED_A":"2.618 ha","LENGTH":null,"WIDTH":null,"ISLAND_ARE":null},"geometry":{"type":"MultiPolygon","coordinates":[[[[111.84772,-7.207722],[111.847725,-7.207662],[111.84773,-7.207616],[111.847735,-7.207528],[111.847739,-7.207405],[111.847755,-7.207269],[111.847763,-7.207155],[111.847773,-7.207038],[111.847776,-7.206997],[111.847783,-7.20697],[111.847806,-7.206899],[111.84782,-7.206855],[111.847833,-7.206822],[111.847853,-7.206768],[111.847871,-7.206739],[111.847893,-7.20672],[111.847916,-7.206711],[111.847943,-7.206711],[111.84797,-7.206717],[111.848003,-7.206728],[111.848077,-7.20675],[111.848141,-7.206766],[111.848166,-7.206767],[111.848187,-7.20677],[111.848198,-7.206776],[111.848201,-7.20678],[111.848202,-7.2068],[111.848193,-7.206874],[111.848196,-7.206891],[111.848203,-7.206907],[111.848212,-7.206916],[111.848226,-7.206926],[111.84824,-7.206935],[111.848318,-7.206957],[111.848395,-7.206985],[111.848437,-7.206997],[111.848437,-7.206997],[111.848448,-7.207],[111.848534,-7.207019],[111.848605,-7.207038],[111.848713,-7.207066],[111.848879,-7.207112],[111.84898,-7.207135],[111.849071,-7.207149],[111.849088,-7.207153],[111.849095,-7.207151],[111.849096,-7.207142],[111.849097,-7.207133],[111.849097,-7.20713],[111.84908,-7.207126],[111.848929,-7.207099],[111.848836,-7.207073],[111.848727,-7.207047],[111.848581,-7.207008],[111.848484,-7.206983],[111.848408,-7.206963],[111.848311,-7.206933],[111.84825,-7.20691],[111.848231,-7.2069],[111.848223,-7.206884],[111.848219,-7.206853],[111.848218,-7.206824],[111.848225,-7.206773],[111.848225,-7.206752],[111.848225,-7.206749],[111.848276,-7.206701],[111.848308,-7.206662],[111.848332,-7.206632],[111.848352,-7.206583],[111.848367,-7.206549],[111.848594,-7.206605],[111.848843,-7.206657],[111.848818,-7.206776],[111.848789,-7.206921],[111.849016,-7.206954],[111.849033,-7.207014],[111.849031,-7.207102],[111.849111,-7.207118],[111.849106,-7.207157],[111.849093,-7.207161],[111.848928,-7.207131],[111.848909,-7.207228],[111.849028,-7.207258],[111.849101,-7.207294],[111.849238,-7.207333],[111.849235,-7.207381],[111.849254,-7.207433],[111.849343,-7.207472],[111.849348,-7.20745],[111.849425,-7.207471],[111.849446,-7.207403],[111.849494,-7.207238],[111.849598,-7.207251],[111.849607,-7.207175],[111.849568,-7.207088],[111.849559,-7.207026],[111.849561,-7.206957],[111.849316,-7.206934],[111.849118,-7.206916],[111.849107,-7.206917],[111.84912,-7.20674],[111.84912,-7.206714],[111.849509,-7.206795],[111.849966,-7.206874],[111.849962,-7.206895],[111.84994,-7.207051],[111.849921,-7.207192],[111.849916,-7.207271],[111.849908,-7.20747],[111.8499,-7.207695],[111.849887,-7.207961],[111.849877,-7.208158],[111.849846,-7.20844],[111.849831,-7.208636],[111.849822,-7.208789],[111.849813,-7.209085],[111.849809,-7.209221],[111.849391,-7.209246],[111.849406,-7.209037],[111.84958,-7.20905],[111.849586,-7.209038],[111.849589,-7.209],[111.849595,-7.208929],[111.849596,-7.20892],[111.849609,-7.208779],[111.849593,-7.208773],[111.849476,-7.208762],[111.849498,-7.208459],[111.849089,-7.208428],[111.849106,-7.208208],[111.849143,-7.208214],[111.849173,-7.208227],[111.849211,-7.208235],[111.849499,-7.208259],[111.849826,-7.208308],[111.849838,-7.208162],[111.849768,-7.208153],[111.849721,-7.208148],[111.84961,-7.208133],[111.84956,-7.208123],[111.849508,-7.208117],[111.849513,-7.208057],[111.849531,-7.207952],[111.849503,-7.207949],[111.84947,-7.20794],[111.849291,-7.207904],[111.849244,-7.207896],[111.849201,-7.20789],[111.849153,-7.207879],[111.849154,-7.207873],[111.849161,-7.207808],[111.849166,-7.207772],[111.84918,-7.207695],[111.849191,-7.207647],[111.849195,-7.207626],[111.849186,-7.207622],[111.848996,-7.207578],[111.848942,-7.207568],[111.848963,-7.207485],[111.848959,-7.207485],[111.848954,-7.207483],[111.84893,-7.207479],[111.848902,-7.207471],[111.848873,-7.207462],[111.848847,-7.207448],[111.848832,-7.207454],[111.848811,-7.207458],[111.848766,-7.207442],[111.848775,-7.20742],[111.848761,-7.207413],[111.848731,-7.207398],[111.848196,-7.207284],[111.848163,-7.20765],[111.848104,-7.207664],[111.848016,-7.207685],[111.848004,-7.207706],[111.847991,-7.20779],[111.84772,-7.207722]]]]}},{"type":"Feature","properties":{"GM_LAYER":"Unknown Area Type","LAYER":"Unknown Area Type","MAP_NAME":"AR_Pemukiman.shp","id":null,"LUAS":null,"PERIMETER":"600.87 m","ENCLOSED_A":"0.9 ha","LENGTH":null,"WIDTH":null,"ISLAND_ARE":null},"geometry":{"type":"MultiPolygon","coordinates":[[[[111.848941,-7.204922],[111.848968,-7.204724],[111.849044,-7.204551],[111.849254,-7.204616],[111.849295,-7.204538],[111.849247,-7.204519],[111.849386,-7.204352],[111.849397,-7.204344],[111.849617,-7.204394],[111.849636,-7.20439],[111.849787,-7.204151],[111.849807,-7.20414],[111.84986,-7.204061],[111.84987,-7.204036],[111.84987,-7.204021],[111.849883,-7.203986],[111.849891,-7.20397],[111.849899,-7.203966],[111.849961,-7.203996],[111.85019,-7.204123],[111.850209,-7.20413],[111.85022,-7.20413],[111.850236,-7.204131],[111.85025,-7.20413],[111.850273,-7.204088],[111.850446,-7.203477],[111.850476,-7.20348],[111.850458,-7.20354],[111.850319,-7.204004],[111.850255,-7.204223],[111.850244,-7.204253],[111.850161,-7.204469],[111.850092,-7.20464],[111.850051,-7.204742],[111.85001,-7.204854],[111.849997,-7.204902],[111.849988,-7.204953],[111.848941,-7.204922]]]]}},{"type":"Feature","properties":{"GM_LAYER":"Unknown Area Type","LAYER":"Unknown Area Type","MAP_NAME":"AR_Pemukiman.shp","id":null,"LUAS":null,"PERIMETER":"71.248 m","ENCLOSED_A":"0.00723 ha","LENGTH":null,"WIDTH":null,"ISLAND_ARE":null},"geometry":{"type":"MultiPolygon","coordinates":[[[[111.851838,-7.203868],[111.851838,-7.203861],[111.851879,-7.203802],[111.851892,-7.203779],[111.851908,-7.203747],[111.851919,-7.203723],[111.851928,-7.203696],[111.851941,-7.203665],[111.851954,-7.203627],[111.851962,-7.203603],[111.851983,-7.203605],[111.851961,-7.203674],[111.851952,-7.203704],[111.85193,-7.203745],[111.851916,-7.20377],[111.851893,-7.203808],[111.85185,-7.203882],[111.851849,-7.203881],[111.851841,-7.203874],[111.851838,-7.203868]]]]}},{"type":"Feature","properties":{"GM_LAYER":"Unknown Area Type","LAYER":"Unknown Area Type","MAP_NAME":"AR_Pemukiman.shp","id":null,"LUAS":null,"PERIMETER":"294.87 m","ENCLOSED_A":"0.01795 ha","LENGTH":null,"WIDTH":null,"ISLAND_ARE":null},"geometry":{"type":"MultiPolygon","coordinates":[[[[111.85116,-7.204935],[111.851161,-7.204913],[111.85117,-7.204894],[111.851185,-7.20487],[111.851198,-7.204848],[111.851216,-7.204828],[111.851247,-7.204799],[111.851268,-7.20478],[111.851295,-7.204757],[111.851325,-7.204727],[111.851365,-7.20469],[111.851386,-7.204663],[111.851402,-7.20464],[111.851425,-7.20461],[111.851443,-7.20458],[111.851462,-7.204545],[111.851472,-7.204545],[111.851476,-7.204546],[111.851489,-7.204522],[111.851479,-7.20451],[111.851655,-7.204191],[111.851772,-7.203991],[111.851828,-7.203893],[111.851834,-7.203891],[111.851839,-7.203893],[111.851843,-7.203895],[111.851846,-7.203889],[111.851838,-7.203902],[111.85173,-7.204091],[111.851642,-7.204237],[111.851562,-7.204393],[111.851473,-7.204551],[111.851414,-7.204646],[111.851398,-7.204669],[111.851383,-7.204689],[111.851358,-7.204714],[111.851329,-7.204737],[111.851291,-7.204771],[111.85125,-7.204806],[111.851225,-7.204828],[111.851204,-7.204853],[111.851183,-7.20488],[111.851174,-7.204897],[111.851168,-7.204912],[111.851167,-7.204923],[111.851168,-7.20494],[111.851172,-7.204988],[111.851163,-7.204988],[111.851163,-7.204984],[111.85116,-7.204935]]]]}},{"type":"Feature","properties":{"GM_LAYER":"Unknown Area Type","LAYER":"Unknown Area Type","MAP_NAME":"AR_Pemukiman.shp","id":null,"LUAS":null,"PERIMETER":"92.835 m","ENCLOSED_A":"0.01714 ha","LENGTH":null,"WIDTH":null,"ISLAND_ARE":null},"geometry":{"type":"MultiPolygon","coordinates":[[[[111.870464,-7.206101],[111.870493,-7.205885],[111.870515,-7.205722],[111.870556,-7.205727],[111.870495,-7.206106],[111.870464,-7.206101]]]]}},{"type":"Feature","properties":{"GM_LAYER":"Unknown Area Type","LAYER":"Unknown Area Type","MAP_NAME":"AR_Pemukiman.shp","id":null,"LUAS":null,"PERIMETER":"266.54 m","ENCLOSED_A":"0.0596 ha","LENGTH":null,"WIDTH":null,"ISLAND_ARE":null},"geometry":{"type":"MultiPolygon","coordinates":[[[[111.869784,-7.211121],[111.869746,-7.211112],[111.869871,-7.210113],[111.869892,-7.209957],[111.869936,-7.209967],[111.869784,-7.211121]]]]}},{"type":"Feature","properties":{"GM_LAYER":"Unknown Area Type","LAYER":"Unknown Area Type","MAP_NAME":"AR_Pemukiman.shp","id":null,"LUAS":null,"PERIMETER":"119.23 m","ENCLOSED_A":"0.0859 ha","LENGTH":null,"WIDTH":null,"ISLAND_ARE":null},"geometry":{"type":"MultiPolygon","coordinates":[[[[111.903034,-7.177553],[111.903048,-7.177567],[111.903073,-7.177473],[111.903156,-7.177385],[111.903172,-7.177371],[111.903408,-7.177562],[111.903379,-7.177593],[111.903258,-7.177732],[111.903234,-7.177725],[111.903106,-7.177621],[111.903034,-7.177553]]]]}},{"type":"Feature","properties":{"GM_LAYER":"Unknown Area Type","LAYER":"Unknown Area Type","MAP_NAME":"AR_Pemukiman.shp","id":null,"LUAS":null,"PERIMETER":"168.81 m","ENCLOSED_A":"0.1466 ha","LENGTH":null,"WIDTH":null,"ISLAND_ARE":null},"geometry":{"type":"MultiPolygon","coordinates":[[[[111.974275,-7.188681],[111.974299,-7.188778],[111.97438,-7.189258],[111.974281,-7.18922],[111.974171,-7.189131],[111.974093,-7.189013],[111.974012,-7.188831],[111.974004,-7.188802],[111.973997,-7.188774],[111.974275,-7.188681]]]]}},{"type":"Feature","properties":{"GM_LAYER":"Unknown Area Type","LAYER":"Unknown Area Type","MAP_NAME":"AR_Pemukiman.shp","id":null,"LUAS":null,"PERIMETER":"164.26 m","ENCLOSED_A":"0.1462 ha","LENGTH":null,"WIDTH":null,"ISLAND_ARE":null},"geometry":{"type":"MultiPolygon","coordinates":[[[[111.973936,-7.188499],[111.973947,-7.188358],[111.974,-7.188227],[111.974091,-7.188119],[111.974212,-7.188045],[111.974245,-7.188031],[111.974255,-7.188085],[111.974228,-7.188101],[111.974273,-7.188296],[111.974293,-7.188298],[111.974311,-7.188435],[111.97395,-7.188557],[111.973936,-7.188499]]]]}},{"type":"Feature","properties":{"GM_LAYER":"Unknown Area Type","LAYER":"Unknown Area Type","MAP_NAME":"AR_Pemukiman.shp","id":null,"LUAS":null,"PERIMETER":"756.96 m","ENCLOSED_A":"1.356 ha","LENGTH":null,"WIDTH":null,"ISLAND_ARE":null},"geometry":{"type":"MultiPolygon","coordinates":[[[[111.942624,-7.193932],[111.942624,-7.193917],[111.942722,-7.193905],[111.94273,-7.193904],[111.942794,-7.193903],[111.942807,-7.193903],[111.942898,-7.193862],[111.943193,-7.193699],[111.94322,-7.193691],[111.943186,-7.193727],[111.943209,-7.1938],[111.943251,-7.193839],[111.943261,-7.193873],[111.943263,-7.193921],[111.943282,-7.193964],[111.943312,-7.194011],[111.943381,-7.194017],[111.94341,-7.193989],[111.943445,-7.19397],[111.943857,-7.193999],[111.943876,-7.193823],[111.943793,-7.193806],[111.9438,-7.193711],[111.944228,-7.193772],[111.944302,-7.193867],[111.944346,-7.19391],[111.944378,-7.193921],[111.944406,-7.193893],[111.944418,-7.193862],[111.944433,-7.193878],[111.944608,-7.194161],[111.944568,-7.19418],[111.944539,-7.19419],[111.944149,-7.194312],[111.943933,-7.194397],[111.943809,-7.194467],[111.943874,-7.194572],[111.943903,-7.194628],[111.943915,-7.194657],[111.943965,-7.194796],[111.943976,-7.194832],[111.943983,-7.194863],[111.944024,-7.195071],[111.944052,-7.19512],[111.943957,-7.195107],[111.943643,-7.195049],[111.943523,-7.195023],[111.943452,-7.195011],[111.943429,-7.194991],[111.94342,-7.19496],[111.943405,-7.194903],[111.943375,-7.194838],[111.94333,-7.194769],[111.943308,-7.194707],[111.943308,-7.194504],[111.943368,-7.194421],[111.943398,-7.194351],[111.94337,-7.194273],[111.943129,-7.194171],[111.943039,-7.194165],[111.942977,-7.194146],[111.942906,-7.194073],[111.942845,-7.194008],[111.942624,-7.193932]]]]}},{"type":"Feature","properties":{"GM_LAYER":"Unknown Area Type","LAYER":"Unknown Area Type","MAP_NAME":"AR_Pemukiman.shp","id":null,"LUAS":null,"PERIMETER":"208.52 m","ENCLOSED_A":"0.1726 ha","LENGTH":null,"WIDTH":null,"ISLAND_ARE":null},"geometry":{"type":"MultiPolygon","coordinates":[[[[111.974323,-7.188275],[111.974353,-7.188201],[111.974636,-7.18808],[111.974688,-7.187843],[111.974705,-7.187835],[111.974709,-7.187834],[111.974738,-7.18782],[111.974743,-7.187818],[111.974766,-7.187807],[111.97477,-7.187805],[111.974789,-7.187795],[111.974839,-7.187768],[111.974781,-7.188265],[111.97437,-7.188417],[111.974323,-7.188275]]]]}},{"type":"Feature","properties":{"GM_LAYER":"Unknown Area Type","LAYER":"Unknown Area Type","MAP_NAME":"AR_Pemukiman.shp","id":null,"LUAS":null,"PERIMETER":"14.187 m","ENCLOSED_A":"0.0000264 ha","LENGTH":null,"WIDTH":null,"ISLAND_ARE":null},"geometry":{"type":"MultiPolygon","coordinates":[[[[111.974341,-7.188769],[111.974331,-7.188706],[111.974342,-7.188769],[111.974341,-7.188769]]]]}},{"type":"Feature","properties":{"GM_LAYER":"Unknown Area Type","LAYER":"Unknown Area Type","MAP_NAME":"AR_Pemukiman.shp","id":null,"LUAS":"4546","PERIMETER":"378.81 m","ENCLOSED_A":"0.4543 ha","LENGTH":null,"WIDTH":null,"ISLAND_ARE":null},"geometry":{"type":"MultiPolygon","coordinates":[[[[111.879437,-7.212368],[111.879438,-7.212407],[111.879442,-7.212416],[111.879449,-7.212429],[111.879507,-7.212504],[111.879518,-7.212517],[111.879536,-7.212545],[111.879556,-7.21259],[111.879564,-7.212613],[111.879567,-7.212628],[111.879568,-7.212662],[111.879566,-7.212665],[111.879561,-7.212666],[111.87953,-7.212668],[111.879496,-7.212673],[111.879447,-7.21268],[111.879412,-7.212692],[111.879365,-7.212707],[111.879319,-7.212724],[111.879319,-7.212732],[111.879324,-7.21275],[111.879331,-7.212758],[111.879343,-7.212762],[111.879362,-7.212775],[111.879368,-7.212787],[111.879383,-7.212807],[111.87942,-7.212882],[111.87944,-7.212909],[111.87946,-7.212945],[111.879475,-7.212991],[111.879478,-7.21302],[111.879477,-7.21304],[111.879475,-7.213051],[111.87946,-7.213061],[111.879457,-7.213066],[111.879459,-7.213071],[111.879472,-7.213083],[111.879485,-7.213088],[111.8795,-7.213094],[111.879415,-7.213085],[111.879418,-7.213059],[111.879418,-7.213049],[111.879417,-7.213046],[111.879413,-7.213041],[111.879408,-7.213028],[111.879377,-7.212957],[111.879341,-7.212865],[111.879291,-7.212776],[111.879249,-7.212694],[111.879232,-7.212662],[111.879191,-7.212602],[111.879177,-7.212583],[111.879161,-7.212567],[111.8791,-7.212499],[111.879083,-7.212464],[111.879032,-7.212352],[111.879013,-7.212312],[111.878995,-7.212273],[111.878985,-7.212259],[111.878972,-7.212246],[111.878941,-7.212218],[111.878922,-7.212204],[111.878914,-7.212201],[111.878904,-7.212191],[111.878914,-7.212163],[111.878916,-7.212146],[111.878911,-7.212122],[111.878908,-7.212093],[111.878914,-7.212058],[111.878915,-7.212056],[111.878915,-7.212056],[111.878926,-7.212014],[111.878955,-7.211919],[111.878969,-7.211892],[111.878972,-7.211889],[111.878983,-7.211879],[111.879,-7.211874],[111.879012,-7.211873],[111.879013,-7.211872],[111.879017,-7.211871],[111.879035,-7.211866],[111.879054,-7.211857],[111.879083,-7.211856],[111.8791,-7.211856],[111.879124,-7.211869],[111.87918,-7.211899],[111.879234,-7.211925],[111.879268,-7.211945],[111.879298,-7.211965],[111.879381,-7.212003],[111.879415,-7.212015],[111.879452,-7.212023],[111.879486,-7.212027],[111.879498,-7.212034],[111.879505,-7.21204],[111.879504,-7.212051],[111.879497,-7.212061],[111.879463,-7.212127],[111.879433,-7.212184],[111.879433,-7.212193],[111.879433,-7.212212],[111.879436,-7.21224],[111.879439,-7.212261],[111.879439,-7.212301],[111.879437,-7.212368]]]]}},{"type":"Feature","properties":{"GM_LAYER":"Unknown Area Type","LAYER":"Unknown Area Type","MAP_NAME":"AR_Pemukiman.shp","id":null,"LUAS":"12537","PERIMETER":"439.61 m","ENCLOSED_A":"0.55 ha","LENGTH":null,"WIDTH":null,"ISLAND_ARE":null},"geometry":{"type":"MultiPolygon","coordinates":[[[[111.880397,-7.212248],[111.880445,-7.212188],[111.880497,-7.21212],[111.880522,-7.212091],[111.880543,-7.212066],[111.880585,-7.212032],[111.880612,-7.212017],[111.88064,-7.212012],[111.880674,-7.212009],[111.880719,-7.212011],[111.880816,-7.212017],[111.880958,-7.21203],[111.881082,-7.21204],[111.881173,-7.212099],[111.881179,-7.212103],[111.881421,-7.212251],[111.881427,-7.212255],[111.881673,-7.212394],[111.88168,-7.212398],[111.881931,-7.212528],[111.881938,-7.212532],[111.882039,-7.21258],[111.881935,-7.212564],[111.88191,-7.212657],[111.881585,-7.21259],[111.881552,-7.212673],[111.881378,-7.212692],[111.881342,-7.212455],[111.880801,-7.21234],[111.880744,-7.212377],[111.880684,-7.21244],[111.880397,-7.212248]]]]}},{"type":"Feature","properties":{"GM_LAYER":"Unknown Area Type","LAYER":"Unknown Area Type","MAP_NAME":"AR_Pemukiman.shp","id":null,"LUAS":"10227,,3946,7829,,","PERIMETER":"2.431 km","ENCLOSED_A":"5.782 ha","LENGTH":null,"WIDTH":null,"ISLAND_ARE":null},"geometry":{"type":"MultiPolygon","coordinates":[[[[111.936443,-7.198675],[111.936695,-7.197764],[111.937846,-7.197416],[111.937888,-7.197339],[111.93799,-7.197241],[111.938117,-7.197179],[111.938151,-7.197169],[111.938219,-7.197148],[111.938225,-7.197147],[111.938293,-7.197126],[111.938447,-7.197078],[111.938466,-7.197072],[111.938494,-7.197064],[111.938611,-7.197028],[111.938628,-7.197022],[111.938632,-7.197021],[111.938662,-7.197011],[111.938665,-7.19701],[111.938667,-7.197009],[111.938689,-7.197001],[111.938694,-7.196999],[111.938699,-7.196997],[111.938696,-7.197007],[111.938699,-7.196997],[111.938713,-7.196992],[111.938765,-7.196971],[111.938933,-7.196903],[111.939093,-7.196839],[111.939264,-7.196865],[111.939346,-7.196881],[111.939372,-7.196882],[111.939479,-7.196886],[111.939643,-7.196911],[111.939653,-7.196917],[111.939658,-7.196925],[111.939659,-7.196934],[111.939652,-7.197059],[111.939652,-7.197073],[111.939653,-7.197086],[111.9397,-7.197269],[111.9397,-7.197278],[111.939699,-7.197286],[111.939603,-7.197322],[111.939532,-7.197352],[111.939454,-7.197386],[111.939362,-7.197424],[111.939258,-7.197468],[111.938889,-7.197623],[111.938675,-7.197713],[111.938573,-7.197444],[111.938525,-7.197279],[111.9385,-7.197287],[111.938553,-7.19745],[111.938654,-7.197723],[111.938626,-7.197734],[111.938629,-7.19774],[111.937641,-7.198188],[111.937609,-7.198203],[111.937584,-7.198139],[111.937556,-7.198038],[111.937545,-7.197991],[111.937526,-7.197871],[111.937516,-7.197708],[111.937476,-7.197716],[111.937479,-7.197833],[111.937486,-7.197916],[111.937436,-7.197937],[111.937309,-7.197947],[111.937185,-7.197944],[111.937122,-7.197929],[111.937069,-7.197924],[111.937064,-7.19796],[111.937129,-7.197967],[111.937156,-7.197971],[111.93718,-7.197979],[111.937244,-7.197982],[111.937375,-7.197974],[111.937502,-7.197952],[111.937569,-7.198222],[111.937218,-7.198389],[111.936995,-7.198455],[111.937001,-7.198509],[111.937233,-7.198455],[111.937553,-7.198319],[111.938212,-7.198014],[111.938551,-7.197866],[111.938552,-7.197867],[111.938403,-7.198574],[111.938451,-7.198584],[111.938609,-7.197841],[111.938661,-7.197818],[111.938663,-7.197817],[111.938665,-7.197821],[111.938971,-7.197688],[111.939269,-7.197568],[111.939491,-7.197474],[111.939609,-7.197425],[111.939717,-7.19738],[111.939838,-7.197333],[111.939991,-7.197274],[111.940083,-7.19724],[111.940216,-7.197192],[111.940353,-7.197147],[111.940466,-7.197111],[111.940624,-7.197063],[111.940882,-7.196993],[111.940893,-7.197002],[111.940937,-7.197186],[111.940896,-7.197197],[111.9409,-7.197175],[111.940898,-7.197155],[111.940894,-7.197138],[111.940886,-7.197117],[111.940874,-7.197102],[111.940858,-7.1971],[111.940646,-7.19716],[111.940635,-7.197165],[111.94063,-7.197173],[111.940581,-7.1974],[111.940563,-7.197469],[111.940544,-7.197507],[111.940504,-7.197541],[111.940434,-7.197587],[111.940404,-7.197601],[111.940376,-7.197605],[111.940345,-7.197602],[111.940305,-7.197594],[111.940276,-7.197594],[111.940017,-7.197623],[111.940023,-7.19776],[111.939404,-7.197911],[111.93939,-7.198031],[111.939488,-7.198154],[111.938556,-7.198805],[111.936889,-7.199112],[111.936443,-7.198675]]]]}},{"type":"Feature","properties":{"GM_LAYER":"Unknown Area Type","LAYER":"Unknown Area Type","MAP_NAME":"AR_Pemukiman.shp","id":null,"LUAS":"10227,,3946,7829,,","PERIMETER":"105.08 m","ENCLOSED_A":"0.04423 ha","LENGTH":null,"WIDTH":null,"ISLAND_ARE":null},"geometry":{"type":"MultiPolygon","coordinates":[[[[111.939116,-7.19683],[111.939123,-7.196827],[111.939124,-7.196827],[111.939209,-7.196792],[111.939211,-7.196792],[111.939229,-7.196785],[111.939233,-7.196783],[111.939236,-7.196782],[111.93924,-7.19678],[111.939281,-7.196765],[111.939285,-7.196764],[111.939288,-7.196762],[111.939292,-7.196761],[111.939305,-7.196756],[111.939308,-7.196755],[111.939311,-7.196754],[111.939313,-7.196753],[111.939338,-7.196745],[111.939343,-7.196743],[111.939347,-7.196742],[111.939352,-7.19674],[111.939393,-7.196727],[111.939396,-7.196726],[111.939399,-7.196725],[111.939403,-7.196724],[111.939407,-7.196723],[111.939408,-7.196723],[111.939489,-7.196698],[111.939501,-7.196694],[111.939496,-7.196748],[111.939478,-7.196867],[111.939476,-7.19687],[111.939472,-7.196873],[111.939401,-7.19687],[111.939352,-7.196867],[111.939299,-7.196858],[111.939116,-7.19683]]]]}},{"type":"Feature","properties":{"GM_LAYER":"Unknown Area Type","LAYER":"Unknown Area Type","MAP_NAME":"AR_Pemukiman.shp","id":null,"LUAS":"10227,,3946,7829,,","PERIMETER":"315.31 m","ENCLOSED_A":"0.4895 ha","LENGTH":null,"WIDTH":null,"ISLAND_ARE":null},"geometry":{"type":"MultiPolygon","coordinates":[[[[111.939493,-7.196874],[111.939492,-7.196867],[111.939509,-7.196757],[111.939518,-7.196689],[111.939518,-7.196689],[111.939662,-7.196646],[111.939736,-7.196624],[111.939737,-7.196623],[111.93974,-7.196622],[111.939742,-7.196622],[111.939839,-7.196593],[111.939907,-7.196573],[111.939907,-7.196573],[111.939911,-7.196572],[111.939912,-7.196571],[111.939917,-7.19657],[111.939917,-7.19657],[111.940015,-7.196542],[111.940147,-7.196503],[111.940133,-7.196407],[111.940207,-7.196428],[111.940266,-7.196446],[111.940297,-7.196456],[111.940301,-7.196459],[111.940302,-7.196465],[111.940299,-7.196476],[111.940256,-7.196651],[111.940241,-7.196718],[111.940233,-7.196775],[111.940227,-7.196829],[111.940224,-7.196864],[111.94023,-7.196979],[111.940242,-7.197081],[111.940136,-7.197117],[111.94008,-7.197138],[111.939954,-7.197183],[111.939837,-7.19723],[111.939726,-7.197275],[111.939721,-7.197271],[111.939717,-7.197265],[111.93967,-7.197084],[111.939669,-7.197072],[111.939669,-7.197061],[111.939674,-7.196935],[111.939674,-7.196925],[111.93967,-7.196915],[111.939663,-7.196908],[111.939657,-7.196903],[111.939649,-7.196901],[111.939496,-7.196877],[111.939493,-7.196874]]]]}}]}