{
"type": "FeatureCollection",
"name": "pipa_gresem",
"crs": { "type": "name", "properties": { "name": "urn:ogc:def:crs:OGC:1.3:CRS84" } },
"features": [
{ "type": "Feature", "properties": { "OBJECTID": 1, "Name": "Pipeline Gresik-Semarang", "PopupInfo": "Pertagas EJA", "Pipe_dia": 28, "Deskripsi": "Onshore pipeline", "Distrik": "Distrik Semarang", "Pressure": 660, "Operating": 550, "Capacity": 275, "Supply": "PEPC JTB dan KJG Kepodang", "Downstream": "IPTambaklorok dan CISEM I", "Shape_Le_1": 2.4970944358099998 }, "geometry": { "type": "MultiLineString", "coordinates": [ [ [ 111.80876963700922, -7.135892404310942, 0.0 ], [ 111.808871904314969, -7.135934149941021, 0.0 ], [ 111.808974087084493, -7.135975861396837, 0.0 ], [ 111.809076438027262, -7.13601764030182, 0.0 ], [ 111.809178705333068, -7.136059385931843, 0.0 ], [ 111.809280888102592, -7.136101097387662, 0.0 ], [ 111.809383071771379, -7.136142807944163, 0.0 ], [ 111.809485255440222, -7.136184519399996, 0.0 ], [ 111.809587438209746, -7.136226230855808, 0.0 ], [ 111.809689538241685, -7.136267907238103, 0.0 ], [ 111.809791721011152, -7.13630961779456, 0.0 ], [ 111.809893291342405, -7.136352101768012, 0.0 ], [ 111.809905819797791, -7.136357342117613, 0.0 ], [ 111.809995251979331, -7.136394586640791, 0.0 ], [ 111.810096770149869, -7.136438118324467, 0.0 ], [ 111.810198332387188, -7.136481533995553, 0.0 ], [ 111.810299903617704, -7.136524948767325, 0.0 ], [ 111.810401475747597, -7.136568364438406, 0.0 ], [ 111.810503038884178, -7.136611779210165, 0.0 ], [ 111.810604610114751, -7.136655194881323, 0.0 ], [ 111.810706172352013, -7.136698610552408, 0.0 ], [ 111.810807743582586, -7.13674201723029, 0.0 ], [ 111.810909314813102, -7.136785432002054, 0.0 ], [ 111.811010877949741, -7.136828846773823, 0.0 ], [ 111.811112449180257, -7.136872262444911, 0.0 ], [ 111.811214021310093, -7.136915677216679, 0.0 ], [ 111.811315584446731, -7.136959092887762, 0.0 ], [ 111.811417154777928, -7.137002507659531, 0.0 ], [ 111.811518717914566, -7.137045923330678, 0.0 ], [ 111.811620289145083, -7.137089338102441, 0.0 ], [ 111.811663330698195, -7.13710773643283, 0.0 ], [ 111.811764892935514, -7.137151150305264, 0.0 ], [ 111.81186646596467, -7.137194565077091, 0.0 ], [ 111.811968037195243, -7.137237979848865, 0.0 ], [ 111.812069606627119, -7.137281390124026, 0.0 ], [ 111.812170857698959, -7.137325084584918, 0.0 ], [ 111.8122722769441, -7.137368853689622, 0.0 ], [ 111.812373697088503, -7.137412621894951, 0.0 ], [ 111.81247510823971, -7.137456390999598, 0.0 ], [ 111.812576526585474, -7.137500160104254, 0.0 ], [ 111.81267793773668, -7.137543929208906, 0.0 ], [ 111.812779356981821, -7.137587697414235, 0.0 ], [ 111.812880776226905, -7.137631465619628, 0.0 ], [ 111.812982187378111, -7.137675234724266, 0.0 ], [ 111.813083605723875, -7.137719002929608, 0.0 ], [ 111.813184940432734, -7.137762734262703, 0.0 ], [ 111.813283859562546, -7.13780588373448, 0.0 ], [ 111.813385271613072, -7.137849652839172, 0.0 ], [ 111.813486690858156, -7.137893421943836, 0.0 ], [ 111.813588102009362, -7.137937190149164, 0.0 ], [ 111.813689521254446, -7.137980958354493, 0.0 ], [ 111.813790941398906, -7.138024726559816, 0.0 ], [ 111.813892351650793, -7.138068494765155, 0.0 ], [ 111.813993770895877, -7.138112262970537, 0.0 ], [ 111.8140951919396, -7.138156032075186, 0.0 ], [ 111.814196602191487, -7.138199801179841, 0.0 ], [ 111.814298022335947, -7.138243569385168, 0.0 ], [ 111.814399432587777, -7.138287336691176, 0.0 ], [ 111.814500851832918, -7.138331104896509, 0.0 ], [ 111.814602271977321, -7.138374865007962, 0.0 ], [ 111.814703683128528, -7.138418633213295, 0.0 ], [ 111.814791152989358, -7.138455999144973, 0.0 ], [ 111.814906519820113, -7.138506648063298, 0.0 ], [ 111.815007940863836, -7.138550417167945, 0.0 ], [ 111.815109351115723, -7.13859418537334, 0.0 ], [ 111.815210772159446, -7.138637951780018, 0.0 ], [ 111.815312182411333, -7.138681719985364, 0.0 ], [ 111.815413015298475, -7.138726823683892, 0.0 ], [ 111.815513840091683, -7.138771937275061, 0.0 ], [ 111.815614664884947, -7.138817049067545, 0.0 ], [ 111.815717038310709, -7.138860325343677, 0.0 ], [ 111.815817862204653, -7.138905428142944, 0.0 ], [ 111.815921509070449, -7.138949235019142, 0.0 ], [ 111.816037959584207, -7.139000345289682, 0.0 ], [ 111.816123167650119, -7.139039451409535, 0.0 ], [ 111.816223992443383, -7.13908455420875, 0.0 ], [ 111.816324816337271, -7.139129666900546, 0.0 ], [ 111.816425641130479, -7.139174778693024, 0.0 ], [ 111.816526465923744, -7.139219883290934, 0.0 ], [ 111.816627289817632, -7.139264995083406, 0.0 ], [ 111.816728114610839, -7.139310106875887, 0.0 ], [ 111.816828916021734, -7.13935948864946, 0.0 ], [ 111.816929750707516, -7.139404592347996, 0.0 ], [ 111.817027748931537, -7.139455081187013, 0.0 ], [ 111.817125399117913, -7.139506237322963, 0.0 ], [ 111.81722323906132, -7.139557484290437, 0.0 ], [ 111.817328710651509, -7.139612741334866, 0.0 ], [ 111.817416195800831, -7.139664875033926, 0.0 ], [ 111.817511311697729, -7.139721000823501, 0.0 ], [ 111.817606427594626, -7.139777137404904, 0.0 ], [ 111.817701544390843, -7.13983327218773, 0.0 ], [ 111.817794340036812, -7.139893059117348, 0.0 ], [ 111.817882121063121, -7.139949023928231, 0.0 ], [ 111.817901240649803, -7.139961133299605, 0.0 ], [ 111.817989145782519, -7.140016902957659, 0.0 ], [ 111.818079857699331, -7.140075173630294, 0.0 ], [ 111.818172605681241, -7.140134965056522, 0.0 ], [ 111.81826573137846, -7.140194335600094, 0.0 ], [ 111.81835885617636, -7.140253707942242, 0.0 ], [ 111.818451980974203, -7.140313080284384, 0.0 ], [ 111.818544778418868, -7.140372875307886, 0.0 ], [ 111.818637903216711, -7.140432246750716, 0.0 ], [ 111.818731028014611, -7.140491619092931, 0.0 ], [ 111.818824143819256, -7.140550989636437, 0.0 ], [ 111.818916941263865, -7.140610776566067, 0.0 ], [ 111.819010066061765, -7.140670148008891, 0.0 ], [ 111.819103191758927, -7.140729520351039, 0.0 ], [ 111.819183351930235, -7.140780599145275, 0.0 ], [ 111.81919869976025, -7.140790203904707, 0.0 ], [ 111.819283118221392, -7.140843021088535, 0.0 ], [ 111.819376778115895, -7.140901546269282, 0.0 ], [ 111.819470440708358, -7.140960066953475, 0.0 ], [ 111.819563598781144, -7.141019908741726, 0.0 ], [ 111.819656388131875, -7.141079703765285, 0.0 ], [ 111.819749512929718, -7.141139075208115, 0.0 ], [ 111.819842638626938, -7.141198446650951, 0.0 ], [ 111.8199357643241, -7.141257818093775, 0.0 ], [ 111.820028595043709, -7.141318075368813, 0.0 ], [ 111.820121719841552, -7.14137744591232, 0.0 ], [ 111.820214837444837, -7.14143681735521, 0.0 ], [ 111.820307962242737, -7.141496189697359, 0.0 ], [ 111.820400759687345, -7.141555974828353, 0.0 ], [ 111.820447630553758, -7.141585255854813, 0.0 ], [ 111.820494503218811, -7.141614538679968, 0.0 ], [ 111.820541527869295, -7.141643915933911, 0.0 ], [ 111.820588553419043, -7.141673294087187, 0.0 ], [ 111.820677612381985, -7.141728932444209, 0.0 ], [ 111.820689588653636, -7.14173641480363, 0.0 ], [ 111.820732698555275, -7.141763345901659, 0.0 ], [ 111.820775807557538, -7.141790277898955, 0.0 ], [ 111.820822565109381, -7.141819487878992, 0.0 ], [ 111.820869320862528, -7.141848697859078, 0.0 ], [ 111.820963979004489, -7.141905599763553, 0.0 ], [ 111.821058234250188, -7.141961910813507, 0.0 ], [ 111.821153664010467, -7.142018924233928, 0.0 ], [ 111.821248393198857, -7.142075517670943, 0.0 ], [ 111.821337451262423, -7.142128724261174, 0.0 ], [ 111.82143297725014, -7.142184099116835, 0.0 ], [ 111.821528582378221, -7.142239518938591, 0.0 ], [ 111.821624109265315, -7.142294893794249, 0.0 ], [ 111.821719557911308, -7.142350223683813, 0.0 ], [ 111.821815005658038, -7.142405552674062, 0.0 ], [ 111.821910533444452, -7.142460928429037, 0.0 ], [ 111.822006060331489, -7.142516303284711, 0.0 ], [ 111.822101508977539, -7.142571632274951, 0.0 ], [ 111.822196956724213, -7.142626962164512, 0.0 ], [ 111.822292483611307, -7.142682337020172, 0.0 ], [ 111.822387933156676, -7.142737666010415, 0.0 ], [ 111.822483376406751, -7.142795032864461, 0.0 ], [ 111.822577089361232, -7.142853302637773, 0.0 ], [ 111.822610298626444, -7.142873952870562, 0.0 ], [ 111.822704010681605, -7.142932221744617, 0.0 ], [ 111.822797798279851, -7.142990537383355, 0.0 ], [ 111.8228915840794, -7.143048852122766, 0.0 ], [ 111.822985375274925, -7.143107169560157, 0.0 ], [ 111.823079161973794, -7.143165486098265, 0.0 ], [ 111.823172947773401, -7.143223799938371, 0.0 ], [ 111.823266745264164, -7.143282121872409, 0.0 ], [ 111.823360531963033, -7.143340438410466, 0.0 ], [ 111.823452091940567, -7.143397368193924, 0.0 ], [ 111.823545883136035, -7.143455684732031, 0.0 ], [ 111.823639668935641, -7.143514000370779, 0.0 ], [ 111.82373345563451, -7.143572315110182, 0.0 ], [ 111.823827246830035, -7.143630633446949, 0.0 ], [ 111.823920840174708, -7.143688827677176, 0.0 ], [ 111.824014851704078, -7.143747282710877, 0.0 ], [ 111.824109300304031, -7.143805026380783, 0.0 ], [ 111.82420382804429, -7.143862164806992, 0.0 ], [ 111.824298758680811, -7.143918698888798, 0.0 ], [ 111.824391519253254, -7.143978580247214, 0.0 ], [ 111.824484304107386, -7.144038476894141, 0.0 ], [ 111.82457701701577, -7.144098327675637, 0.0 ], [ 111.824669962848589, -7.144158327744601, 0.0 ], [ 111.824762683850849, -7.144218183922029, 0.0 ], [ 111.82485538326938, -7.144278024810953, 0.0 ], [ 111.824948168123512, -7.144337922357182, 0.0 ], [ 111.825041068090854, -7.144398422449172, 0.0 ], [ 111.825133191943337, -7.14445958803953, 0.0 ], [ 111.825224587344906, -7.144520376813889, 0.0 ], [ 111.82531657989631, -7.144581349949298, 0.0 ], [ 111.825408748714835, -7.144641805075194, 0.0 ], [ 111.8255029059344, -7.144700579368198, 0.0 ], [ 111.825595839176685, -7.144759755658127, 0.0 ], [ 111.825686585267761, -7.144821558867811, 0.0 ], [ 111.825777291788654, -7.144885444907287, 0.0 ], [ 111.825865884003406, -7.144951720445481, 0.0 ], [ 111.825909539793486, -7.144985452216809, 0.0 ], [ 111.825958039332136, -7.145011769977141, 0.0 ], [ 111.826054032067987, -7.145066396596863, 0.0 ], [ 111.826149814362509, -7.145121398233875, 0.0 ], [ 111.826245277397675, -7.145178756993972, 0.0 ], [ 111.826339674736289, -7.14523619669308, 0.0 ], [ 111.826432347175171, -7.145295971032165, 0.0 ], [ 111.826523477276737, -7.145354827163493, 0.0 ], [ 111.826617424054916, -7.145415463053162, 0.0 ], [ 111.826708281661922, -7.145474104246489, 0.0 ], [ 111.826800809309987, -7.145533821928262, 0.0 ], [ 111.826894464707834, -7.145594269859604, 0.0 ], [ 111.826985987813146, -7.14565334092891, 0.0 ], [ 111.827078380562853, -7.145712973175141, 0.0 ], [ 111.827171883975325, -7.145773322181021, 0.0 ], [ 111.827263678675877, -7.145832566819474, 0.0 ], [ 111.827354303358447, -7.145891057826021, 0.0 ], [ 111.827447186238714, -7.145951005734281, 0.0 ], [ 111.827543875049855, -7.146013410590395, 0.0 ], [ 111.82763268490055, -7.146070729780321, 0.0 ], [ 111.82772527280315, -7.146130487931602, 0.0 ], [ 111.827817976718336, -7.146190319827333, 0.0 ], [ 111.827910284931761, -7.146248255952223, 0.0 ], [ 111.828002430367917, -7.146305487008595, 0.0 ], [ 111.828095645997337, -7.146364559876483, 0.0 ], [ 111.828190257374558, -7.146424500590177, 0.0 ], [ 111.828284712269692, -7.146484353170313, 0.0 ], [ 111.828378323600816, -7.146542683198223, 0.0 ], [ 111.828472384592942, -7.14660183070987, 0.0 ], [ 111.828566350256892, -7.146660917966923, 0.0 ], [ 111.828659723267663, -7.146719632904706, 0.0 ], [ 111.828753099875712, -7.146778351439713, 0.0 ], [ 111.828846301115959, -7.146836957559507, 0.0 ], [ 111.828939727186707, -7.146895706671499, 0.0 ], [ 111.829033700045272, -7.1469548002238, 0.0 ], [ 111.82912771067538, -7.147013916259191, 0.0 ], [ 111.829221205993917, -7.147072483708081, 0.0 ], [ 111.829315330837915, -7.147131895620416, 0.0 ], [ 111.829408646292052, -7.147190574585299, 0.0 ], [ 111.829502728867908, -7.147248016982369, 0.0 ], [ 111.829595457064727, -7.147307633940099, 0.0 ], [ 111.829686640226328, -7.147366259844944, 0.0 ], [ 111.829779648112321, -7.147424526020976, 0.0 ], [ 111.829872665890889, -7.1474827823045, 0.0 ], [ 111.829965673776883, -7.147541047581229, 0.0 ], [ 111.830060610708699, -7.147600634861368, 0.0 ], [ 111.830156205944206, -7.147660655614745, 0.0 ], [ 111.830248751578665, -7.147720883212124, 0.0 ], [ 111.830341442903318, -7.147780901267537, 0.0 ], [ 111.830432984894401, -7.147841308729371, 0.0 ], [ 111.83052509615635, -7.147902086711891, 0.0 ], [ 111.830617678662975, -7.147963163269305, 0.0 ], [ 111.830711040881909, -7.148021336815187, 0.0 ], [ 111.830804159384513, -7.148079373664126, 0.0 ], [ 111.830897241014895, -7.148137377238125, 0.0 ], [ 111.83099087482907, -7.148195730648402, 0.0 ], [ 111.83108449964999, -7.14825408495801, 0.0 ], [ 111.831178405958724, -7.148312602044887, 0.0 ], [ 111.831270091841304, -7.148374112075546, 0.0 ], [ 111.83136365281041, -7.148436880257742, 0.0 ], [ 111.83145409762858, -7.148496129392814, 0.0 ], [ 111.831545107220961, -7.148555188770897, 0.0 ], [ 111.831641167406019, -7.148613263391333, 0.0 ], [ 111.831736758144928, -7.148671373984659, 0.0 ], [ 111.831828154445816, -7.148732097108569, 0.0 ], [ 111.831921343994907, -7.148794006438207, 0.0 ], [ 111.83201324661411, -7.148855064109859, 0.0 ], [ 111.832106284177712, -7.148914395083234, 0.0 ], [ 111.832199311848797, -7.148973726056562, 0.0 ], [ 111.832292274768747, -7.149033020157739, 0.0 ], [ 111.8323853752849, -7.149092396097164, 0.0 ], [ 111.832475541313215, -7.149149898748759, 0.0 ], [ 111.832566087754799, -7.149207528204847, 0.0 ], [ 111.832663689377796, -7.149266698199545, 0.0 ], [ 111.832761732567974, -7.149326138890157, 0.0 ], [ 111.832855665856357, -7.149384157752654, 0.0 ], [ 111.83294960004406, -7.149442176615136, 0.0 ], [ 111.833042464038556, -7.14950201390679, 0.0 ], [ 111.833136307394739, -7.149560014782825, 0.0 ], [ 111.833229053578009, -7.14961981610157, 0.0 ], [ 111.83332177278163, -7.149679599433917, 0.0 ], [ 111.833414492884572, -7.149739380967616, 0.0 ], [ 111.833507329899419, -7.14979924613823, 0.0 ], [ 111.833600076982009, -7.14985904565839, 0.0 ], [ 111.833692832158533, -7.149918846977189, 0.0 ], [ 111.833786692601848, -7.149979371350867, 0.0 ], [ 111.833879374933247, -7.150037614144531, 0.0 ], [ 111.833972380121281, -7.150096061084289, 0.0 ], [ 111.834066735191755, -7.150155355185469, 0.0 ], [ 111.834159740379789, -7.150213801225909, 0.0 ], [ 111.834253175443735, -7.150272517062946, 0.0 ], [ 111.834346609608417, -7.150331233799367, 0.0 ], [ 111.834406106956351, -7.150369258934118, 0.0 ], [ 111.834498139077937, -7.150430309411202, 0.0 ], [ 111.834589880718454, -7.150491630584209, 0.0 ], [ 111.834681697902113, -7.150553003018615, 0.0 ], [ 111.834711801808282, -7.150573125349406, 0.0 ], [ 111.83479776260674, -7.150630583934226, 0.0 ], [ 111.834886958266566, -7.150692584994781, 0.0 ], [ 111.83497763870713, -7.150755619376302, 0.0 ], [ 111.835067174310723, -7.150817856958502, 0.0 ], [ 111.835158899763485, -7.150881617992247, 0.0 ], [ 111.835248566668099, -7.150943948204603, 0.0 ], [ 111.835339615830662, -7.151007237993603, 0.0 ], [ 111.835431298115964, -7.151070967551044, 0.0 ], [ 111.835522134139239, -7.151134109851227, 0.0 ], [ 111.835613666237748, -7.151197736885982, 0.0 ], [ 111.835703322350525, -7.151260058105159, 0.0 ], [ 111.835795057695805, -7.151322614946658, 0.0 ], [ 111.835887145575384, -7.151383892052934, 0.0 ], [ 111.835977628165097, -7.151446574799542, 0.0 ], [ 111.83606881312528, -7.151508741335307, 0.0 ], [ 111.836161145620451, -7.151571265801237, 0.0 ], [ 111.836252848590163, -7.151634400906852, 0.0 ], [ 111.836344548861916, -7.151696237391372, 0.0 ], [ 111.836436234744497, -7.151757876924419, 0.0 ], [ 111.836528087901002, -7.151819947232756, 0.0 ], [ 111.836619035440208, -7.151881352942048, 0.0 ], [ 111.836703736288484, -7.151940120040472, 0.0 ], [ 111.836803391063711, -7.152004269581314, 0.0 ], [ 111.836895222636485, -7.152066061999112, 0.0 ], [ 111.836987338395033, -7.152127693438277, 0.0 ], [ 111.837080313905403, -7.152187299604127, 0.0 ], [ 111.837172257893428, -7.15224829342396, 0.0 ], [ 111.837265674071659, -7.152309889789539, 0.0 ], [ 111.837358023653906, -7.152369474371707, 0.0 ], [ 111.83745070868332, -7.152429883632174, 0.0 ], [ 111.837543407202531, -7.152490220047578, 0.0 ], [ 111.837636260405134, -7.152551159008731, 0.0 ], [ 111.837728252057275, -7.152610803845439, 0.0 ], [ 111.837820762618151, -7.152673511773123, 0.0 ], [ 111.837914468378074, -7.15272966634097, 0.0 ], [ 111.838007665121722, -7.152790126862842, 0.0 ], [ 111.838100217950739, -7.152850270823299, 0.0 ], [ 111.838194468699839, -7.15290878611154, 0.0 ], [ 111.838288085426882, -7.152968135970642, 0.0 ], [ 111.838381450343718, -7.153027959772487, 0.0 ], [ 111.838475541912771, -7.153088282698031, 0.0 ], [ 111.838567584826251, -7.153146296164605, 0.0 ], [ 111.83866118806344, -7.153207911415909, 0.0 ], [ 111.838754385706409, -7.153265752212631, 0.0 ], [ 111.838848106754767, -7.153326449256156, 0.0 ], [ 111.838942499596726, -7.153385574284759, 0.0 ], [ 111.839034097345802, -7.153444629166253, 0.0 ], [ 111.839128341799608, -7.153504775824663, 0.0 ], [ 111.839220853259803, -7.153563871175662, 0.0 ], [ 111.83931369297261, -7.153623597850703, 0.0 ], [ 111.839406334834564, -7.153682126628789, 0.0 ], [ 111.839500062178161, -7.153741371267251, 0.0 ], [ 111.839593472061154, -7.153801070063304, 0.0 ], [ 111.839688605944445, -7.153862036903426, 0.0 ], [ 111.839781095820967, -7.153920742847959, 0.0 ], [ 111.839873497563929, -7.153980765399986, 0.0 ], [ 111.839959908023388, -7.154036978423792, 0.0 ], [ 111.840058721932508, -7.154099241186996, 0.0 ], [ 111.840150030099892, -7.154159036210502, 0.0 ], [ 111.840242832041099, -7.154219344746938, 0.0 ], [ 111.840335594412238, -7.154281827844037, 0.0 ], [ 111.840428077094145, -7.154343304599765, 0.0 ], [ 111.840521647955768, -7.154401786613102, 0.0 ], [ 111.840613198940048, -7.154464892041061, 0.0 ], [ 111.840704357819902, -7.154524425361904, 0.0 ], [ 111.84079615701711, -7.154585986653906, 0.0 ], [ 111.840888187340056, -7.154647687340859, 0.0 ], [ 111.840979854336865, -7.154709206364714, 0.0 ], [ 111.84107186667336, -7.154770891763177, 0.0 ], [ 111.841164679406518, -7.154833231868106, 0.0 ], [ 111.841257494837578, -7.154895283290676, 0.0 ], [ 111.84134951436863, -7.154956352653532, 0.0 ], [ 111.841441070748886, -7.155017118944842, 0.0 ], [ 111.841531339299934, -7.155081386296904, 0.0 ], [ 111.841621836278762, -7.155142487135998, 0.0 ], [ 111.841712332358327, -7.15520358707584, 0.0 ], [ 111.841805555182304, -7.155266429002441, 0.0 ], [ 111.841895827330632, -7.155330047043996, 0.0 ], [ 111.841986935848468, -7.155392463591283, 0.0 ], [ 111.842078046164943, -7.155454880138564, 0.0 ], [ 111.842169154682779, -7.155517296685849, 0.0 ], [ 111.842260264099991, -7.155579713233122, 0.0 ], [ 111.842351372617827, -7.155642128881082, 0.0 ], [ 111.842442482934302, -7.155704546327677, 0.0 ], [ 111.842535576255898, -7.15576832085128, 0.0 ], [ 111.842626292669308, -7.15582872741379, 0.0 ], [ 111.842716941633626, -7.155891641286189, 0.0 ], [ 111.842808623918927, -7.155952904902621, 0.0 ], [ 111.842900599383199, -7.156014351980736, 0.0 ], [ 111.842992429157334, -7.156075709126638, 0.0 ], [ 111.84308425713283, -7.156137063574595, 0.0 ], [ 111.843176131873065, -7.156198349674073, 0.0 ], [ 111.843267914882404, -7.156259776067778, 0.0 ], [ 111.843359742857899, -7.156321131415032, 0.0 ], [ 111.843451570833395, -7.156382486762311, 0.0 ], [ 111.84354340060753, -7.156443842109588, 0.0 ], [ 111.843635230381665, -7.156505198356176, 0.0 ], [ 111.843727060155743, -7.156566553703449, 0.0 ], [ 111.843818888131239, -7.156627909950026, 0.0 ], [ 111.843910716106734, -7.156689265297305, 0.0 ], [ 111.844002544981549, -7.156750620644575, 0.0 ], [ 111.844094373856308, -7.156811976891155, 0.0 ], [ 111.844186202731123, -7.156873332238434, 0.0 ], [ 111.844278033404578, -7.156934686686384, 0.0 ], [ 111.844369862279393, -7.156996042932974, 0.0 ], [ 111.844461691154208, -7.157057399179568, 0.0 ], [ 111.844553520028967, -7.15711875362752, 0.0 ], [ 111.844645348903782, -7.157180109874101, 0.0 ], [ 111.844737177778597, -7.1572414661207, 0.0 ], [ 111.844829006653413, -7.157302820568641, 0.0 ], [ 111.844920837326868, -7.157364175915922, 0.0 ], [ 111.845012667100946, -7.157425531263184, 0.0 ], [ 111.845104495975761, -7.157486885711142, 0.0 ], [ 111.845196324850576, -7.157548241058403, 0.0 ], [ 111.845288153725392, -7.15760959640568, 0.0 ], [ 111.845379984398846, -7.157670951752954, 0.0 ], [ 111.845471813273605, -7.157732307100209, 0.0 ], [ 111.84556364214842, -7.157793663346866, 0.0 ], [ 111.845655471922555, -7.157855017794812, 0.0 ], [ 111.84574730169669, -7.157916372242702, 0.0 ], [ 111.845839129672186, -7.157977727590029, 0.0 ], [ 111.845930961244903, -7.158039082937313, 0.0 ], [ 111.846022790119719, -7.158100438284579, 0.0 ], [ 111.846114618994534, -7.158161792732535, 0.0 ], [ 111.846206448768669, -7.158223148979124, 0.0 ], [ 111.846298277643484, -7.158284504326389, 0.0 ], [ 111.846390108316882, -7.158345858774338, 0.0 ], [ 111.846481937191697, -7.158407214121604, 0.0 ], [ 111.846573766965832, -7.158468567670236, 0.0 ], [ 111.846666585094908, -7.158528421149692, 0.0 ], [ 111.846759403223928, -7.158588274629095, 0.0 ], [ 111.846852221353004, -7.158648128108558, 0.0 ], [ 111.846945038582703, -7.158707980688684, 0.0 ], [ 111.847037856711779, -7.158767834168136, 0.0 ], [ 111.847130674840855, -7.15882768674828, 0.0 ], [ 111.847223492969874, -7.158887540227736, 0.0 ], [ 111.84731631109895, -7.158947392807883, 0.0 ], [ 111.847408797378137, -7.159007756202926, 0.0 ], [ 111.847500678413667, -7.159067722996947, 0.0 ], [ 111.847592757299992, -7.159128539650339, 0.0 ], [ 111.847639604783978, -7.159159447550388, 0.0 ], [ 111.847732181894742, -7.15921967334918, 0.0 ], [ 111.847824846239746, -7.15927976424967, 0.0 ], [ 111.847917578933163, -7.159339749030153, 0.0 ], [ 111.848010311626638, -7.159399732911319, 0.0 ], [ 111.848102967877708, -7.159459669128347, 0.0 ], [ 111.848149297352279, -7.159489637236901, 0.0 ], [ 111.848195625028154, -7.159519604446137, 0.0 ], [ 111.848288282178544, -7.159579539763913, 0.0 ], [ 111.848381014872018, -7.15963952364507, 0.0 ], [ 111.848473747565436, -7.159699509324866, 0.0 ], [ 111.84856648115823, -7.159759494105353, 0.0 ], [ 111.848657009613362, -7.159818051661719, 0.0 ], [ 111.848749743206156, -7.159878037341516, 0.0 ], [ 111.848842400356546, -7.159937971759915, 0.0 ], [ 111.848935056607615, -7.159997907077694, 0.0 ], [ 111.84902779020041, -7.160057891858166, 0.0 ], [ 111.849120522893884, -7.160117875739324, 0.0 ], [ 111.849213257385998, -7.160177861419132, 0.0 ], [ 111.849305990079415, -7.160237845300282, 0.0 ], [ 111.84939644299152, -7.160296354293276, 0.0 ], [ 111.849487655830728, -7.160355355215422, 0.0 ], [ 111.849580009010253, -7.160415093581662, 0.0 ], [ 111.84962637625631, -7.160445085971896, 0.0 ], [ 111.849672741703728, -7.160475078362143, 0.0 ], [ 111.849765475296522, -7.160535062243291, 0.0 ], [ 111.849858208889316, -7.160595047023783, 0.0 ], [ 111.849950941582733, -7.160655030904874, 0.0 ], [ 111.849988568317826, -7.160679369257426, 0.0 ], [ 111.850081301011301, -7.160739353138585, 0.0 ], [ 111.85017395816169, -7.160799287557041, 0.0 ], [ 111.850266691754484, -7.160859272337526, 0.0 ], [ 111.850359425347278, -7.160919256218683, 0.0 ], [ 111.850450106687163, -7.16097791270044, 0.0 ], [ 111.8505428402799, -7.1610378965816, 0.0 ], [ 111.850635572973374, -7.161097881362081, 0.0 ], [ 111.850728306566168, -7.161157865243237, 0.0 ], [ 111.850821041058282, -7.161217849124403, 0.0 ], [ 111.850913773751699, -7.161277833005563, 0.0 ], [ 111.851006508243813, -7.161337816886721, 0.0 ], [ 111.851099165394203, -7.161397752204438, 0.0 ], [ 111.851191898986997, -7.161457736085598, 0.0 ], [ 111.851284557036763, -7.16151767140338, 0.0 ], [ 111.851377289730181, -7.161577655284525, 0.0 ], [ 111.851470024222294, -7.161637639165682, 0.0 ], [ 111.851562682272004, -7.161697572684766, 0.0 ], [ 111.851655263879366, -7.161757459439177, 0.0 ], [ 111.85174799657284, -7.16181744332033, 0.0 ], [ 111.851840731064954, -7.161877426302104, 0.0 ], [ 111.851933389114663, -7.161937360720565, 0.0 ], [ 111.852026122707457, -7.161997344601723, 0.0 ], [ 111.852118857199571, -7.162057327583561, 0.0 ], [ 111.852211590792365, -7.16211731236405, 0.0 ], [ 111.852304325284422, -7.162177296245203, 0.0 ], [ 111.852397058877216, -7.162237280126302, 0.0 ], [ 111.85248979336933, -7.162297263108148, 0.0 ], [ 111.852582374976691, -7.162357148063908, 0.0 ], [ 111.852673056316576, -7.162415805444996, 0.0 ], [ 111.852765714366285, -7.162475738964131, 0.0 ], [ 111.852858295973647, -7.162535623919845, 0.0 ], [ 111.852950877581009, -7.162595508875603, 0.0 ], [ 111.853043612073122, -7.16265549275675, 0.0 ], [ 111.853136346565179, -7.16271547573859, 0.0 ], [ 111.853229081057293, -7.16277545961969, 0.0 ], [ 111.853321739107059, -7.162835394038149, 0.0 ], [ 111.853414397156769, -7.162895327557302, 0.0 ], [ 111.85350720719191, -7.162955360901146, 0.0 ], [ 111.853599941684024, -7.163015343882996, 0.0 ], [ 111.853692599733733, -7.163075279200711, 0.0 ], [ 111.8537852577835, -7.163135212719846, 0.0 ], [ 111.85387685193524, -7.1631944591569, 0.0 ], [ 111.853969587326674, -7.16325444213874, 0.0 ], [ 111.854062320919411, -7.163314425120573, 0.0 ], [ 111.854155055411525, -7.163374408102408, 0.0 ], [ 111.854247714360611, -7.163434341621489, 0.0 ], [ 111.854339991997108, -7.163494031424364, 0.0 ], [ 111.854432650946137, -7.163553964943512, 0.0 ], [ 111.854525385438251, -7.163613947925286, 0.0 ], [ 111.854617967944932, -7.163673832881041, 0.0 ], [ 111.854710625994642, -7.163733767299454, 0.0 ], [ 111.854803361386075, -7.163793750281286, 0.0 ], [ 111.854896094978869, -7.163853733263127, 0.0 ], [ 111.854988830370303, -7.163913716244959, 0.0 ], [ 111.85508156396304, -7.163973699226802, 0.0 ], [ 111.855174299354474, -7.164033682208633, 0.0 ], [ 111.855267033846587, -7.164093665190421, 0.0 ], [ 111.855359768338701, -7.164153648172258, 0.0 ], [ 111.855452350845383, -7.164213533128017, 0.0 ], [ 111.855545086236816, -7.164273515210545, 0.0 ], [ 111.85563782072893, -7.164333498192311, 0.0 ], [ 111.855730556120307, -7.164393481174155, 0.0 ], [ 111.855823289713101, -7.164453464156001, 0.0 ], [ 111.855916025104534, -7.164513447137835, 0.0 ], [ 111.856008759596648, -7.164573430119671, 0.0 ], [ 111.85609928985042, -7.164631986776719, 0.0 ], [ 111.856192025241853, -7.164691969758565, 0.0 ], [ 111.85628475973391, -7.16475195184108, 0.0 ], [ 111.856377570668428, -7.16481198428562, 0.0 ], [ 111.856470306059862, -7.164871967267397, 0.0 ], [ 111.85650663956983, -7.164895468351122, 0.0 ], [ 111.856599374961263, -7.164955451332952, 0.0 ], [ 111.856692110352697, -7.165015434314789, 0.0 ], [ 111.856784921287158, -7.165075464960698, 0.0 ], [ 111.856877732221619, -7.165135497405231, 0.0 ], [ 111.856970466713733, -7.165195480387066, 0.0 ], [ 111.857063202105167, -7.165255461570264, 0.0 ], [ 111.85715593659728, -7.165315444552045, 0.0 ], [ 111.857248520902601, -7.165375328608488, 0.0 ], [ 111.857341104308603, -7.165435212664881, 0.0 ], [ 111.857433838800659, -7.165495195646717, 0.0 ], [ 111.857526497749745, -7.165555129165851, 0.0 ], [ 111.857619234040499, -7.165615112147628, 0.0 ], [ 111.857711969431932, -7.165675094230152, 0.0 ], [ 111.857802576128051, -7.165733700349958, 0.0 ], [ 111.857895387062513, -7.165793730995868, 0.0 ], [ 111.857988121554627, -7.165853713977703, 0.0 ], [ 111.85808085784538, -7.165913696060151, 0.0 ], [ 111.858173593236813, -7.165973678142679, 0.0 ], [ 111.858266327728927, -7.166033660225202, 0.0 ], [ 111.858359064019623, -7.166093643207039, 0.0 ], [ 111.858451799411057, -7.166153625289551, 0.0 ], [ 111.85854453480249, -7.166213607372015, 0.0 ], [ 111.858637270193924, -7.166273590353859, 0.0 ], [ 111.858729930042273, -7.166333522973673, 0.0 ], [ 111.858822665433706, -7.1663935050562, 0.0 ], [ 111.858915325282112, -7.166453437675962, 0.0 ], [ 111.859008060673546, -7.166513419758468, 0.0 ], [ 111.859100796064922, -7.166573401840987, 0.0 ], [ 111.859193455913328, -7.166633335360078, 0.0 ], [ 111.859286039319329, -7.166693217617869, 0.0 ], [ 111.859378774710763, -7.166753200599663, 0.0 ], [ 111.859473683763554, -7.166809657339732, 0.0 ], [ 111.859570508372315, -7.166862771299811, 0.0 ], [ 111.859669207168224, -7.166912323045211, 0.0 ], [ 111.859768438362778, -7.166959994308229, 0.0 ], [ 111.859867873703479, -7.167008081957367, 0.0 ], [ 111.859966922335673, -7.167057134579071, 0.0 ], [ 111.860066565419743, -7.167105423676333, 0.0 ], [ 111.860115833878695, -7.16712891756543, 0.0 ], [ 111.860167676197364, -7.167147031710095, 0.0 ], [ 111.860272012843154, -7.167181919110257, 0.0 ], [ 111.860379340634097, -7.167213221812689, 0.0 ], [ 111.860484715996904, -7.167245277247678, 0.0 ], [ 111.86059048166544, -7.167277136630502, 0.0 ], [ 111.860696527023151, -7.167309252320074, 0.0 ], [ 111.860803007652748, -7.167339063946607, 0.0 ], [ 111.860855308625673, -7.167354134785456, 0.0 ], [ 111.860874180898804, -7.167360046029276, 0.0 ], [ 111.860884560873842, -7.167375895681, 0.0 ], [ 111.860913072979997, -7.167424497742326, 0.0 ], [ 111.860946254366183, -7.167468074392047, 0.0 ], [ 111.861012457059303, -7.167551623208788, 0.0 ], [ 111.861084011617891, -7.167635190011931, 0.0 ], [ 111.861154289139165, -7.16771994931617, 0.0 ], [ 111.861223909256069, -7.167805280589165, 0.0 ], [ 111.861291603924428, -7.167897751579909, 0.0 ], [ 111.861360178129758, -7.167981502744117, 0.0 ], [ 111.861429859400573, -7.168069377299901, 0.0 ], [ 111.861498365257432, -7.168154717566102, 0.0 ], [ 111.861568018649223, -7.168241488653726, 0.0 ], [ 111.861635852712482, -7.16832598355723, 0.0 ], [ 111.861706250742941, -7.168413692637783, 0.0 ], [ 111.861776674853729, -7.168501419704691, 0.0 ], [ 111.86184609981774, -7.168587456046222, 0.0 ], [ 111.861915086811848, -7.168673832331486, 0.0 ], [ 111.861984063913496, -7.168760326427904, 0.0 ], [ 111.862052511314403, -7.168847358318881, 0.0 ], [ 111.862120027017681, -7.168934220238049, 0.0 ], [ 111.86214115479055, -7.16896141393806, 0.0 ], [ 111.862147858337039, -7.168975399295229, 0.0 ], [ 111.86214690955228, -7.168996720422281, 0.0 ], [ 111.862137808413195, -7.169050091588415, 0.0 ], [ 111.86211863037056, -7.169106167015975, 0.0 ], [ 111.862081137634448, -7.169210300414981, 0.0 ], [ 111.862043421866474, -7.169313092025511, 0.0 ], [ 111.862007064074817, -7.169416990701499, 0.0 ], [ 111.861970479653962, -7.169520823727005, 0.0 ], [ 111.861933986064685, -7.169624684631458, 0.0 ], [ 111.861897655252676, -7.169728611186428, 0.0 ], [ 111.861860456594854, -7.169832231072569, 0.0 ], [ 111.861823706698772, -7.16993649667193, 0.0 ], [ 111.861787390275879, -7.170040838713704, 0.0 ], [ 111.861716029071545, -7.170250165812436, 0.0 ], [ 111.861680510347355, -7.170354470082666, 0.0 ], [ 111.861645208359732, -7.170458693413926, 0.0 ], [ 111.861609524160258, -7.170563220716017, 0.0 ], [ 111.861573752726542, -7.170667296558465, 0.0 ], [ 111.861537864380978, -7.170771461433731, 0.0 ], [ 111.861501412160521, -7.17088012561725, 0.0 ], [ 111.861465703679357, -7.170984191567124, 0.0 ], [ 111.861431929639878, -7.171088762935991, 0.0 ], [ 111.86139437664923, -7.171192651719487, 0.0 ], [ 111.861357420808361, -7.171290077075356, 0.0 ], [ 111.861338267047472, -7.171341779999119, 0.0 ], [ 111.86130715769923, -7.171387318969543, 0.0 ], [ 111.861265815864783, -7.17144783794731, 0.0 ], [ 111.8612035477056, -7.171538991431246, 0.0 ], [ 111.861181661804324, -7.171571028879844, 0.0 ], [ 111.861213739722359, -7.17159288780147, 0.0 ], [ 111.861304164755438, -7.171654505750772, 0.0 ], [ 111.861395597928549, -7.171716815278734, 0.0 ], [ 111.861441468748865, -7.171747968693752, 0.0 ], [ 111.861485531931805, -7.171778099579566, 0.0 ], [ 111.861517593662086, -7.171799947709355, 0.0 ], [ 111.861607053722594, -7.171860520646468, 0.0 ], [ 111.86165012855065, -7.171890440191586, 0.0 ], [ 111.861697333964855, -7.17192221234017, 0.0 ], [ 111.861739787361387, -7.1719525680565, 0.0 ], [ 111.861788133115908, -7.17198429793695, 0.0 ], [ 111.861832314110075, -7.172014409937058, 0.0 ], [ 111.861874234208585, -7.172043276376036, 0.0 ], [ 111.86192331111198, -7.17207641369549, 0.0 ], [ 111.861976571661501, -7.1721096679268, 0.0 ], [ 111.861995088702429, -7.172116636773291, 0.0 ], [ 111.862012046318966, -7.172115634928552, 0.0 ], [ 111.862069315146812, -7.172103474295857, 0.0 ], [ 111.862085067671785, -7.172102378022251, 0.0 ], [ 111.86210192186627, -7.172110060031178, 0.0 ], [ 111.862202654928637, -7.172170209387622, 0.0 ], [ 111.86225042871439, -7.172197961566604, 0.0 ], [ 111.862301682876421, -7.172220226981835, 0.0 ], [ 111.862389769672177, -7.172255513680958, 0.0 ], [ 111.862404227173386, -7.17226130531492, 0.0 ], [ 111.862455773615125, -7.172281953749115, 0.0 ], [ 111.862464335161008, -7.172284904424764, 0.0 ], [ 111.862507936092413, -7.172299927599515, 0.0 ], [ 111.862561168762966, -7.172314503811259, 0.0 ], [ 111.862668163804756, -7.172340785598749, 0.0 ], [ 111.862775821646892, -7.172367238257373, 0.0 ], [ 111.862829137055087, -7.172379091321935, 0.0 ], [ 111.862884871639551, -7.172385416253908, 0.0 ], [ 111.862996401063128, -7.172395414017099, 0.0 ], [ 111.863038424583692, -7.172398058023927, 0.0 ], [ 111.863094072833235, -7.172401398105981, 0.0 ], [ 111.863148292959409, -7.17239958867003, 0.0 ], [ 111.863203798216773, -7.17239566672658, 0.0 ], [ 111.863257236832055, -7.172389330103449, 0.0 ], [ 111.863368930831541, -7.172374544349684, 0.0 ], [ 111.863423541263501, -7.172367143828583, 0.0 ], [ 111.86347703563672, -7.172355505701994, 0.0 ], [ 111.863585642263615, -7.172333019952879, 0.0 ], [ 111.863639867785707, -7.172318908690614, 0.0 ], [ 111.863690175860995, -7.172299771117484, 0.0 ], [ 111.863790920614576, -7.172265579792618, 0.0 ], [ 111.863897796945821, -7.172229633890427, 0.0 ], [ 111.863998997655699, -7.172194338198095, 0.0 ], [ 111.864103756982843, -7.172158898614211, 0.0 ], [ 111.864210341034493, -7.17212052004589, 0.0 ], [ 111.86431301393452, -7.172088094090217, 0.0 ], [ 111.86435040234926, -7.172075446024966, 0.0 ], [ 111.864456050206627, -7.172040210587227, 0.0 ], [ 111.864560645857182, -7.17200467297721, 0.0 ], [ 111.864665233413859, -7.171969088602517, 0.0 ], [ 111.86476936681288, -7.171933688588807, 0.0 ], [ 111.86487446968107, -7.171898131193755, 0.0 ], [ 111.864979607622843, -7.171864317584145, 0.0 ], [ 111.865084779738879, -7.171830033629083, 0.0 ], [ 111.865190273812175, -7.171796589640852, 0.0 ], [ 111.86529640730339, -7.171762672609184, 0.0 ], [ 111.865401804249927, -7.171729780804692, 0.0 ], [ 111.865507453006614, -7.171696816155078, 0.0 ], [ 111.865613010032462, -7.171663453105857, 0.0 ], [ 111.865718483421347, -7.171629610717908, 0.0 ], [ 111.865823762556658, -7.171595326762878, 0.0 ], [ 111.865929491353029, -7.171561809030207, 0.0 ], [ 111.866034960245258, -7.17152891722571, 0.0 ], [ 111.866140289742646, -7.171495618028294, 0.0 ], [ 111.866245967277621, -7.171462743310886, 0.0 ], [ 111.866351071045131, -7.171429382060304, 0.0 ], [ 111.86645648417948, -7.17139632657916, 0.0 ], [ 111.866560145434448, -7.171364166822798, 0.0 ], [ 111.866613227018888, -7.171349572624646, 0.0 ], [ 111.866667939973524, -7.171340752074, 0.0 ], [ 111.866777007952635, -7.171326248707373, 0.0 ], [ 111.866831085985893, -7.171317313043523, 0.0 ], [ 111.866884157677816, -7.171300475936156, 0.0 ], [ 111.866936392100854, -7.171284539050192, 0.0 ], [ 111.866989044708703, -7.171267225302132, 0.0 ], [ 111.867038605447362, -7.171249011332742, 0.0 ], [ 111.867090152788364, -7.1712256793216, 0.0 ], [ 111.867114349048052, -7.171213625708212, 0.0 ], [ 111.867162685809376, -7.1711914754062, 0.0 ], [ 111.867214738569373, -7.171171621972739, 0.0 ], [ 111.867241969141617, -7.17116229510379, 0.0 ], [ 111.8672940929481, -7.17114400559131, 0.0 ], [ 111.867346867863716, -7.171125715179578, 0.0 ], [ 111.867398413406136, -7.171107672980662, 0.0 ], [ 111.86745071797634, -7.171089682043141, 0.0 ], [ 111.867502705085826, -7.171071248639181, 0.0 ], [ 111.867554855871958, -7.171053041864348, 0.0 ], [ 111.867606996765574, -7.171034835089522, 0.0 ], [ 111.867711299237158, -7.170998419741245, 0.0 ], [ 111.867763566935139, -7.170980167100992, 0.0 ], [ 111.867815590916848, -7.170961996299064, 0.0 ], [ 111.867867732709783, -7.170943788624931, 0.0 ], [ 111.867919884395235, -7.170925581850095, 0.0 ], [ 111.868021946655574, -7.170890755603864, 0.0 ], [ 111.868126479353577, -7.170855077699628, 0.0 ], [ 111.86823102823945, -7.170819403392729, 0.0 ], [ 111.868336417092053, -7.17078627956312, 0.0 ], [ 111.868388868251714, -7.170770463186274, 0.0 ], [ 111.86844301193554, -7.170762091397367, 0.0 ], [ 111.868476482903418, -7.170756915798962, 0.0 ], [ 111.868511235405265, -7.170751731207352, 0.0 ], [ 111.868566078761603, -7.170744581597098, 0.0 ], [ 111.868618891448762, -7.170728088930098, 0.0 ], [ 111.868653740178047, -7.170717206234036, 0.0 ], [ 111.868758153266242, -7.170684598615309, 0.0 ], [ 111.868861498859133, -7.170652324644997, 0.0 ], [ 111.868897408788428, -7.170641110099102, 0.0 ], [ 111.869001618629852, -7.170608566332253, 0.0 ], [ 111.869106070388909, -7.170575947022322, 0.0 ], [ 111.869210792843887, -7.170543243176098, 0.0 ], [ 111.869316235655788, -7.170510313600063, 0.0 ], [ 111.869341301559871, -7.170502485900957, 0.0 ], [ 111.869445887317909, -7.170469824322883, 0.0 ], [ 111.869497849246386, -7.170453596955897, 0.0 ], [ 111.869536307854389, -7.170441587409298, 0.0 ], [ 111.869604171595313, -7.170420393086601, 0.0 ], [ 111.869708985781131, -7.170387661361421, 0.0 ], [ 111.869808186398757, -7.170356680616302, 0.0 ], [ 111.869860910053035, -7.170340214928951, 0.0 ], [ 111.869915044743607, -7.17032922521355, 0.0 ], [ 111.869969592222958, -7.170320365092722, 0.0 ], [ 111.87002259736505, -7.170304821210495, 0.0 ], [ 111.870048728965742, -7.170297403602269, 0.0 ], [ 111.870136041445221, -7.170273403394787, 0.0 ], [ 111.870193062959572, -7.170258818189837, 0.0 ], [ 111.870250331787418, -7.170245231232406, 0.0 ], [ 111.870358439290612, -7.170222549431056, 0.0 ], [ 111.87041055860044, -7.170213239649223, 0.0 ], [ 111.870464364139139, -7.170202913633493, 0.0 ], [ 111.870516205558488, -7.170185208680381, 0.0 ], [ 111.870565477614775, -7.170168383264248, 0.0 ], [ 111.870607671107223, -7.17013790434078, 0.0 ], [ 111.870669420357501, -7.170093297967299, 0.0 ], [ 111.870706109099729, -7.17006679404728, 0.0 ], [ 111.870772150814162, -7.170019087710668, 0.0 ], [ 111.870801501987785, -7.169997885294157, 0.0 ], [ 111.870867910625634, -7.169949912758224, 0.0 ], [ 111.870911391047912, -7.169917368091999, 0.0 ], [ 111.87096233674248, -7.169898495818869, 0.0 ], [ 111.870982744158368, -7.169891641186266, 0.0 ], [ 111.871042781998824, -7.169871471191409, 0.0 ], [ 111.871107108706155, -7.169849861381983, 0.0 ], [ 111.871137985129963, -7.169839487702172, 0.0 ], [ 111.871204865012544, -7.169817020838823, 0.0 ], [ 111.871256390769872, -7.169798442643974, 0.0 ], [ 111.871309097337019, -7.169783498609555, 0.0 ], [ 111.871412767585241, -7.16975410336915, 0.0 ], [ 111.871508391599036, -7.169726218090434, 0.0 ], [ 111.871608230735319, -7.169696618703932, 0.0 ], [ 111.871707898101079, -7.169666447348612, 0.0 ], [ 111.871812771642169, -7.16963472376347, 0.0 ], [ 111.87191773421614, -7.169603294256612, 0.0 ], [ 111.871970089148363, -7.169587164016373, 0.0 ], [ 111.872022153599573, -7.169570123662245, 0.0 ], [ 111.872123895701293, -7.169537484567233, 0.0 ], [ 111.872201496401999, -7.16951259133299, 0.0 ], [ 111.872305434648126, -7.16947909338541, 0.0 ], [ 111.872402881587789, -7.16944788960836, 0.0 ], [ 111.872507890926499, -7.169413584069613, 0.0 ], [ 111.872558673843798, -7.169396993376492, 0.0 ], [ 111.872663979059439, -7.169363604246892, 0.0 ], [ 111.872701972717948, -7.169351609089465, 0.0 ], [ 111.872806907412894, -7.169317076921513, 0.0 ], [ 111.87284475178393, -7.169304622210523, 0.0 ], [ 111.872949950879615, -7.16927090213039, 0.0 ], [ 111.872980088959991, -7.169261100419413, 0.0 ], [ 111.873032478066477, -7.16924359601512, 0.0 ], [ 111.873084552410205, -7.16922518239619, 0.0 ], [ 111.873110361154318, -7.169216708084556, 0.0 ], [ 111.873215311137756, -7.169182220882762, 0.0 ], [ 111.873258075699709, -7.169167359585917, 0.0 ], [ 111.873321343005614, -7.169145288424257, 0.0 ], [ 111.873361706377693, -7.169131797694265, 0.0 ], [ 111.873429351583354, -7.169108536729533, 0.0 ], [ 111.873533619880732, -7.169072988327685, 0.0 ], [ 111.873560282081428, -7.169064210045232, 0.0 ], [ 111.873665212279775, -7.169029662588792, 0.0 ], [ 111.873716618427238, -7.169010674303133, 0.0 ], [ 111.873761556650607, -7.168980169299342, 0.0 ], [ 111.873793674138824, -7.168958367934302, 0.0 ], [ 111.873816795708592, -7.168989526745235, 0.0 ], [ 111.873877729273829, -7.169071640243939, 0.0 ], [ 111.873938123245864, -7.169153027090485, 0.0 ], [ 111.873958151147804, -7.169180015745103, 0.0 ], [ 111.874023323217841, -7.16926799821948, 0.0 ], [ 111.874089051068893, -7.169356693856292, 0.0 ], [ 111.874154778919944, -7.16944539039241, 0.0 ], [ 111.874221046364255, -7.169534812681436, 0.0 ], [ 111.874283168833244, -7.169625378908059, 0.0 ], [ 111.874311948038041, -7.169670341413058, 0.0 ], [ 111.874333168441012, -7.169719118842244, 0.0 ], [ 111.874342051044891, -7.169745717191068, 0.0 ], [ 111.874379052751124, -7.169849603276531, 0.0 ], [ 111.874414482442489, -7.169952680871466, 0.0 ], [ 111.874449871664297, -7.170055641554549, 0.0 ], [ 111.874485161960706, -7.170158890020732, 0.0 ], [ 111.87451969772593, -7.170262512604834, 0.0 ], [ 111.874554472710827, -7.170366110907253, 0.0 ], [ 111.874589247695667, -7.170469708310352, 0.0 ], [ 111.874621266258487, -7.17058305796172, 0.0 ], [ 111.874651264943964, -7.170689258902147, 0.0 ], [ 111.874680772599618, -7.170793719654394, 0.0 ], [ 111.874710348603742, -7.170899101312442, 0.0 ], [ 111.874736250877334, -7.17099596369274, 0.0 ], [ 111.874764191014663, -7.171103001901994, 0.0 ], [ 111.874793703166915, -7.171208867395246, 0.0 ], [ 111.874818540643219, -7.171306978034577, 0.0 ], [ 111.874848893661579, -7.171418460693365, 0.0 ], [ 111.874876858080597, -7.171519480639462, 0.0 ], [ 111.874893416398095, -7.17157169257951, 0.0 ], [ 111.874916278963155, -7.171621976373044, 0.0 ], [ 111.874926246149414, -7.171638576958685, 0.0 ], [ 111.874944052725937, -7.171646314725587, 0.0 ], [ 111.875022211006296, -7.171672957141197, 0.0 ], [ 111.875127640328401, -7.17170481922198, 0.0 ], [ 111.875233394305781, -7.17173677573157, 0.0 ], [ 111.875339140189226, -7.17176874123436, 0.0 ], [ 111.875389908717352, -7.171784078272535, 0.0 ], [ 111.875445046152038, -7.171800173439187, 0.0 ], [ 111.875551147267686, -7.171832633569133, 0.0 ], [ 111.875655685361664, -7.171867717021479, 0.0 ], [ 111.875761038241365, -7.171900760811406, 0.0 ], [ 111.875866731964152, -7.171935330750832, 0.0 ], [ 111.875971398661193, -7.171968858376088, 0.0 ], [ 111.876076074351431, -7.172006245891517, 0.0 ], [ 111.876179941551129, -7.172043349221161, 0.0 ], [ 111.876284098332519, -7.172080008285713, 0.0 ], [ 111.876388495232902, -7.172117840965536, 0.0 ], [ 111.876492946991959, -7.172155881388783, 0.0 ], [ 111.876596312369998, -7.172193755437442, 0.0 ], [ 111.876700517714767, -7.172231381273214, 0.0 ], [ 111.876804428081925, -7.17226968609708, 0.0 ], [ 111.876908490434573, -7.17230757543422, 0.0 ], [ 111.877013047414266, -7.172344692253718, 0.0 ], [ 111.877117303121111, -7.172381440351165, 0.0 ], [ 111.877222091226599, -7.172417743284206, 0.0 ], [ 111.877326969264288, -7.172451128816479, 0.0 ], [ 111.877431080180259, -7.172486669124449, 0.0 ], [ 111.877536127290512, -7.172522109607592, 0.0 ], [ 111.877640068234598, -7.172557395407408, 0.0 ], [ 111.877744763709927, -7.172593272061818, 0.0 ], [ 111.877849701102889, -7.172628569552789, 0.0 ], [ 111.877954975741602, -7.172662382263077, 0.0 ], [ 111.877967098602767, -7.172665308657026, 0.0 ], [ 111.87805902460434, -7.172693204727582, 0.0 ], [ 111.87816639826076, -7.17272505781512, 0.0 ], [ 111.878273850158109, -7.172752395406698, 0.0 ], [ 111.87838176610569, -7.172778463155505, 0.0 ], [ 111.878488038991861, -7.172805628976559, 0.0 ], [ 111.878593470112605, -7.172833087976592, 0.0 ], [ 111.878699252868273, -7.172865528321434, 0.0 ], [ 111.87880501583885, -7.172901350117169, 0.0 ], [ 111.878910175364354, -7.172934154687421, 0.0 ], [ 111.879016048951542, -7.172965698408233, 0.0 ], [ 111.879121077176023, -7.1729999490883, 0.0 ], [ 111.879172960863514, -7.17301988166219, 0.0 ], [ 111.879222472139418, -7.173048920771013, 0.0 ], [ 111.879290691112544, -7.173093297817386, 0.0 ], [ 111.879383887856193, -7.173152386873087, 0.0 ], [ 111.879476965889353, -7.173211838355604, 0.0 ], [ 111.879569552892633, -7.173272044369297, 0.0 ], [ 111.879618083008211, -7.173298947588303, 0.0 ], [ 111.879669241842123, -7.173318377441095, 0.0 ], [ 111.87976774458582, -7.173352237815496, 0.0 ], [ 111.879872178358426, -7.173387981370178, 0.0 ], [ 111.87997673084152, -7.173423650281158, 0.0 ], [ 111.880081277029376, -7.173459059288121, 0.0 ], [ 111.880185701808728, -7.173495101417759, 0.0 ], [ 111.880208401596519, -7.173502819399572, 0.0 ], [ 111.880290292063364, -7.173530662410088, 0.0 ], [ 111.880394882318001, -7.173566224301733, 0.0 ], [ 111.880468723852573, -7.173591175092619, 0.0 ], [ 111.880499448290948, -7.173601857239873, 0.0 ], [ 111.880603901848644, -7.173638376909532, 0.0 ], [ 111.880708777188374, -7.173673810198117, 0.0 ], [ 111.880813796419602, -7.173710816401017, 0.0 ], [ 111.880918249977299, -7.173747191279807, 0.0 ], [ 111.881022458919404, -7.173783441152865, 0.0 ], [ 111.881126713726928, -7.173819780958071, 0.0 ], [ 111.881155968673056, -7.173829935203287, 0.0 ], [ 111.881260331399233, -7.17386615809665, 0.0 ], [ 111.881365152779665, -7.173901961905979, 0.0 ], [ 111.881470327593604, -7.173937565166453, 0.0 ], [ 111.881575211027211, -7.17397265311542, 0.0 ], [ 111.881680667329022, -7.174008291449474, 0.0 ], [ 111.881785355609736, -7.174044529631314, 0.0 ], [ 111.881889701248781, -7.174080805584659, 0.0 ], [ 111.881993986633233, -7.174118077087535, 0.0 ], [ 111.882096140624469, -7.174154380919902, 0.0 ], [ 111.882200281218047, -7.174191309781059, 0.0 ], [ 111.882305036947969, -7.174228324977157, 0.0 ], [ 111.882409403271424, -7.174265252939043, 0.0 ], [ 111.882514280409794, -7.174306762946688, 0.0 ], [ 111.882617999221338, -7.174344589331271, 0.0 ], [ 111.882721760301081, -7.174381762808087, 0.0 ], [ 111.88282578218417, -7.174418799587901, 0.0 ], [ 111.882878343061122, -7.174435701446447, 0.0 ], [ 111.882932500234745, -7.174445504056736, 0.0 ], [ 111.882977739730961, -7.174452001658497, 0.0 ], [ 111.883084985683581, -7.174467949336359, 0.0 ], [ 111.883194354935597, -7.174484484271488, 0.0 ], [ 111.883304694556045, -7.174499628854734, 0.0 ], [ 111.883414110572801, -7.174514688901753, 0.0 ], [ 111.883524817116665, -7.174524766704558, 0.0 ], [ 111.883634668405307, -7.174539878912238, 0.0 ], [ 111.883744690565095, -7.17455492726805, 0.0 ], [ 111.883854433035708, -7.174570020589952, 0.0 ], [ 111.883962947032444, -7.174585246112147, 0.0 ], [ 111.884071931374592, -7.174600538184222, 0.0 ], [ 111.884180447169967, -7.17461574302206, 0.0 ], [ 111.884290072728732, -7.174631144811421, 0.0 ], [ 111.884399636234264, -7.174646528614352, 0.0 ], [ 111.884509652998133, -7.174662327904054, 0.0 ], [ 111.884619149953892, -7.174679250447009, 0.0 ], [ 111.884729001242476, -7.174696116332647, 0.0 ], [ 111.884838335420909, -7.174713074848454, 0.0 ], [ 111.884947370125076, -7.174729890372081, 0.0 ], [ 111.885056867980154, -7.174746911840492, 0.0 ], [ 111.885166616746005, -7.174763408104758, 0.0 ], [ 111.885276229714293, -7.174779940341924, 0.0 ], [ 111.885385428994425, -7.17479500938213, 0.0 ], [ 111.885495623824056, -7.174810001080622, 0.0 ], [ 111.885605133370291, -7.174824964000831, 0.0 ], [ 111.88571519599958, -7.1748395995678, 0.0 ], [ 111.885824649787821, -7.174855030135464, 0.0 ], [ 111.885880175729596, -7.174859191298599, 0.0 ], [ 111.885935643215419, -7.174854877250771, 0.0 ], [ 111.886045497202019, -7.174838050035935, 0.0 ], [ 111.886155341296046, -7.174823069129272, 0.0 ], [ 111.886264976747327, -7.174807295919947, 0.0 ], [ 111.886374655366126, -7.174790376974264, 0.0 ], [ 111.886483681077095, -7.174772848288284, 0.0 ], [ 111.886592590775479, -7.174753673842921, 0.0 ], [ 111.886702343138666, -7.174736306135565, 0.0 ], [ 111.88681162425712, -7.17471903825299, 0.0 ], [ 111.886866368688004, -7.174713252914211, 0.0 ], [ 111.886921921609428, -7.174717612827526, 0.0 ], [ 111.886991557914143, -7.174725849718136, 0.0 ], [ 111.887101985668153, -7.17473922713356, 0.0 ], [ 111.887211650797099, -7.174754279086648, 0.0 ], [ 111.887321209806032, -7.174770838303523, 0.0 ], [ 111.887430563769556, -7.174788131367117, 0.0 ], [ 111.887539859277126, -7.17480518431177, 0.0 ], [ 111.887646525167042, -7.174823924384556, 0.0 ], [ 111.887755683977673, -7.174842032233932, 0.0 ], [ 111.887864874264608, -7.174860962063687, 0.0 ], [ 111.887973926955226, -7.174879568137495, 0.0 ], [ 111.88808323325469, -7.174898299217092, 0.0 ], [ 111.888192672653759, -7.17491836758853, 0.0 ], [ 111.888301891718982, -7.17493756091966, 0.0 ], [ 111.888411114381483, -7.174955677762289, 0.0 ], [ 111.888520383808725, -7.174974363875723, 0.0 ], [ 111.888629634350195, -7.174992434852924, 0.0 ], [ 111.888692595886653, -7.175002664641221, 0.0 ], [ 111.888801703435945, -7.175021243735392, 0.0 ], [ 111.888910569966868, -7.175038909118314, 0.0 ], [ 111.889020950056874, -7.175054740783603, 0.0 ], [ 111.889127622242029, -7.175069966305845, 0.0 ], [ 111.88918272909973, -7.175077465752389, 0.0 ], [ 111.889237210928627, -7.175073598667609, 0.0 ], [ 111.889255666815643, -7.175069757663147, 0.0 ], [ 111.889270173779551, -7.175056131135473, 0.0 ], [ 111.889337241620467, -7.174967636047539, 0.0 ], [ 111.889404801390526, -7.174879652673785, 0.0 ], [ 111.88947286927754, -7.174790138653926, 0.0 ], [ 111.889539438894076, -7.174701700223239, 0.0 ], [ 111.889606173985783, -7.174613775305436, 0.0 ], [ 111.889673615045353, -7.174525720885238, 0.0 ], [ 111.889739397755079, -7.174437573834895, 0.0 ], [ 111.88980702137701, -7.174349925908306, 0.0 ], [ 111.889842121916445, -7.174306342063977, 0.0 ], [ 111.889881944796002, -7.174268103789935, 0.0 ], [ 111.88990975363231, -7.174242628694289, 0.0 ], [ 111.889990292418133, -7.174166532559417, 0.0 ], [ 111.890070966102257, -7.174088564035973, 0.0 ], [ 111.890148770049734, -7.174012472397628, 0.0 ], [ 111.89022819637421, -7.173934789858607, 0.0 ], [ 111.890306520129855, -7.173859771111501, 0.0 ], [ 111.890385534564814, -7.17377938610975, 0.0 ], [ 111.890467218187609, -7.173707862128085, 0.0 ], [ 111.890547538438227, -7.173631640088047, 0.0 ], [ 111.890627481872855, -7.173556342551134, 0.0 ], [ 111.890707713090535, -7.17348049283044, 0.0 ], [ 111.890787488351975, -7.17340480318905, 0.0 ], [ 111.890826381332488, -7.173363538696316, 0.0 ], [ 111.8908583702177, -7.17331690255299, 0.0 ], [ 111.8909155985761, -7.173222923399119, 0.0 ], [ 111.890972594010066, -7.173128396558184, 0.0 ], [ 111.891029726141028, -7.173033941663047, 0.0 ], [ 111.891087411354988, -7.172939827610895, 0.0 ], [ 111.891144079435776, -7.172845103818413, 0.0 ], [ 111.891171955721234, -7.172797471226258, 0.0 ], [ 111.891199832906011, -7.172749836835471, 0.0 ], [ 111.891227709191469, -7.172702204243303, 0.0 ], [ 111.891255586376246, -7.172654570751775, 0.0 ], [ 111.891283462661761, -7.17260693815961, 0.0 ], [ 111.891311338947219, -7.172559304668146, 0.0 ], [ 111.891367093316774, -7.172464037685129, 0.0 ], [ 111.891422185785302, -7.172369901149973, 0.0 ], [ 111.891451888593849, -7.172317711692986, 0.0 ], [ 111.891474847386348, -7.172267528623483, 0.0 ], [ 111.891513250236358, -7.172183583205761, 0.0 ], [ 111.891560093223802, -7.17208360827186, 0.0 ], [ 111.891609110771924, -7.171982021752851, 0.0 ], [ 111.891655318837934, -7.17188361883388, 0.0 ], [ 111.891704615175911, -7.171782335386419, 0.0 ], [ 111.891752388062343, -7.171683084406762, 0.0 ], [ 111.891800545858587, -7.171583763280009, 0.0 ], [ 111.891848252195132, -7.171484208329504, 0.0 ], [ 111.891896543990356, -7.171384767592881, 0.0 ], [ 111.891921759181912, -7.171338495675006, 0.0 ], [ 111.891955786830181, -7.171291673371966, 0.0 ], [ 111.892024087641573, -7.171206745894551, 0.0 ], [ 111.892093318352011, -7.171120926289689, 0.0 ], [ 111.892162878214322, -7.171034567091561, 0.0 ], [ 111.892232438076633, -7.170948206994125, 0.0 ], [ 111.892301166965353, -7.170861804628539, 0.0 ], [ 111.892371044288325, -7.17077581774976, 0.0 ], [ 111.892440548392642, -7.170689571866207, 0.0 ], [ 111.892510477876328, -7.170603287311798, 0.0 ], [ 111.892580175334899, -7.170517690738798, 0.0 ], [ 111.892650316159234, -7.170432083373894, 0.0 ], [ 111.892713875744846, -7.170341341779483, 0.0 ], [ 111.89278376835631, -7.170254886353861, 0.0 ], [ 111.892850703996828, -7.170167511821152, 0.0 ], [ 111.892918429242172, -7.170080432266102, 0.0 ], [ 111.892986778617001, -7.169993467824217, 0.0 ], [ 111.8930508634067, -7.169902379990792, 0.0 ], [ 111.89311695818111, -7.1698116087187, 0.0 ], [ 111.893180586115193, -7.169722375287332, 0.0 ], [ 111.893201415313115, -7.169693164407986, 0.0 ], [ 111.893232468903363, -7.169676131248425, 0.0 ], [ 111.893257619343728, -7.169685978824821, 0.0 ], [ 111.893345263673041, -7.169753162678266, 0.0 ], [ 111.893432426865047, -7.169820969761878, 0.0 ], [ 111.893518355287938, -7.169890331773336, 0.0 ], [ 111.893604253133844, -7.169959729757689, 0.0 ], [ 111.893687613092936, -7.170032150363401, 0.0 ], [ 111.893770912797436, -7.170104640216956, 0.0 ], [ 111.893853886947397, -7.170177500591139, 0.0 ], [ 111.893937498716639, -7.170249629816513, 0.0 ], [ 111.894020804716433, -7.170322113374768, 0.0 ], [ 111.894104102622293, -7.170394604127635, 0.0 ], [ 111.894187401427473, -7.170467094880448, 0.0 ], [ 111.89427069933339, -7.170539585633322, 0.0 ], [ 111.89435399723925, -7.170612078184826, 0.0 ], [ 111.89443729514511, -7.170684568937642, 0.0 ], [ 111.89452059395029, -7.170757059690522, 0.0 ], [ 111.894603891856207, -7.170829551342651, 0.0 ], [ 111.894687189762067, -7.170902042994842, 0.0 ], [ 111.894770487667927, -7.170974533747716, 0.0 ], [ 111.894853785573787, -7.171047025399843, 0.0 ], [ 111.894936768716946, -7.171117105969643, 0.0 ], [ 111.894998839924597, -7.171167098382854, 0.0 ], [ 111.895041735787515, -7.17120186257586, 0.0 ], [ 111.895092564570234, -7.171223472385285, 0.0 ], [ 111.895155057559919, -7.171250041056519, 0.0 ], [ 111.895256715125356, -7.171293259776058, 0.0 ], [ 111.895358371791474, -7.171336477596308, 0.0 ], [ 111.895409159205371, -7.171358070318655, 0.0 ], [ 111.895452619842615, -7.171392053900099, 0.0 ], [ 111.895496117351968, -7.17142606625992, 0.0 ], [ 111.895533751281675, -7.171466454813014, 0.0 ], [ 111.895571385211326, -7.171506845164739, 0.0 ], [ 111.895614881821416, -7.1715408566252, 0.0 ], [ 111.895701875041539, -7.171608881344748, 0.0 ], [ 111.895755355025699, -7.171650698920596, 0.0 ], [ 111.895798850736412, -7.171684711280363, 0.0 ], [ 111.89584929460932, -7.171707203324721, 0.0 ], [ 111.895899737582909, -7.171729695369098, 0.0 ], [ 111.895942634345147, -7.1717644595621, 0.0 ], [ 111.895995374187237, -7.171807203439647, 0.0 ], [ 111.896037566780365, -7.1718413992611, 0.0 ], [ 111.896079759373436, -7.171875594183286, 0.0 ], [ 111.896121951966563, -7.171909789105428, 0.0 ], [ 111.896164143660371, -7.171943984926938, 0.0 ], [ 111.896206335354179, -7.171978181647712, 0.0 ], [ 111.896248525249291, -7.172012380167198, 0.0 ], [ 111.89629071334582, -7.172046582283875, 0.0 ], [ 111.896331487708039, -7.172079650355557, 0.0 ], [ 111.896406692614846, -7.172140678349593, 0.0 ], [ 111.896492362032916, -7.172210359620344, 0.0 ], [ 111.896534367567085, -7.17224478297032, 0.0 ], [ 111.896619171837358, -7.172315227765515, 0.0 ], [ 111.896703502164939, -7.172386380327175, 0.0 ], [ 111.89678476940162, -7.172455684781995, 0.0 ], [ 111.896867607753961, -7.172525935323622, 0.0 ], [ 111.896950449703525, -7.172594775728278, 0.0 ], [ 111.897034253927757, -7.172662446114937, 0.0 ], [ 111.897120530388236, -7.172731377351108, 0.0 ], [ 111.897207327556202, -7.172799502794756, 0.0 ], [ 111.897294196669918, -7.172867685795046, 0.0 ], [ 111.897380709652111, -7.172935589106086, 0.0 ], [ 111.897416312013263, -7.1729635328407, 0.0 ], [ 111.897466155139, -7.173002654249041, 0.0 ], [ 111.897553024252716, -7.173070837249268, 0.0 ], [ 111.897639893366431, -7.173139019350224, 0.0 ], [ 111.897726761580827, -7.17320720235045, 0.0 ], [ 111.897813631593863, -7.173275383552037, 0.0 ], [ 111.897896941190936, -7.173340772358697, 0.0 ], [ 111.897983739258223, -7.173408898701665, 0.0 ], [ 111.898070537325509, -7.173477025044638, 0.0 ], [ 111.898155340696462, -7.173543586567245, 0.0 ], [ 111.898242210709498, -7.173611769567465, 0.0 ], [ 111.898329079823213, -7.17367995166837, 0.0 ], [ 111.898354001835798, -7.173699511922903, 0.0 ], [ 111.898440870949514, -7.173767694923134, 0.0 ], [ 111.89852774096255, -7.173835877024033, 0.0 ], [ 111.898614539029836, -7.173904004266322, 0.0 ], [ 111.898701337097066, -7.173972129709962, 0.0 ], [ 111.898788207110158, -7.174040311810879, 0.0 ], [ 111.898875076223874, -7.174108494811143, 0.0 ], [ 111.898961946236909, -7.174176676912055, 0.0 ], [ 111.899048816249945, -7.174244859012951, 0.0 ], [ 111.899116459656966, -7.174297952288613, 0.0 ], [ 111.899125005015037, -7.174304657633796, 0.0 ], [ 111.899166302782703, -7.174337072797644, 0.0 ], [ 111.89921494801149, -7.174356862379231, 0.0 ], [ 111.899266067275221, -7.174377659201576, 0.0 ], [ 111.899309465859233, -7.174411721923381, 0.0 ], [ 111.899396263926519, -7.174479848266339, 0.0 ], [ 111.899483133939555, -7.174548030367252, 0.0 ], [ 111.89957000395259, -7.174616211568883, 0.0 ], [ 111.89965673097339, -7.174684282153859, 0.0 ], [ 111.899743600986483, -7.174752465154095, 0.0 ], [ 111.899830470999518, -7.174820647255051, 0.0 ], [ 111.899917341012554, -7.174888829355952, 0.0 ], [ 111.900003996986925, -7.174956843283669, 0.0 ], [ 111.90009086699996, -7.175025025384571, 0.0 ], [ 111.900177737012996, -7.175093206586157, 0.0 ], [ 111.900264535979602, -7.17516133292912, 0.0 ], [ 111.90030797143578, -7.175195424429265, 0.0 ], [ 111.900346232192931, -7.175235221228431, 0.0 ], [ 111.900384493849344, -7.175275017128287, 0.0 ], [ 111.900427929305579, -7.17530910772911, 0.0 ], [ 111.900514799318614, -7.175377289830012, 0.0 ], [ 111.90060166933165, -7.175445471930907, 0.0 ], [ 111.900688539344685, -7.175513654031873, 0.0 ], [ 111.900773486607193, -7.175580327070405, 0.0 ], [ 111.900860356620228, -7.175648509171315, 0.0 ], [ 111.900947226633264, -7.175716691272216, 0.0 ], [ 111.901034096646299, -7.175784871574541, 0.0 ], [ 111.901121038605083, -7.175853110332758, 0.0 ], [ 111.90120783757169, -7.175921235776348, 0.0 ], [ 111.901294637437616, -7.175989362119303, 0.0 ], [ 111.901381506551331, -7.176057543320894, 0.0 ], [ 111.901468376564367, -7.176125725421862, 0.0 ], [ 111.901555248376098, -7.176193906623434, 0.0 ], [ 111.901642189435563, -7.176262143583018, 0.0 ], [ 111.901729131394347, -7.176330382341237, 0.0 ], [ 111.901816001407383, -7.176398564442144, 0.0 ], [ 111.901902801273309, -7.176466688986474, 0.0 ], [ 111.901989671286344, -7.176534871087362, 0.0 ], [ 111.90207647025295, -7.176602995631702, 0.0 ], [ 111.902163270118876, -7.176671121974669, 0.0 ], [ 111.902250069085483, -7.176739248317633, 0.0 ], [ 111.902337011044267, -7.176807485277149, 0.0 ], [ 111.902423881057302, -7.176875667378113, 0.0 ], [ 111.902510823016144, -7.176943904337691, 0.0 ], [ 111.90259762288207, -7.177012028881961, 0.0 ], [ 111.902684635887283, -7.177080323398173, 0.0 ], [ 111.902771505900319, -7.17714850370044, 0.0 ], [ 111.902858305766244, -7.177216629144086, 0.0 ], [ 111.902945104732851, -7.177284754587722, 0.0 ], [ 111.903031904598777, -7.177352880031319, 0.0 ], [ 111.903118776410452, -7.177421062132275, 0.0 ], [ 111.903131441562834, -7.177435096952145, 0.0 ], [ 111.903137779085284, -7.177452899931325, 0.0 ], [ 111.903155403998767, -7.177502414804561, 0.0 ], [ 111.903161740621897, -7.177520217783752, 0.0 ], [ 111.9031744066736, -7.177534252603615, 0.0 ], [ 111.903213137776163, -7.177567321574594, 0.0 ], [ 111.903251867979407, -7.17760038964621, 0.0 ], [ 111.903267720329097, -7.177610703970738, 0.0 ], [ 111.903286535944915, -7.177612668090092, 0.0 ], [ 111.903350979564095, -7.177619394119686, 0.0 ], [ 111.903369796079289, -7.177621357339717, 0.0 ], [ 111.903385644831701, -7.177631669865603, 0.0 ], [ 111.90343137625706, -7.177667744370864, 0.0 ], [ 111.903518264256547, -7.177735897693482, 0.0 ], [ 111.903604697199057, -7.177804632877443, 0.0 ], [ 111.903691585198544, -7.177872787099379, 0.0 ], [ 111.903778017241791, -7.177941521384072, 0.0 ], [ 111.903864905241221, -7.178009675606008, 0.0 ], [ 111.903951338183788, -7.178078409890652, 0.0 ], [ 111.904038226183275, -7.178146565011903, 0.0 ], [ 111.904124659125785, -7.178215299296598, 0.0 ], [ 111.904211547125271, -7.178283452619215, 0.0 ], [ 111.904254991574646, -7.1783175306295, 0.0 ], [ 111.904297884739663, -7.178352300218424, 0.0 ], [ 111.904382920135731, -7.178421227857316, 0.0 ], [ 111.90442581420001, -7.178455995647648, 0.0 ], [ 111.90446956082161, -7.178491035932502, 0.0 ], [ 111.904513524179833, -7.178525003326177, 0.0 ], [ 111.904557205150979, -7.178558771070363, 0.0 ], [ 111.904600965262375, -7.17859260086777, 0.0 ], [ 111.904644725373828, -7.178626429765874, 0.0 ], [ 111.904688604195769, -7.17866035129412, 0.0 ], [ 111.90473248301771, -7.178694271923068, 0.0 ], [ 111.904776162190217, -7.178728037868606, 0.0 ], [ 111.904819839564027, -7.178761803814155, 0.0 ], [ 111.904907203304845, -7.178829341101163, 0.0 ], [ 111.904994449234493, -7.178896786657326, 0.0 ], [ 111.905082623264491, -7.178964950771785, 0.0 ], [ 111.9051667548419, -7.179029989742161, 0.0 ], [ 111.905250827963414, -7.179094982847119, 0.0 ], [ 111.905345897994835, -7.179168478142685, 0.0 ], [ 111.905431904658712, -7.179234965920905, 0.0 ], [ 111.905519331352139, -7.179302550871964, 0.0 ], [ 111.905606760743467, -7.179370140319687, 0.0 ], [ 111.905694191933492, -7.179437728868037, 0.0 ], [ 111.905780822726854, -7.179506339046264, 0.0 ], [ 111.905850986933558, -7.179561963014125, 0.0 ], [ 111.905920383119224, -7.17961794131491, 0.0 ], [ 111.905989801787996, -7.179673889938052, 0.0 ], [ 111.906091588855816, -7.179756052899455, 0.0 ], [ 111.906177435440327, -7.179825243140389, 0.0 ], [ 111.906261414133041, -7.179892984573545, 0.0 ], [ 111.906345248934144, -7.179960618087988, 0.0 ], [ 111.906432576702116, -7.180028067241437, 0.0 ], [ 111.90651687735209, -7.180099117280403, 0.0 ], [ 111.906603213167841, -7.180168783262666, 0.0 ], [ 111.906689197348612, -7.180238148871407, 0.0 ], [ 111.906774873961353, -7.180307259072715, 0.0 ], [ 111.906860549674661, -7.18037636927398, 0.0 ], [ 111.906946227186722, -7.180445487569156, 0.0 ], [ 111.907031733827523, -7.180514516831472, 0.0 ], [ 111.907117580412091, -7.180583707971715, 0.0 ], [ 111.907203238139004, -7.180652809179769, 0.0 ], [ 111.907288777155429, -7.18072215410411, 0.0 ], [ 111.90737451132469, -7.180790802953142, 0.0 ], [ 111.907459874073993, -7.18086085114732, 0.0 ], [ 111.907545413090418, -7.180930195172329, 0.0 ], [ 111.907630961999359, -7.180999540096644, 0.0 ], [ 111.907716510008981, -7.181068884121662, 0.0 ], [ 111.907802058018603, -7.18113822814666, 0.0 ], [ 111.907887597934348, -7.18120758116487, 0.0 ], [ 111.907971344601947, -7.1812754655902, 0.0 ], [ 111.908057131831242, -7.181345002969471, 0.0 ], [ 111.908142671746987, -7.181414346994476, 0.0 ], [ 111.908228219756609, -7.181483700012684, 0.0 ], [ 111.90831376866555, -7.181553044037676, 0.0 ], [ 111.908399370634527, -7.181622433928105, 0.0 ], [ 111.908482470689535, -7.181691250950443, 0.0 ], [ 111.908567526770014, -7.181761677759193, 0.0 ], [ 111.908653128738933, -7.181832451706218, 0.0 ], [ 111.90873854724623, -7.181902436947829, 0.0 ], [ 111.908823973847404, -7.18197242218946, 0.0 ], [ 111.908909390556005, -7.182042408330459, 0.0 ], [ 111.908994809063245, -7.182112392672766, 0.0 ], [ 111.909080235664419, -7.182182377914381, 0.0 ], [ 111.909166263012708, -7.182251619416659, 0.0 ], [ 111.909251680620628, -7.18232160375896, 0.0 ], [ 111.909337108121122, -7.182391589000579, 0.0 ], [ 111.909422525729042, -7.182461574242203, 0.0 ], [ 111.909507944236282, -7.182531560383146, 0.0 ], [ 111.909593370837456, -7.182601544725463, 0.0 ], [ 111.909678733586759, -7.182671592919633, 0.0 ], [ 111.909764097235382, -7.182741650106999, 0.0 ], [ 111.909849459984628, -7.18281170729444, 0.0 ], [ 111.909934831727185, -7.182881754589224, 0.0 ], [ 111.910020196275127, -7.182951811776653, 0.0 ], [ 111.910105559024373, -7.183021859970839, 0.0 ], [ 111.910190921773676, -7.183091908165017, 0.0 ], [ 111.910276295314816, -7.183161965352379, 0.0 ], [ 111.910361658064119, -7.183232012647232, 0.0 ], [ 111.910447020813422, -7.18330206983461, 0.0 ], [ 111.910532385361364, -7.183372118028784, 0.0 ], [ 111.910617757103864, -7.183442175216163, 0.0 ], [ 111.910703129745684, -7.183512223410332, 0.0 ], [ 111.910788422347878, -7.183582160987891, 0.0 ], [ 111.910873722144629, -7.183652100364097, 0.0 ], [ 111.910959013847446, -7.183722029847725, 0.0 ], [ 111.911044315442837, -7.183791969223937, 0.0 ], [ 111.911129616138908, -7.183861906801492, 0.0 ], [ 111.911214907841781, -7.183931846177696, 0.0 ], [ 111.911300209437172, -7.184001775661382, 0.0 ], [ 111.911385528119695, -7.184071760003689, 0.0 ], [ 111.911473247992035, -7.184138756798123, 0.0 ], [ 111.911560968763752, -7.1842057535926, 0.0 ], [ 111.911648688636149, -7.18427275128641, 0.0 ], [ 111.911736410307128, -7.184339748080836, 0.0 ], [ 111.911824131078845, -7.18440674487534, 0.0 ], [ 111.911911850951242, -7.184473750663013, 0.0 ], [ 111.911999571722902, -7.184540746558179, 0.0 ], [ 111.912086755599375, -7.184607201061453, 0.0 ], [ 111.912175022259532, -7.184674741046416, 0.0 ], [ 111.912262743031249, -7.184741737840905, 0.0 ], [ 111.912350463802909, -7.184808734635332, 0.0 ], [ 111.912438183675306, -7.184875732329156, 0.0 ], [ 111.91252501231952, -7.184943971087356, 0.0 ], [ 111.912612213283069, -7.185012509319792, 0.0 ], [ 111.912699048222578, -7.185080758869894, 0.0 ], [ 111.912785872370193, -7.185149001225398, 0.0 ], [ 111.912873073333742, -7.185217538558511, 0.0 ], [ 111.912957834436554, -7.185284157637732, 0.0 ], [ 111.913044586638421, -7.185352344235238, 0.0 ], [ 111.913131789400609, -7.185420881568409, 0.0 ], [ 111.913218623440798, -7.185489131118453, 0.0 ], [ 111.913305447588414, -7.185557372574639, 0.0 ], [ 111.913392648551962, -7.185625910807128, 0.0 ], [ 111.913479484390734, -7.185694160357166, 0.0 ], [ 111.91356630763903, -7.185762401813354, 0.0 ], [ 111.913653510401218, -7.185830940045783, 0.0 ], [ 111.913740345340727, -7.185899188696573, 0.0 ], [ 111.913827168589023, -7.185967430152749, 0.0 ], [ 111.913914371351211, -7.186035968385173, 0.0 ], [ 111.91400120629072, -7.186104217035962, 0.0 ], [ 111.914088031337656, -7.186172459391462, 0.0 ], [ 111.914175232301204, -7.186240996724559, 0.0 ], [ 111.914262067240657, -7.186309246274676, 0.0 ], [ 111.914348892287592, -7.186377486831532, 0.0 ], [ 111.91443609415046, -7.186446025063965, 0.0 ], [ 111.914522929089969, -7.186514273714697, 0.0 ], [ 111.914607690192781, -7.186580892793921, 0.0 ], [ 111.914694515239773, -7.186649134250106, 0.0 ], [ 111.914781349279906, -7.186717382900832, 0.0 ], [ 111.914868174326841, -7.186785625256332, 0.0 ], [ 111.914955377089029, -7.186854161690169, 0.0 ], [ 111.915042211129219, -7.18692241124023, 0.0 ], [ 111.915129036176154, -7.186990651797092, 0.0 ], [ 111.915216238938342, -7.187059190029581, 0.0 ], [ 111.915303073877794, -7.187127438680305, 0.0 ], [ 111.91538989892473, -7.18719568013648, 0.0 ], [ 111.915477100787655, -7.187264218368917, 0.0 ], [ 111.915563935727107, -7.187332466120377, 0.0 ], [ 111.915650053007596, -7.187401588012843, 0.0 ], [ 111.91573264044905, -7.187467877040838, 0.0 ], [ 111.9158187559309, -7.187536998033976, 0.0 ], [ 111.915904873211389, -7.187606119926449, 0.0 ], [ 111.915991363710532, -7.187675542192486, 0.0 ], [ 111.916077489984218, -7.187744672178847, 0.0 ], [ 111.916163607264707, -7.187813793171984, 0.0 ], [ 111.91625009686453, -7.187883215437983, 0.0 ], [ 111.916332029599573, -7.18794897836261, 0.0 ], [ 111.916418297066798, -7.188018219864881, 0.0 ], [ 111.916504456615428, -7.188087375931615, 0.0 ], [ 111.916590557708105, -7.18815648523355, 0.0 ], [ 111.916676597646926, -7.188225545972094, 0.0 ], [ 111.916762715826735, -7.188294667864576, 0.0 ], [ 111.91680545520768, -7.188329626311137, 0.0 ], [ 111.916846946329542, -7.188366053350655, 0.0 ], [ 111.916888438350838, -7.188402480390088, 0.0 ], [ 111.916928630851714, -7.188440331056375, 0.0 ], [ 111.916945787218367, -7.188456122252212, 0.0 ], [ 111.916985979719243, -7.188493972019155, 0.0 ], [ 111.917012495330482, -7.188542375330308, 0.0 ], [ 111.917045575093255, -7.18860276300705, 0.0 ], [ 111.917072088905854, -7.188651166318209, 0.0 ], [ 111.917089977320643, -7.188703365667713, 0.0 ], [ 111.917111902792158, -7.18876734883406, 0.0 ], [ 111.917129792106266, -7.188819549982211, 0.0 ], [ 111.917145650751252, -7.188872400440859, 0.0 ], [ 111.91716150939618, -7.188925250899564, 0.0 ], [ 111.917175510941149, -7.188978622065695, 0.0 ], [ 111.917188784035204, -7.189029210729464, 0.0 ], [ 111.917208294826992, -7.189103581065347, 0.0 ], [ 111.917236857295165, -7.189210172311568, 0.0 ], [ 111.917265418864076, -7.189316770752326, 0.0 ], [ 111.917294766440364, -7.189419901407292, 0.0 ], [ 111.917324443168582, -7.189524172402576, 0.0 ], [ 111.917354646899469, -7.189630307692476, 0.0 ], [ 111.91738485872429, -7.189736453774277, 0.0 ], [ 111.917416093078316, -7.18984097568046, 0.0 ], [ 111.917447683563807, -7.189946710772071, 0.0 ], [ 111.917479347793744, -7.190052437769741, 0.0 ], [ 111.917496137236981, -7.190102708972811, 0.0 ], [ 111.917521758922078, -7.190152385723996, 0.0 ], [ 111.917573917802144, -7.190249626718866, 0.0 ], [ 111.917623626029581, -7.190344126580164, 0.0 ], [ 111.917674894580784, -7.190445821917073, 0.0 ], [ 111.917725422989918, -7.190545769871336, 0.0 ], [ 111.91777594510387, -7.190642089960426, 0.0 ], [ 111.91782646002315, -7.190740238371237, 0.0 ], [ 111.917874268882485, -7.190825800770036, 0.0 ], [ 111.917927435902527, -7.190922368172719, 0.0 ], [ 111.917980539970017, -7.191018834851318, 0.0 ], [ 111.918033742962905, -7.191115457112629, 0.0 ], [ 111.918086954949047, -7.191212123440718, 0.0 ], [ 111.91814002394301, -7.191308500187066, 0.0 ], [ 111.918193699080007, -7.191404950677899, 0.0 ], [ 111.918222039415639, -7.191452361137521, 0.0 ], [ 111.918255376384593, -7.191496037612009, 0.0 ], [ 111.918325145788913, -7.191581588319601, 0.0 ], [ 111.918394862133255, -7.19166720108041, 0.0 ], [ 111.918455808288968, -7.191739046120071, 0.0 ], [ 111.918462129623663, -7.191749212955747, 0.0 ], [ 111.918529966384881, -7.191836146820663, 0.0 ], [ 111.918597910165488, -7.191923117557794, 0.0 ], [ 111.918666144427107, -7.192010018147752, 0.0 ], [ 111.91873448840596, -7.192096692108635, 0.0 ], [ 111.918801978928229, -7.192183715905735, 0.0 ], [ 111.918867314674912, -7.192272720009955, 0.0 ], [ 111.918934236825635, -7.192357207718941, 0.0 ], [ 111.919002745380453, -7.192443710808567, 0.0 ], [ 111.919071298002052, -7.192530213898175, 0.0 ], [ 111.919139533162991, -7.192617014663424, 0.0 ], [ 111.919208562425297, -7.192700200154094, 0.0 ], [ 111.919278205025194, -7.192786092604027, 0.0 ], [ 111.919310238876506, -7.192829439027318, 0.0 ], [ 111.919336085392104, -7.192879894591438, 0.0 ], [ 111.919380450747269, -7.192978186893757, 0.0 ], [ 111.919425601210605, -7.193079685279201, 0.0 ], [ 111.919468830721996, -7.193180939049052, 0.0 ], [ 111.919513809414809, -7.193282371783998, 0.0 ], [ 111.919555773580157, -7.193385266816564, 0.0 ], [ 111.919603779390968, -7.193483900861284, 0.0 ], [ 111.919646125768168, -7.19358005007922, 0.0 ], [ 111.919690527995556, -7.193680802926687, 0.0 ], [ 111.919734929323567, -7.193781545881565, 0.0 ], [ 111.919779311765865, -7.193882298729076, 0.0 ], [ 111.919823713093933, -7.193983050677218, 0.0 ], [ 111.919868068556582, -7.194083840396851, 0.0 ], [ 111.919910937439852, -7.194185228165675, 0.0 ], [ 111.919953337776406, -7.194285746290115, 0.0 ], [ 111.919973926855278, -7.19433690242608, 0.0 ], [ 111.919987296176828, -7.194388787012889, 0.0 ], [ 111.920012062606645, -7.194495749679051, 0.0 ], [ 111.920014522252472, -7.194507156679891, 0.0 ], [ 111.920037681593783, -7.194614926037961, 0.0 ], [ 111.920060922773416, -7.194723048829591, 0.0 ], [ 111.920084297052711, -7.194831760677168, 0.0 ], [ 111.920104321357428, -7.194940077722384, 0.0 ], [ 111.920126771133653, -7.19504895684384, 0.0 ], [ 111.920146290019318, -7.195156846711089, 0.0 ], [ 111.920168073397917, -7.195264792336269, 0.0 ], [ 111.920191912626706, -7.195372600365144, 0.0 ], [ 111.920214270672091, -7.195479471300536, 0.0 ], [ 111.920236797790039, -7.195587219974188, 0.0 ], [ 111.920259324907988, -7.195694977641043, 0.0 ], [ 111.920281861019134, -7.195802718220824, 0.0 ], [ 111.920304387237763, -7.195910611685354, 0.0 ], [ 111.920326190401454, -7.196018149917612, 0.0 ], [ 111.920348477400353, -7.196126893241453, 0.0 ], [ 111.920370452334566, -7.196234476439887, 0.0 ], [ 111.920393027116575, -7.19634429715154, 0.0 ], [ 111.920413324815172, -7.19643702175108, 0.0 ], [ 111.920422761401369, -7.196491558438646, 0.0 ], [ 111.920423155304434, -7.196546885630191, 0.0 ], [ 111.92041948786914, -7.19665718118393, 0.0 ], [ 111.920415840218936, -7.196767457851871, 0.0 ], [ 111.920412190770037, -7.196877753405551, 0.0 ], [ 111.920407112298449, -7.196987977912785, 0.0 ], [ 111.920397949106132, -7.197097949710547, 0.0 ], [ 111.920397117233222, -7.19720823896898, 0.0 ], [ 111.920392275283348, -7.197318148713524, 0.0 ], [ 111.92038550878425, -7.197428928102505, 0.0 ], [ 111.920379027370302, -7.197538993429755, 0.0 ], [ 111.920372547754937, -7.197649067750215, 0.0 ], [ 111.920367567309427, -7.19773371373986, 0.0 ], [ 111.920361084096839, -7.197843869898633, 0.0 ], [ 111.920354602682835, -7.197953818314026, 0.0 ], [ 111.92036144562428, -7.197981751256745, 0.0 ], [ 111.920391741086064, -7.197993956855552, 0.0 ], [ 111.920501673313652, -7.198003703707909, 0.0 ], [ 111.92061160464192, -7.198013396600923, 0.0 ], [ 111.920719554763707, -7.198022908730187, 0.0 ], [ 111.920827051627214, -7.198032392081195, 0.0 ], [ 111.920936891224585, -7.198042608379645, 0.0 ], [ 111.921046729922693, -7.198052697873664, 0.0 ], [ 111.921156579412695, -7.198062788267, 0.0 ], [ 111.921262092371705, -7.198072480260699, 0.0 ], [ 111.921371940962388, -7.198082569754717, 0.0 ], [ 111.921475996120364, -7.198092127749481, 0.0 ], [ 111.921586015582193, -7.198102237028594, 0.0 ], [ 111.921696045835915, -7.198112346307709, 0.0 ], [ 111.921805803595021, -7.198122425909166, 0.0 ], [ 111.921915824855489, -7.198132535188272, 0.0 ], [ 111.922025584413234, -7.198144397246098, 0.0 ], [ 111.92213522705913, -7.198156240418088, 0.0 ], [ 111.922245222239269, -7.198168122260996, 0.0 ], [ 111.922354764161071, -7.198179956439781, 0.0 ], [ 111.922464306982249, -7.198191780726064, 0.0 ], [ 111.922575080075944, -7.19820181086482, 0.0 ], [ 111.922685024894065, -7.198212715144623, 0.0 ], [ 111.922794978705383, -7.198223619424422, 0.0 ], [ 111.922904922624127, -7.198234522804909, 0.0 ], [ 111.923014877334765, -7.198245427084768, 0.0 ], [ 111.923124813159689, -7.198256331364574, 0.0 ], [ 111.923234766971007, -7.198267225751804, 0.0 ], [ 111.923344711789071, -7.198278130031612, 0.0 ], [ 111.923454665600389, -7.198289034311422, 0.0 ], [ 111.923564611317829, -7.19829993769189, 0.0 ], [ 111.923674556135893, -7.198310841971769, 0.0 ], [ 111.923784509947211, -7.198321746251571, 0.0 ], [ 111.923894454765332, -7.198332649632052, 0.0 ], [ 111.92400440857665, -7.198343553012538, 0.0 ], [ 111.92411435429409, -7.198354457292346, 0.0 ], [ 111.924224308105408, -7.198365387652466, 0.0 ], [ 111.924334063166555, -7.198376255060059, 0.0 ], [ 111.924444302062966, -7.198386109831056, 0.0 ], [ 111.924554333215951, -7.198395973595263, 0.0 ], [ 111.924664401241159, -7.198405793292698, 0.0 ], [ 111.92477441440775, -7.198415630077189, 0.0 ], [ 111.92488422702553, -7.198425447076657, 0.0 ], [ 111.924934705072644, -7.198430423025568, 0.0 ], [ 111.924994897596491, -7.198440397406391, 0.0 ], [ 111.925103451163409, -7.198458820018456, 0.0 ], [ 111.925213027259474, -7.198477063665511, 0.0 ], [ 111.9253220646616, -7.198495066294241, 0.0 ], [ 111.92542855788173, -7.198512647140888, 0.0 ], [ 111.925537847094006, -7.198530837727958, 0.0 ], [ 111.925646869207696, -7.198549814322399, 0.0 ], [ 111.925756391344464, -7.19857057517185, 0.0 ], [ 111.925864738067276, -7.198592976384698, 0.0 ], [ 111.925918869160569, -7.198604216111618, 0.0 ], [ 111.925970060370048, -7.198625729693619, 0.0 ], [ 111.926070968800218, -7.198673722913949, 0.0 ], [ 111.92617060379041, -7.198721095602024, 0.0 ], [ 111.926270934855836, -7.198766634572498, 0.0 ], [ 111.926371831594793, -7.198813180783644, 0.0 ], [ 111.926471283123306, -7.198858987752033, 0.0 ], [ 111.926569195012405, -7.198904679607216, 0.0 ], [ 111.926670765343601, -7.198950848103092, 0.0 ], [ 111.926768729393416, -7.199003342430276, 0.0 ], [ 111.926864353407268, -7.199052660351925, 0.0 ], [ 111.926963447904882, -7.19909911573154, 0.0 ], [ 111.927060543209564, -7.199149517336307, 0.0 ], [ 111.927160301406843, -7.19919781182949, 0.0 ], [ 111.927259823981728, -7.199245825734239, 0.0 ], [ 111.927309569081388, -7.19926982504233, 0.0 ], [ 111.927361909624494, -7.199287476935462, 0.0 ], [ 111.927466590710651, -7.199322781621053, 0.0 ], [ 111.927571272696127, -7.199358086306581, 0.0 ], [ 111.927675954681604, -7.199393390092832, 0.0 ], [ 111.927706487564421, -7.19940368822961, 0.0 ], [ 111.927780636667137, -7.199428694778424, 0.0 ], [ 111.927885317753294, -7.19946399856462, 0.0 ], [ 111.92798999973877, -7.199499303250203, 0.0 ], [ 111.928070001629351, -7.199526283810882, 0.0 ], [ 111.928094681724247, -7.199534607036409, 0.0 ], [ 111.928140586718769, -7.199550088865465, 0.0 ], [ 111.92818649261261, -7.199565570694466, 0.0 ], [ 111.928228176189464, -7.199579628896684, 0.0 ], [ 111.92833285817494, -7.199614932682956, 0.0 ], [ 111.928344871318814, -7.19961898412879, 0.0 ], [ 111.928449975985643, -7.1996515171038, 0.0 ], [ 111.928554798265395, -7.199684632839484, 0.0 ], [ 111.928608086693885, -7.199702942137034, 0.0 ], [ 111.928656845237299, -7.199726000754313, 0.0 ], [ 111.928755669038935, -7.199774844733265, 0.0 ], [ 111.928807620175576, -7.19980051408243, 0.0 ], [ 111.928856420087754, -7.199819204692515, 0.0 ], [ 111.928876124233796, -7.199823004328151, 0.0 ], [ 111.928892946052656, -7.199817078695157, 0.0 ], [ 111.92890993874272, -7.199808949723203, 0.0 ], [ 111.929008359648151, -7.199760264924243, 0.0 ], [ 111.92910500798979, -7.199713198005614, 0.0 ], [ 111.929116779216031, -7.199708288606578, 0.0 ], [ 111.929141366680767, -7.199709089003192, 0.0 ], [ 111.929186922738381, -7.199724916171875, 0.0 ], [ 111.92923829920818, -7.199753751134668, 0.0 ], [ 111.929319625800133, -7.199806335394041, 0.0 ], [ 111.929330960855225, -7.199813814156122, 0.0 ], [ 111.929422757354416, -7.199875338575966, 0.0 ], [ 111.92951641455096, -7.199933582268961, 0.0 ], [ 111.929609530355606, -7.199992085866027, 0.0 ], [ 111.929703077834859, -7.200049676651187, 0.0 ], [ 111.929742288276032, -7.20007288635457, 0.0 ], [ 111.929804086989066, -7.200094945825013, 0.0 ], [ 111.92985208200804, -7.200107146927231, 0.0 ], [ 111.929911874333584, -7.200111066172719, 0.0 ], [ 111.930024300381206, -7.200112621999841, 0.0 ], [ 111.93013297715521, -7.200114129263618, 0.0 ], [ 111.930188216213253, -7.200114893687335, 0.0 ], [ 111.930243451674016, -7.200113918822244, 0.0 ], [ 111.930353784999227, -7.200111970890701, 0.0 ], [ 111.930464257719393, -7.200110022059842, 0.0 ], [ 111.930519494978796, -7.200109104751327, 0.0 ], [ 111.930574645903221, -7.200112321626305, 0.0 ], [ 111.930682896398594, -7.200118534142976, 0.0 ], [ 111.930792342992277, -7.200126946401383, 0.0 ], [ 111.930902168200589, -7.200136702246929, 0.0 ], [ 111.930957222897575, -7.200141276198912, 0.0 ], [ 111.931011717316949, -7.200150341365083, 0.0 ], [ 111.931089842322422, -7.200163336568665, 0.0 ], [ 111.931198830261849, -7.200181466901149, 0.0 ], [ 111.931305138221603, -7.20019915116985, 0.0 ], [ 111.93141412616103, -7.200217280602994, 0.0 ], [ 111.931520433221465, -7.200234964871702, 0.0 ], [ 111.931629421160892, -7.200253094304792, 0.0 ], [ 111.931683914681003, -7.200262158571719, 0.0 ], [ 111.931738799406105, -7.200268457423308, 0.0 ], [ 111.931848386294064, -7.200281030844855, 0.0 ], [ 111.931957974081286, -7.200293605165712, 0.0 ], [ 111.932067560969244, -7.2003061785872, 0.0 ], [ 111.932177147857146, -7.20031875290807, 0.0 ], [ 111.932286734745048, -7.200331327228926, 0.0 ], [ 111.932396323431647, -7.200343900650462, 0.0 ], [ 111.932505818588709, -7.200356473172636, 0.0 ], [ 111.932615497207507, -7.200369058285383, 0.0 ], [ 111.932721907689938, -7.20038145364112, 0.0 ], [ 111.932776617047296, -7.200378827620736, 0.0 ], [ 111.932831610590426, -7.200368219217919, 0.0 ], [ 111.932886229116264, -7.200354870580782, 0.0 ], [ 111.932942623803115, -7.200340276382585, 0.0 ], [ 111.932990473131895, -7.20032007491147, 0.0 ], [ 111.933039276641352, -7.200295959590784, 0.0 ], [ 111.933093617276654, -7.200269767735564, 0.0 ], [ 111.93313741156237, -7.20024566860269, 0.0 ], [ 111.933232752289769, -7.200190177734442, 0.0 ], [ 111.933327559719146, -7.200133834308981, 0.0 ], [ 111.933383541617218, -7.200100069262753, 0.0 ], [ 111.933476991969656, -7.200041188849759, 0.0 ], [ 111.933570432429576, -7.199982318329261, 0.0 ], [ 111.933663705615572, -7.199922375816926, 0.0 ], [ 111.933755665791409, -7.19986119313949, 0.0 ], [ 111.933849224961818, -7.199802703931599, 0.0 ], [ 111.933896383611284, -7.199775974281744, 0.0 ], [ 111.933946589163838, -7.199751183570243, 0.0 ], [ 111.93404772062587, -7.199706676122167, 0.0 ], [ 111.934148981590283, -7.199662108419542, 0.0 ], [ 111.934199277974358, -7.19964179813042, 0.0 ], [ 111.934254260725595, -7.199629207621792, 0.0 ], [ 111.934306477162238, -7.199618845633154, 0.0 ], [ 111.934359681953822, -7.199619905034524, 0.0 ], [ 111.934469560222112, -7.199629562854, 0.0 ], [ 111.93457944838292, -7.199639165814807, 0.0 ], [ 111.934689357228137, -7.199648607796979, 0.0 ], [ 111.93479679923297, -7.19965783214321, 0.0 ], [ 111.934906876251375, -7.199667457587052, 0.0 ], [ 111.935016719446082, -7.199676245762083, 0.0 ], [ 111.935069989888177, -7.199680499555366, 0.0 ], [ 111.935114268908421, -7.199684023099172, 0.0 ], [ 111.935152234687962, -7.199686411698512, 0.0 ], [ 111.935262505060621, -7.199693349968068, 0.0 ], [ 111.935372686400399, -7.199700282841716, 0.0 ], [ 111.935482955873795, -7.199707221111347, 0.0 ], [ 111.935593227145773, -7.199714159380913, 0.0 ], [ 111.935703498417752, -7.19972109765046, 0.0 ], [ 111.935813677958947, -7.199728029624793, 0.0 ], [ 111.935923948331606, -7.199734968793733, 0.0 ], [ 111.936034218704265, -7.199741907063292, 0.0 ], [ 111.9361444899763, -7.199748845332913, 0.0 ], [ 111.936254670416758, -7.199755778206574, 0.0 ], [ 111.936364939890098, -7.199762715576814, 0.0 ], [ 111.936475121229932, -7.199769647551141, 0.0 ], [ 111.936585390703272, -7.19977658582075, 0.0 ], [ 111.936695661975307, -7.199783524090321, 0.0 ], [ 111.936805932347966, -7.199790462359879, 0.0 ], [ 111.936916202720624, -7.199797399730191, 0.0 ], [ 111.93702647399266, -7.199804337999744, 0.0 ], [ 111.937136744365318, -7.199811276269321, 0.0 ], [ 111.937246923906457, -7.199818209143014, 0.0 ], [ 111.937357195178492, -7.199825145613944, 0.0 ], [ 111.937467374719631, -7.199832079386902, 0.0 ], [ 111.93757764599161, -7.199839016757151, 0.0 ], [ 111.937687917263645, -7.199845954127452, 0.0 ], [ 111.937798005973264, -7.199852880705812, 0.0 ], [ 111.937908277245242, -7.19985981897542, 0.0 ], [ 111.938018547617958, -7.199866756345668, 0.0 ], [ 111.938128728058416, -7.199873688320003, 0.0 ], [ 111.938166690240621, -7.199876076919403, 0.0 ], [ 111.93822182497729, -7.199879544705202, 0.0 ], [ 111.93827695971396, -7.199883014289632, 0.0 ], [ 111.938386327167336, -7.199889895002632, 0.0 ], [ 111.938496598439315, -7.199896833272194, 0.0 ], [ 111.938551733175984, -7.199900301957308, 0.0 ], [ 111.938606518076426, -7.199893200011101, 0.0 ], [ 111.938695432248437, -7.199881675199097, 0.0 ], [ 111.938713394407671, -7.199879345955027, 0.0 ], [ 111.938768179308113, -7.199872244908127, 0.0 ], [ 111.938823406674942, -7.199870901320993, 0.0 ], [ 111.938874998982101, -7.199869196206406, 0.0 ], [ 111.938985277448637, -7.199862661732429, 0.0 ], [ 111.9390951701061, -7.199852296146503, 0.0 ], [ 111.939204633786858, -7.199838106643247, 0.0 ], [ 111.939313939187002, -7.199821996188127, 0.0 ], [ 111.939424133117313, -7.199805389307241, 0.0 ], [ 111.939533374665587, -7.199788925418548, 0.0 ], [ 111.939642624307737, -7.199772459731198, 0.0 ], [ 111.939752082592577, -7.199755962567559, 0.0 ], [ 111.939806650756395, -7.199747739166805, 0.0 ], [ 111.939860355571, -7.199736142408987, 0.0 ], [ 111.939968652831112, -7.199712754639857, 0.0 ], [ 111.940076856561745, -7.19968938935381, 0.0 ], [ 111.9401844298676, -7.199666158966015, 0.0 ], [ 111.940292423156848, -7.199642837746698, 0.0 ], [ 111.940400625088841, -7.199619471561335, 0.0 ], [ 111.940412512327669, -7.199616904896182, 0.0 ], [ 111.940520305967425, -7.199593627743699, 0.0 ], [ 111.940628294760074, -7.199570308323027, 0.0 ], [ 111.940682371894013, -7.199558629726933, 0.0 ], [ 111.940735893246938, -7.199543986066035, 0.0 ], [ 111.940841873853458, -7.199514990124669, 0.0 ], [ 111.940948736694907, -7.199485752265618, 0.0 ], [ 111.94105534322955, -7.199456583654349, 0.0 ], [ 111.941108484169263, -7.199442044314818, 0.0 ], [ 111.941160950617416, -7.199424335764437, 0.0 ], [ 111.941265334028003, -7.199389263103972, 0.0 ], [ 111.941369742619599, -7.199354171557733, 0.0 ], [ 111.941474135023384, -7.199319080910814, 0.0 ], [ 111.941578335871554, -7.199284162933737, 0.0 ], [ 111.941682683309239, -7.199248980555977, 0.0 ], [ 111.941787028948283, -7.19921363719954, 0.0 ], [ 111.941891374587328, -7.199178346903126, 0.0 ], [ 111.941995712132496, -7.199143103371453, 0.0 ], [ 111.942100574881692, -7.19910898758969, 0.0 ], [ 111.942205337806172, -7.199074982424458, 0.0 ], [ 111.942310301279463, -7.19904055098062, 0.0 ], [ 111.942413679247977, -7.19900664564012, 0.0 ], [ 111.942518006900571, -7.198971275304078, 0.0 ], [ 111.942623159231459, -7.198936626224282, 0.0 ], [ 111.942728049859682, -7.19890290884212, 0.0 ], [ 111.94283121918545, -7.198869049367081, 0.0 ], [ 111.942938210629961, -7.19883572858595, 0.0 ], [ 111.943043800031433, -7.198802870955658, 0.0 ], [ 111.943149832798611, -7.198770626663024, 0.0 ], [ 111.943255131719013, -7.198738303230078, 0.0 ], [ 111.943362541348279, -7.198705769355735, 0.0 ], [ 111.943455178713577, -7.198674424385103, 0.0 ], [ 111.943468301620896, -7.198669984432176, 0.0 ], [ 111.943570038326641, -7.198635560182935, 0.0 ], [ 111.943674474797263, -7.198601256442766, 0.0 ], [ 111.943779011092545, -7.19856691493112, 0.0 ], [ 111.943884054605519, -7.198532410642209, 0.0 ], [ 111.943988955126258, -7.198499118639348, 0.0 ], [ 111.944094217174438, -7.198465727711102, 0.0 ], [ 111.944199161761958, -7.198432426715098, 0.0 ], [ 111.944302326591185, -7.198393853893214, 0.0 ], [ 111.944406324192585, -7.198352866391651, 0.0 ], [ 111.944507945785119, -7.198309519069025, 0.0 ], [ 111.944610312016323, -7.198267962296593, 0.0 ], [ 111.944713395007227, -7.198228802217385, 0.0 ], [ 111.944820507860186, -7.198189267120941, 0.0 ], [ 111.944920758885985, -7.198152678203487, 0.0 ], [ 111.945024358987041, -7.198114484895542, 0.0 ], [ 111.945127398810484, -7.198076888737372, 0.0 ], [ 111.945230095092882, -7.198040189203309, 0.0 ], [ 111.945334303135667, -7.198002962666525, 0.0 ], [ 111.945438301636386, -7.197965799981667, 0.0 ], [ 111.94554346206121, -7.197929757852024, 0.0 ], [ 111.945648621586656, -7.197893724715585, 0.0 ], [ 111.945753219935227, -7.197857438869677, 0.0 ], [ 111.94585734613969, -7.197820475834241, 0.0 ], [ 111.945961346439049, -7.197783259190024, 0.0 ], [ 111.946065535596063, -7.197746232302741, 0.0 ], [ 111.946169943288339, -7.197709674861589, 0.0 ], [ 111.946271788812055, -7.197674422336664, 0.0 ], [ 111.946376904270778, -7.197639627566723, 0.0 ], [ 111.94648195677695, -7.197605521677417, 0.0 ], [ 111.946586865391566, -7.197571714363107, 0.0 ], [ 111.946691401686905, -7.197538648090077, 0.0 ], [ 111.946796173604582, -7.19750361499978, 0.0 ], [ 111.946900968005309, -7.197468647560017, 0.0 ], [ 111.947005739923043, -7.197433615369, 0.0 ], [ 111.947111173741746, -7.197400548196694, 0.0 ], [ 111.947216317079437, -7.197366622171852, 0.0 ], [ 111.94732143343748, -7.197332705140186, 0.0 ], [ 111.947426639727723, -7.197299167622424, 0.0 ], [ 111.947531846917286, -7.197265631004025, 0.0 ], [ 111.947637080187178, -7.197231161788632, 0.0 ], [ 111.94774152565094, -7.197196767217018, 0.0 ], [ 111.947845980107957, -7.197162361853485, 0.0 ], [ 111.947950424672399, -7.197127966382477, 0.0 ], [ 111.948054871035538, -7.197093570911538, 0.0 ], [ 111.948159016125771, -7.197058260830033, 0.0 ], [ 111.948263162115325, -7.197022960641048, 0.0 ], [ 111.948367298212304, -7.196987643364986, 0.0 ], [ 111.948471134835074, -7.19695143036415, 0.0 ], [ 111.94857496336391, -7.196915226356569, 0.0 ], [ 111.948678790993483, -7.196879011557081, 0.0 ], [ 111.948783017921983, -7.19684266815454, 0.0 ], [ 111.948794986099813, -7.196838486307058, 0.0 ], [ 111.948887155817658, -7.196806343637768, 0.0 ], [ 111.948990993339748, -7.196770130636998, 0.0 ], [ 111.949094820969265, -7.19673391763615, 0.0 ], [ 111.949198648598838, -7.196697703735998, 0.0 ], [ 111.949302485221551, -7.196661481741962, 0.0 ], [ 111.949406312851124, -7.196625285828248, 0.0 ], [ 111.949510150373214, -7.196589072827407, 0.0 ], [ 111.949613881775292, -7.196552588231333, 0.0 ], [ 111.94971761407669, -7.196516102735933, 0.0 ], [ 111.949821685422478, -7.196481126302894, 0.0 ], [ 111.949887889914237, -7.196459871725674, 0.0 ], [ 111.949993925379431, -7.1964288622022, 0.0 ], [ 111.950099609209644, -7.196396677264765, 0.0 ], [ 111.950152450675148, -7.196380584796089, 0.0 ], [ 111.950205293039915, -7.196364493226726, 0.0 ], [ 111.950258135404681, -7.196348400758045, 0.0 ], [ 111.950310577571145, -7.196332553804275, 0.0 ], [ 111.950400728311024, -7.196305310641551, 0.0 ], [ 111.950493378266856, -7.196276952319464, 0.0 ], [ 111.950505500228701, -7.196273241716718, 0.0 ], [ 111.95059961967678, -7.196243514626475, 0.0 ], [ 111.950704966261242, -7.196210243308027, 0.0 ], [ 111.950757637754862, -7.196193605850164, 0.0 ], [ 111.950810339825409, -7.19617706102252, 0.0 ], [ 111.950862978044086, -7.196160317444652, 0.0 ], [ 111.950915525431242, -7.196143286983045, 0.0 ], [ 111.951019442992958, -7.196106090123912, 0.0 ], [ 111.951122658184204, -7.196065472243671, 0.0 ], [ 111.951224679075722, -7.196025145743823, 0.0 ], [ 111.951328850246284, -7.195987069347725, 0.0 ], [ 111.95143303310806, -7.195951072184191, 0.0 ], [ 111.951537215969779, -7.19591508401385, 0.0 ], [ 111.951589350568156, -7.19589601029258, 0.0 ], [ 111.951637590202665, -7.195870012690875, 0.0 ], [ 111.951685581624361, -7.195842361235924, 0.0 ], [ 111.951738626336578, -7.195825355955372, 0.0 ], [ 111.951843326308506, -7.195789964035553, 0.0 ], [ 111.951947791557416, -7.195755296069988, 0.0 ], [ 111.952052075143229, -7.195719851090187, 0.0 ], [ 111.952156974764648, -7.195684837784997, 0.0 ], [ 111.952261638763673, -7.195649817285181, 0.0 ], [ 111.952366846852556, -7.19561523025863, 0.0 ], [ 111.952471865184464, -7.195580534414094, 0.0 ], [ 111.952576957260817, -7.195546596698018, 0.0 ], [ 111.95268105918359, -7.195510772204336, 0.0 ], [ 111.952785948912492, -7.195475804764552, 0.0 ], [ 111.952889299001981, -7.195440125061687, 0.0 ], [ 111.952993874867502, -7.195406578550722, 0.0 ], [ 111.953099618052988, -7.195372207361462, 0.0 ], [ 111.953204636384896, -7.195337428779279, 0.0 ], [ 111.953308628590378, -7.195301830015418, 0.0 ], [ 111.953414461708121, -7.195267376987833, 0.0 ], [ 111.953519471946151, -7.195233459056858, 0.0 ], [ 111.953625036166557, -7.195200651788578, 0.0 ], [ 111.953730409730667, -7.195167618790556, 0.0 ], [ 111.953835545873801, -7.195133475129744, 0.0 ], [ 111.953940835801006, -7.195099094947235, 0.0 ], [ 111.95404534601596, -7.195064245318632, 0.0 ], [ 111.954150616158074, -7.195028571910995, 0.0 ], [ 111.954254665020812, -7.194993831999682, 0.0 ], [ 111.95435974360737, -7.194958249423629, 0.0 ], [ 111.954462524426049, -7.194922805343137, 0.0 ], [ 111.954567620998944, -7.194886788394519, 0.0 ], [ 111.954672609653301, -7.194851576339152, 0.0 ], [ 111.954775581128217, -7.194816756388144, 0.0 ], [ 111.954882272199143, -7.194780817680559, 0.0 ], [ 111.954987379563988, -7.194746048990912, 0.0 ], [ 111.955092189253207, -7.19471093586094, 0.0 ], [ 111.955196772313229, -7.194676675288293, 0.0 ], [ 111.955301673733345, -7.19464329874921, 0.0 ], [ 111.955406210927947, -7.194608314222244, 0.0 ], [ 111.955511345272441, -7.194572775712978, 0.0 ], [ 111.955616056036206, -7.194539147363739, 0.0 ], [ 111.955720765001388, -7.194504305829009, 0.0 ], [ 111.95582543799361, -7.194469465193607, 0.0 ], [ 111.955930555250973, -7.194434777442958, 0.0 ], [ 111.956035283101869, -7.19440006271271, 0.0 ], [ 111.956141089239964, -7.194366151976283, 0.0 ], [ 111.956185789142921, -7.194351348236071, 0.0 ], [ 111.956231915370665, -7.194336537301292, 0.0 ], [ 111.95627803979977, -7.194321724567887, 0.0 ], [ 111.956330524234374, -7.194304504349361, 0.0 ], [ 111.956382987085249, -7.194287220278958, 0.0 ], [ 111.956433725036447, -7.194270489291617, 0.0 ], [ 111.956538555410077, -7.194235922050099, 0.0 ], [ 111.956643472118628, -7.19420132603033, 0.0 ], [ 111.956748387927803, -7.194166730010527, 0.0 ], [ 111.956853304636354, -7.194132133091447, 0.0 ], [ 111.956958221344905, -7.194097537071628, 0.0 ], [ 111.957063222589738, -7.194062913172853, 0.0 ], [ 111.957165903583643, -7.194029053697819, 0.0 ], [ 111.957270733957273, -7.193994485557034, 0.0 ], [ 111.957375649766504, -7.193959890436533, 0.0 ], [ 111.957480565575679, -7.193925294416768, 0.0 ], [ 111.957585396848629, -7.193890726275919, 0.0 ], [ 111.957690140887337, -7.193856186913415, 0.0 ], [ 111.957795056696568, -7.193821589994339, 0.0 ], [ 111.957899973405119, -7.193786993974524, 0.0 ], [ 111.958004889214351, -7.193752397954762, 0.0 ], [ 111.958026389306497, -7.193745307699775, 0.0 ], [ 111.958131305115671, -7.19371071167996, 0.0 ], [ 111.958236220924903, -7.193676115660137, 0.0 ], [ 111.958341051298532, -7.193641548418668, 0.0 ], [ 111.958445967107764, -7.193606950600272, 0.0 ], [ 111.958550882916995, -7.193572354580455, 0.0 ], [ 111.958605060774971, -7.193554488648656, 0.0 ], [ 111.958710062919124, -7.19351986474993, 0.0 ], [ 111.958814720622911, -7.193485353266403, 0.0 ], [ 111.958919637331462, -7.193450757246581, 0.0 ], [ 111.959024553140694, -7.193416160327495, 0.0 ], [ 111.959129468949868, -7.193381564307684, 0.0 ], [ 111.9592343847591, -7.193346967388611, 0.0 ], [ 111.959339300568331, -7.193312369570145, 0.0 ], [ 111.959444302712484, -7.19327774477204, 0.0 ], [ 111.959549046751192, -7.193243205409543, 0.0 ], [ 111.959653877124765, -7.193208637268746, 0.0 ], [ 111.959686211349663, -7.193197974906582, 0.0 ], [ 111.959791127158837, -7.193163377987442, 0.0 ], [ 111.959895956633147, -7.193128809846653, 0.0 ], [ 111.960000787006777, -7.193094240806545, 0.0 ], [ 111.960105702816008, -7.193059643887409, 0.0 ], [ 111.960210532290318, -7.193025075746611, 0.0 ], [ 111.960315448099493, -7.192990478827482, 0.0 ], [ 111.960420450243646, -7.192955854029376, 0.0 ], [ 111.960524831855594, -7.192921076346515, 0.0 ], [ 111.960629224259378, -7.192886450649151, 0.0 ], [ 111.960734632897072, -7.192853262068359, 0.0 ], [ 111.960839007314405, -7.192818484385503, 0.0 ], [ 111.960943814305665, -7.192783568207058, 0.0 ], [ 111.961048704034511, -7.192748869664562, 0.0 ], [ 111.961153720567836, -7.192714642366812, 0.0 ], [ 111.961258765879393, -7.192680414169727, 0.0 ], [ 111.961363173571669, -7.192644956599391, 0.0 ], [ 111.961468245862932, -7.19261070142266, 0.0 ], [ 111.961572900868759, -7.192576365306988, 0.0 ], [ 111.961677535190177, -7.192540691000036, 0.0 ], [ 111.961781706360739, -7.192504691138536, 0.0 ], [ 111.961885986349273, -7.19246862023061, 0.0 ], [ 111.961990411128625, -7.192432510651765, 0.0 ], [ 111.962096419614113, -7.192396737419468, 0.0 ], [ 111.962201091707072, -7.192361412049476, 0.0 ], [ 111.962305835745781, -7.192326568716118, 0.0 ], [ 111.962411190424177, -7.192293344162458, 0.0 ], [ 111.962516787020149, -7.192259204998264, 0.0 ], [ 111.962620834983625, -7.192224625166265, 0.0 ], [ 111.962725409949769, -7.192186969652871, 0.0 ], [ 111.962830357235248, -7.192154106626673, 0.0 ], [ 111.962934876443455, -7.192119653599093, 0.0 ], [ 111.963039455906198, -7.192084078217595, 0.0 ], [ 111.963143925651707, -7.192048141308652, 0.0 ], [ 111.963248741636164, -7.192013262002378, 0.0 ], [ 111.963353559419318, -7.191978355716521, 0.0 ], [ 111.963458366410521, -7.191943449430599, 0.0 ], [ 111.963563182395035, -7.191908560231806, 0.0 ], [ 111.963668035251715, -7.191873770857805, 0.0 ], [ 111.96377247172228, -7.191839164046136, 0.0 ], [ 111.963877115036894, -7.191803760435156, 0.0 ], [ 111.963981831196634, -7.191768545681785, 0.0 ], [ 111.964091267897743, -7.191734823803015, 0.0 ], [ 111.964195357230039, -7.191698571232045, 0.0 ], [ 111.964300647157188, -7.191665137136346, 0.0 ], [ 111.964405937983713, -7.191631685953501, 0.0 ], [ 111.964511960858374, -7.191602202579527, 0.0 ], [ 111.964618808411331, -7.191573052854038, 0.0 ], [ 111.964723807857524, -7.191539357954986, 0.0 ], [ 111.964829244374187, -7.191506140595886, 0.0 ], [ 111.964881970726424, -7.191489681203786, 0.0 ], [ 111.964934856258651, -7.191474995274746, 0.0 ], [ 111.965041139936716, -7.191444996589277, 0.0 ], [ 111.96514742541342, -7.1914149979038, 0.0 ], [ 111.965253645239613, -7.191384663771135, 0.0 ], [ 111.965359758046475, -7.191354882721614, 0.0 ], [ 111.965467041770637, -7.191326356226287, 0.0 ], [ 111.965574952322243, -7.191302685170737, 0.0 ], [ 111.965682870068463, -7.191279014115131, 0.0 ], [ 111.965736807807502, -7.191267089104823, 0.0 ], [ 111.965790694285147, -7.191257279299978, 0.0 ], [ 111.965898969961529, -7.191235805288163, 0.0 ], [ 111.966007337368808, -7.191214303397319, 0.0 ], [ 111.966115732654998, -7.191193380669919, 0.0 ], [ 111.966223990344929, -7.191171337387289, 0.0 ], [ 111.966331462926746, -7.191146607829636, 0.0 ], [ 111.966439126164801, -7.191121789239165, 0.0 ], [ 111.966546780409658, -7.191096995829643, 0.0 ], [ 111.966654441849073, -7.191072204218813, 0.0 ], [ 111.966762105087128, -7.191047411708609, 0.0 ], [ 111.966869768325182, -7.191022619198462, 0.0 ], [ 111.966978309301567, -7.190997617146258, 0.0 ], [ 111.967085970741039, -7.190972824636106, 0.0 ], [ 111.967190899140746, -7.190948038421202, 0.0 ], [ 111.96729854259371, -7.190923200045574, 0.0 ], [ 111.967406132986696, -7.19089808198083, 0.0 ], [ 111.967510799683737, -7.190874391140199, 0.0 ], [ 111.967617709289925, -7.190848379149322, 0.0 ], [ 111.967722537864915, -7.190820073887271, 0.0 ], [ 111.967828942951428, -7.190791339648564, 0.0 ], [ 111.967936816630868, -7.190767940188262, 0.0 ], [ 111.967990875778355, -7.190756167163324, 0.0 ], [ 111.968045828851984, -7.190751719116514, 0.0 ], [ 111.968156008393123, -7.190743409380793, 0.0 ], [ 111.968207294930778, -7.190739774321052, 0.0 ], [ 111.968265276921045, -7.190728959973457, 0.0 ], [ 111.968373152399124, -7.190706075824659, 0.0 ], [ 111.968479543995841, -7.190676022280564, 0.0 ], [ 111.968585647809448, -7.190646321270661, 0.0 ], [ 111.96869139279363, -7.190614351271216, 0.0 ], [ 111.968797147670273, -7.190582372278583, 0.0 ], [ 111.968850011618827, -7.190566385929919, 0.0 ], [ 111.968901290062547, -7.190545864300142, 0.0 ], [ 111.969003846050725, -7.190504802154858, 0.0 ], [ 111.969106402938223, -7.190463749002786, 0.0 ], [ 111.969157681381944, -7.190443216581113, 0.0 ], [ 111.969210262044044, -7.190426319219233, 0.0 ], [ 111.969315369408832, -7.190392305960134, 0.0 ], [ 111.969420986689272, -7.19035994655422, 0.0 ], [ 111.969521897817401, -7.190329026962961, 0.0 ], [ 111.969632249129063, -7.190295219648642, 0.0 ], [ 111.96973787630202, -7.190262852148865, 0.0 ], [ 111.969843502575657, -7.190230492743022, 0.0 ], [ 111.969949128849294, -7.190198125243231, 0.0 ], [ 111.97005475602225, -7.190165765837373, 0.0 ], [ 111.970160374201953, -7.190133407330851, 0.0 ], [ 111.970265800826098, -7.190101110877496, 0.0 ], [ 111.970371815606882, -7.190068308105885, 0.0 ], [ 111.970476861817758, -7.190035471159997, 0.0 ], [ 111.970581925115823, -7.190002018178568, 0.0 ], [ 111.970686886790475, -7.189968149710302, 0.0 ], [ 111.970792174918984, -7.189934209296268, 0.0 ], [ 111.970897011587851, -7.189900648396134, 0.0 ], [ 111.971002898664892, -7.189867583022481, 0.0 ], [ 111.971108250645329, -7.189833904311177, 0.0 ], [ 111.9712133975803, -7.189801562891767, 0.0 ], [ 111.97131865962848, -7.189768382404857, 0.0 ], [ 111.971423477411633, -7.189734206368475, 0.0 ], [ 111.971527471415754, -7.18970067424669, 0.0 ], [ 111.971633645376471, -7.189666250896718, 0.0 ], [ 111.971738416394885, -7.189631921975543, 0.0 ], [ 111.97183973941253, -7.189598730696837, 0.0 ], [ 111.971944517625445, -7.18956523364858, 0.0 ], [ 111.972049511675664, -7.189530877747763, 0.0 ], [ 111.972076249419445, -7.189522129142913, 0.0 ], [ 111.972180676896755, -7.189488361398725, 0.0 ], [ 111.972284556686986, -7.189450793119541, 0.0 ], [ 111.972388513818942, -7.189413226639032, 0.0 ], [ 111.972495060998313, -7.189375357086983, 0.0 ], [ 111.972604292654069, -7.189339684578722, 0.0 ], [ 111.972707739870373, -7.189301415727702, 0.0 ], [ 111.972810964054815, -7.189263220621107, 0.0 ], [ 111.972914718839263, -7.18922526293551, 0.0 ], [ 111.973018486214244, -7.189187387088227, 0.0 ], [ 111.973106160221164, -7.189155301076255, 0.0 ], [ 111.973209899717176, -7.18911733619603, 0.0 ], [ 111.973313640112451, -7.189079371315869, 0.0 ], [ 111.973417342736241, -7.189041304812288, 0.0 ], [ 111.973521531893255, -7.18900740216981, 0.0 ], [ 111.973624042915333, -7.188974043617174, 0.0 ], [ 111.973677632616727, -7.188958866658304, 0.0 ], [ 111.973731222318122, -7.18894368880013, 0.0 ], [ 111.973838681410086, -7.188905197816562, 0.0 ], [ 111.973891279159261, -7.18888792813533, 0.0 ], [ 111.973943179933883, -7.188870876989312, 0.0 ], [ 111.973995080708448, -7.188853835735862, 0.0 ], [ 111.974047271964082, -7.188836956360368, 0.0 ], [ 111.974055561015405, -7.18883426109221, 0.0 ], [ 111.974095615020701, -7.188820808133756, 0.0 ], [ 111.974148195682744, -7.188803881993531, 0.0 ], [ 111.974200684613947, -7.188786686056685, 0.0 ], [ 111.974256876054028, -7.188768196894732, 0.0 ], [ 111.974305682261502, -7.188752283391132, 0.0 ], [ 111.974358135219802, -7.188735022703099, 0.0 ], [ 111.974410606164611, -7.188717906805887, 0.0 ], [ 111.974463185927334, -7.188700682990079, 0.0 ], [ 111.974515674858594, -7.188683405214925, 0.0 ], [ 111.97456820066202, -7.188666280324524, 0.0 ], [ 111.974620526815897, -7.188648938697489, 0.0 ], [ 111.974664320202294, -7.188634781569868, 0.0 ], [ 111.974673088592226, -7.188631913631874, 0.0 ], [ 111.974694142620649, -7.188622680292443, 0.0 ], [ 111.97470586798147, -7.188617128777426, 0.0 ], [ 111.974721351609162, -7.188611894723123, 0.0 ], [ 111.974738772376497, -7.188605960996263, 0.0 ], [ 111.974841408404359, -7.188572856052419, 0.0 ], [ 111.974946176724757, -7.188537983940766, 0.0 ], [ 111.974991759761963, -7.188522348327685, 0.0 ], [ 111.975051911816365, -7.188505505824375, 0.0 ], [ 111.975158199091652, -7.188477548599957, 0.0 ], [ 111.975170100719652, -7.188474420757872, 0.0 ], [ 111.975226370400719, -7.188458935331545, 0.0 ], [ 111.975275919448165, -7.188442820379807, 0.0 ], [ 111.97529832335897, -7.188434104150526, 0.0 ], [ 111.975400491739379, -7.188394356814057, 0.0 ], [ 111.975504987565159, -7.188359113282391, 0.0 ], [ 111.975609147943885, -7.18832348124363, 0.0 ], [ 111.975713671648691, -7.18828772329977, 0.0 ], [ 111.975817539747709, -7.188250673030104, 0.0 ], [ 111.975921370974561, -7.18821352203639, 0.0 ], [ 111.976025839820693, -7.188178197565717, 0.0 ], [ 111.976130308666882, -7.188142864101852, 0.0 ], [ 111.976234778412334, -7.18810753963117, 0.0 ], [ 111.976339247258522, -7.18807220616736, 0.0 ], [ 111.976443717003974, -7.188036880797363, 0.0 ], [ 111.976548176856966, -7.188001548232815, 0.0 ], [ 111.976652645703098, -7.187966213869631, 0.0 ], [ 111.976757242252972, -7.187931250926453, 0.0 ], [ 111.976861765957779, -7.187896107219503, 0.0 ], [ 111.976966298655839, -7.187860953620084, 0.0 ], [ 111.977070831353842, -7.187825809913129, 0.0 ], [ 111.977175355058648, -7.18779065721298, 0.0 ], [ 111.977279951608523, -7.187755712256265, 0.0 ], [ 111.977384548158454, -7.187720766400227, 0.0 ], [ 111.977488962145969, -7.187685270159024, 0.0 ], [ 111.977593377032804, -7.187649773018562, 0.0 ], [ 111.977697782027064, -7.187614285770621, 0.0 ], [ 111.977802196014579, -7.187578788630156, 0.0 ], [ 111.977906610002094, -7.187543292388969, 0.0 ], [ 111.978011023989609, -7.18750780514103, 0.0 ], [ 111.978115428983926, -7.187472308000568, 0.0 ], [ 111.978219842971441, -7.187436810860104, 0.0 ], [ 111.978324256958956, -7.187401314618902, 0.0 ], [ 111.978428670946471, -7.187365827370968, 0.0 ], [ 111.978532539045489, -7.187328784295908, 0.0 ], [ 111.978636298326592, -7.187292022708615, 0.0 ], [ 111.978740609791373, -7.187255612756306, 0.0 ], [ 111.978845030074126, -7.187218686593043, 0.0 ], [ 111.97894897011895, -7.187181472646781, 0.0 ], [ 111.979052480287805, -7.187142720859804, 0.0 ], [ 111.979155392407506, -7.187103889932535, 0.0 ], [ 111.979257713672609, -7.18706403827469, 0.0 ], [ 111.979361097936362, -7.18702531526605, 0.0 ], [ 111.979450509433548, -7.186991478274087, 0.0 ], [ 111.97955292692609, -7.186950087876199, 0.0 ], [ 111.979655345318008, -7.186908698377693, 0.0 ], [ 111.979757617120413, -7.186866956344886, 0.0 ], [ 111.979859888922817, -7.186825204419614, 0.0 ], [ 111.979962160725222, -7.186783462386821, 0.0 ], [ 111.980064433426946, -7.186741714958147, 0.0 ], [ 111.980166706128671, -7.186699968428735, 0.0 ], [ 111.980269195566962, -7.186658758794636, 0.0 ], [ 111.980371831594823, -7.186617901694777, 0.0 ], [ 111.98047446042807, -7.186577053588114, 0.0 ], [ 111.980577095556555, -7.186536198286882, 0.0 ], [ 111.980679749570868, -7.18649539514632, 0.0 ], [ 111.980782385598673, -7.186454592005765, 0.0 ], [ 111.98088505939802, -7.18641378976452, 0.0 ], [ 111.980987713412333, -7.186372986624005, 0.0 ], [ 111.981090623733337, -7.186333802263102, 0.0 ], [ 111.981193535853038, -7.186294626895462, 0.0 ], [ 111.981296447073419, -7.186255443433928, 0.0 ], [ 111.981399349300602, -7.186216268066286, 0.0 ], [ 111.981502261420303, -7.186177082806063, 0.0 ], [ 111.98160516274811, -7.18613790833774, 0.0 ], [ 111.981708073968491, -7.186098723077579, 0.0 ], [ 111.981718229113028, -7.186094857791438, 0.0 ], [ 111.981810985188872, -7.186059547709926, 0.0 ], [ 111.98191370215568, -7.186018374048679, 0.0 ], [ 111.982016419122488, -7.18597720038741, 0.0 ], [ 111.982119145082549, -7.185936025826898, 0.0 ], [ 111.982221861150038, -7.185894852165629, 0.0 ], [ 111.982324578116845, -7.185853679403741, 0.0 ], [ 111.982427294184333, -7.185812504843168, 0.0 ], [ 111.982530020144395, -7.185771331181962, 0.0 ], [ 111.982632737111203, -7.185730155722077, 0.0 ], [ 111.982735453178691, -7.185688982060805, 0.0 ], [ 111.982838179138696, -7.185647808399609, 0.0 ], [ 111.982942498697412, -7.185611125952676, 0.0 ], [ 111.983046783182544, -7.185574462391454, 0.0 ], [ 111.983151066768357, -7.185537793434385, 0.0 ], [ 111.983255351253547, -7.18550112357792, 0.0 ], [ 111.98335963394004, -7.185464460016759, 0.0 ], [ 111.983463918425173, -7.185427795556277, 0.0 ], [ 111.983568202010986, -7.185391131995123, 0.0 ], [ 111.983672484697479, -7.185354457642062, 0.0 ], [ 111.983776769182612, -7.185317794080901, 0.0 ], [ 111.983880087795853, -7.185278707746132, 0.0 ], [ 111.983983406409152, -7.185239621411365, 0.0 ], [ 111.984086734015648, -7.18520053507661, 0.0 ], [ 111.98419005172957, -7.185161457735028, 0.0 ], [ 111.984242135965872, -7.185141753588995, 0.0 ], [ 111.984293794822861, -7.185122211320964, 0.0 ], [ 111.984348464610036, -7.185114298186257, 0.0 ], [ 111.984403136195851, -7.185106385051593, 0.0 ], [ 111.984455599946045, -7.185089109974405, 0.0 ], [ 111.984506231777232, -7.185067044208669, 0.0 ], [ 111.984556862709098, -7.185044976644297, 0.0 ], [ 111.984584179616263, -7.185033071419068, 0.0 ], [ 111.984685442379316, -7.184988938088958, 0.0 ], [ 111.984786431748489, -7.184944922570087, 0.0 ], [ 111.984887591089546, -7.184900835105405, 0.0 ], [ 111.984988755826464, -7.184856744043433, 0.0 ], [ 111.985090014992238, -7.1848126116127, 0.0 ], [ 111.985191273258692, -7.184768480081228, 0.0 ], [ 111.985292447888241, -7.184724385421982, 0.0 ], [ 111.98539354427669, -7.184680324037685, 0.0 ], [ 111.985494888878065, -7.184636153835364, 0.0 ], [ 111.98559614534588, -7.184592023203268, 0.0 ], [ 111.985697235439147, -7.18454796541625, 0.0 ], [ 111.985796171656034, -7.184504843823439, 0.0 ], [ 111.985895108772297, -7.184461724029291, 0.0 ], [ 111.985993963150918, -7.18441864020803, 0.0 ], [ 111.986095224115388, -7.184374506877925, 0.0 ], [ 111.986196402342159, -7.184330410420046, 0.0 ], [ 111.986297662407253, -7.184286277090003, 0.0 ], [ 111.986398923371667, -7.184242143759894, 0.0 ], [ 111.98649785958861, -7.184199023965735, 0.0 ], [ 111.986599119653704, -7.184154890635623, 0.0 ], [ 111.986700380618117, -7.184110757305567, 0.0 ], [ 111.986736901187101, -7.184094841104012, 0.0 ], [ 111.986777155741208, -7.18407729623021, 0.0 ], [ 111.986817269101721, -7.184059429399107, 0.0 ], [ 111.986830501726331, -7.184053534343097, 0.0 ], [ 111.986930991072427, -7.184008772386905, 0.0 ], [ 111.987031894106678, -7.18396382696898, 0.0 ], [ 111.98708151869721, -7.183941721633126, 0.0 ], [ 111.987132735987018, -7.183918907631436, 0.0 ], [ 111.987182354282311, -7.183896805892861, 0.0 ], [ 111.987258403652447, -7.183862931129347, 0.0 ], [ 111.987308914974506, -7.183840430991041, 0.0 ], [ 111.987360780675544, -7.183820412082293, 0.0 ], [ 111.987385870861317, -7.183810728182486, 0.0 ], [ 111.98748891338272, -7.183770956564323, 0.0 ], [ 111.987591928025097, -7.183731195738065, 0.0 ], [ 111.987695919331259, -7.183693735377524, 0.0 ], [ 111.987799892650969, -7.183656257030581, 0.0 ], [ 111.987903883957131, -7.183618786777512, 0.0 ], [ 111.988007866270095, -7.183581318323148, 0.0 ], [ 111.988111856676881, -7.183543848070086, 0.0 ], [ 111.988215839889165, -7.183506377817032, 0.0 ], [ 111.988319831195327, -7.183468918355853, 0.0 ], [ 111.988423812608914, -7.183431448102795, 0.0 ], [ 111.988527794921879, -7.18339397874905, 0.0 ], [ 111.98863178712736, -7.183356509395374, 0.0 ], [ 111.988735769440268, -7.183319039142309, 0.0 ], [ 111.98883975984711, -7.183281568889245, 0.0 ], [ 111.988943742160018, -7.183244100434821, 0.0 ], [ 111.989047723573663, -7.183206630181822, 0.0 ], [ 111.989151714879824, -7.183169159928749, 0.0 ], [ 111.989255697192732, -7.183131698668883, 0.0 ], [ 111.989359687599574, -7.183094230214517, 0.0 ], [ 111.989463669912482, -7.183056759961461, 0.0 ], [ 111.989567661218643, -7.183019289708392, 0.0 ], [ 111.989671642632288, -7.182981820354663, 0.0 ], [ 111.989775624945196, -7.182944350101646, 0.0 ], [ 111.989879616251358, -7.182906879848593, 0.0 ], [ 111.989983298190737, -7.182868659560944, 0.0 ], [ 111.990087588971107, -7.182831949235037, 0.0 ], [ 111.990191571284072, -7.182794478981971, 0.0 ], [ 111.99029555269766, -7.182757008728908, 0.0 ], [ 111.990423759149223, -7.182710813253383, 0.0 ], [ 111.990526066924531, -7.182670064072163, 0.0 ], [ 111.990629339672353, -7.182631246634694, 0.0 ], [ 111.990732253590693, -7.182590360756478, 0.0 ], [ 111.990812923677538, -7.182560394446631, 0.0 ], [ 111.990937870086668, -7.182510161914421, 0.0 ], [ 111.991040161674164, -7.182466138301609, 0.0 ], [ 111.991141124963008, -7.182423094050482, 0.0 ], [ 111.991242671911834, -7.182377886929883, 0.0 ], [ 111.991342350069488, -7.182330865876742, 0.0 ], [ 111.991442080387742, -7.18228338257199, 0.0 ], [ 111.991542995113207, -7.182238686266327, 0.0 ], [ 111.991645053776267, -7.182196661846436, 0.0 ], [ 111.991747113338647, -7.182154638325861, 0.0 ], [ 111.991846743832241, -7.182113613952086, 0.0 ], [ 111.991948886132263, -7.182071556257259, 0.0 ], [ 111.992051029331606, -7.182029496763851, 0.0 ], [ 111.992153171631628, -7.181987438169704, 0.0 ], [ 111.992255313931651, -7.181945379575554, 0.0 ], [ 111.992357457130993, -7.181903320981402, 0.0 ], [ 111.992445365860988, -7.181867123269054, 0.0 ], [ 111.992516531013166, -7.181837819759547, 0.0 ], [ 111.992561741731038, -7.181819203793176, 0.0 ], [ 111.992606953348286, -7.181800587826846, 0.0 ], [ 111.992625372363079, -7.181793002944688, 0.0 ], [ 111.992727431026196, -7.181750979424126, 0.0 ], [ 111.992829573326219, -7.181708919930648, 0.0 ], [ 111.992929203819756, -7.181667895556866, 0.0 ], [ 111.993031346119778, -7.181625836962788, 0.0 ], [ 111.993133489319121, -7.181583778368632, 0.0 ], [ 111.99323320344962, -7.181542718921325, 0.0 ], [ 111.993335262112737, -7.181500695400697, 0.0 ], [ 111.993437404412759, -7.181458635907297, 0.0 ], [ 111.993539546712782, -7.181416577313139, 0.0 ], [ 111.993641689012804, -7.181374517819684, 0.0 ], [ 111.993743831312827, -7.181332459225588, 0.0 ], [ 111.993843461806364, -7.18129143485181, 0.0 ], [ 111.993945604106386, -7.181249376257654, 0.0 ], [ 111.994047746406409, -7.181207315864865, 0.0 ], [ 111.994147376900003, -7.181166292390458, 0.0 ], [ 111.994249519200025, -7.181124232896994, 0.0 ], [ 111.994343205174857, -7.181085655578506, 0.0 ], [ 111.99444534657556, -7.181043596984344, 0.0 ] ] ] } }
]
}
