{"type":"FeatureCollection","name":"sawah","features":[{"type":"Feature","properties":{"GM_LAYER":"Unknown Area Type","id":null,"LAYER":null,"MAP_NAME":"Sawah","PERIMETER":null,"ENCLOSED_A":null,"ISLAND_ARE":null,"LENGTH":null,"WIDTH":null},"geometry":{"type":"MultiPolygon","coordinates":[[[[111.85502,-7.207263],[111.854865,-7.207272],[111.8547,-7.207277],[111.854638,-7.20728],[111.854548,-7.207282],[111.854506,-7.207282],[111.854506,-7.207285],[111.854501,-7.207284],[111.854501,-7.207271],[111.854491,-7.207271],[111.85449,-7.207289],[111.854476,-7.207291],[111.854477,-7.20728],[111.85448,-7.207268],[111.854485,-7.207263],[111.854834,-7.207248],[111.855023,-7.207236],[111.85502,-7.207263]]]]}},{"type":"Feature","properties":{"GM_LAYER":"Unknown Area Type","id":null,"LAYER":"Unknown Area Type","MAP_NAME":"Sawah","PERIMETER":"1.095 km","ENCLOSED_A":"5.534 ha","ISLAND_ARE":null,"LENGTH":null,"WIDTH":null},"geometry":{"type":"MultiPolygon","coordinates":[[[[111.814881,-7.138148],[111.815071,-7.137497],[111.815311,-7.137567],[111.815592,-7.136459],[111.815913,-7.135446],[111.817597,-7.13586],[111.817192,-7.137742],[111.816799,-7.137701],[111.816752,-7.137893],[111.816102,-7.137739],[111.816057,-7.137771],[111.815899,-7.138275],[111.815465,-7.138113],[111.815376,-7.138361],[111.814881,-7.138148]]]]}},{"type":"Feature","properties":{"GM_LAYER":"Unknown Area Type","id":null,"LAYER":"Unknown Area Type","MAP_NAME":"Sawah","PERIMETER":"1.238 km","ENCLOSED_A":"3.777 ha","ISLAND_ARE":null,"LENGTH":null,"WIDTH":null},"geometry":{"type":"MultiPolygon","coordinates":[[[[111.814772,-7.136151],[111.815083,-7.136194],[111.814849,-7.137126],[111.814962,-7.137161],[111.814885,-7.137435],[111.814929,-7.137453],[111.814731,-7.138083],[111.81461,-7.138031],[111.814768,-7.137413],[111.814502,-7.137317],[111.814332,-7.137911],[111.813339,-7.137477],[111.813339,-7.137477],[111.813114,-7.137379],[111.813195,-7.137131],[111.81314,-7.137115],[111.812775,-7.137009],[111.812192,-7.136842],[111.811941,-7.136745],[111.812052,-7.136219],[111.812718,-7.136598],[111.813215,-7.136802],[111.813231,-7.136735],[111.813355,-7.136175],[111.813889,-7.136297],[111.813943,-7.136003],[111.814761,-7.136217],[111.814772,-7.136151]]]]}},{"type":"Feature","properties":{"GM_LAYER":"Unknown Area Type","id":null,"LAYER":"Unknown Area Type","MAP_NAME":"Sawah","PERIMETER":"1.642 km","ENCLOSED_A":"13.949 ha","ISLAND_ARE":null,"LENGTH":null,"WIDTH":null},"geometry":{"type":"MultiPolygon","coordinates":[[[[111.814062,-7.140948],[111.814062,-7.140948],[111.814042,-7.140924],[111.813919,-7.140839],[111.813788,-7.140826],[111.813649,-7.140854],[111.813385,-7.140997],[111.81323,-7.14101],[111.81307,-7.141063],[111.812911,-7.141045],[111.812686,-7.141005],[111.812612,-7.140958],[111.812536,-7.140888],[111.812587,-7.140536],[111.812515,-7.140477],[111.812448,-7.140458],[111.812203,-7.140415],[111.812182,-7.140455],[111.812147,-7.140488],[111.812135,-7.1405],[111.812078,-7.140518],[111.812034,-7.140519],[111.811584,-7.140459],[111.811699,-7.139875],[111.811755,-7.1397],[111.811783,-7.139667],[111.811788,-7.139618],[111.81182,-7.139542],[111.811865,-7.13948],[111.811939,-7.139306],[111.812006,-7.139119],[111.812102,-7.138961],[111.812202,-7.138845],[111.812616,-7.139009],[111.813035,-7.137651],[111.814269,-7.138192],[111.814313,-7.138222],[111.816475,-7.139146],[111.815607,-7.141617],[111.815517,-7.141665],[111.815108,-7.141601],[111.814802,-7.141478],[111.814254,-7.141185],[111.814062,-7.140948]]]]}},{"type":"Feature","properties":{"GM_LAYER":"Unknown Area Type","id":null,"LAYER":"Unknown Area Type","MAP_NAME":"Sawah","PERIMETER":"1.578 km","ENCLOSED_A":"8.97 ha","ISLAND_ARE":null,"LENGTH":null,"WIDTH":null},"geometry":{"type":"MultiPolygon","coordinates":[[[[111.908963,-7.179053],[111.90897,-7.179083],[111.909033,-7.179197],[111.909124,-7.179358],[111.909199,-7.179513],[111.909297,-7.179719],[111.909458,-7.179989],[111.909459,-7.179997],[111.909416,-7.179992],[111.909236,-7.179983],[111.909091,-7.179973],[111.908799,-7.179911],[111.908819,-7.17983],[111.908494,-7.179696],[111.908523,-7.179629],[111.908463,-7.179616],[111.90837,-7.179607],[111.908079,-7.180212],[111.90763,-7.179873],[111.908005,-7.179125],[111.907486,-7.178931],[111.907217,-7.179515],[111.906993,-7.179364],[111.90611,-7.178671],[111.90583,-7.178452],[111.905814,-7.178442],[111.906084,-7.178051],[111.906152,-7.178088],[111.906154,-7.178085],[111.906179,-7.178062],[111.906193,-7.178049],[111.906208,-7.178037],[111.906222,-7.178025],[111.906249,-7.178004],[111.906264,-7.177993],[111.906279,-7.177982],[111.906295,-7.177971],[111.906324,-7.177952],[111.90634,-7.177942],[111.906356,-7.177932],[111.906372,-7.177923],[111.906402,-7.177906],[111.906419,-7.177898],[111.906436,-7.177889],[111.906453,-7.177881],[111.906484,-7.177867],[111.906501,-7.17786],[111.906519,-7.177853],[111.906537,-7.177847],[111.906569,-7.177835],[111.906587,-7.17783],[111.906605,-7.177824],[111.906623,-7.177819],[111.906643,-7.177814],[111.906733,-7.177425],[111.906795,-7.176991],[111.90684,-7.176731],[111.907216,-7.176798],[111.90726,-7.176648],[111.907659,-7.176735],[111.907695,-7.176739],[111.907718,-7.176735],[111.907916,-7.176786],[111.90815,-7.17685],[111.908304,-7.17688],[111.908418,-7.176907],[111.908583,-7.17694],[111.908656,-7.176955],[111.90884,-7.17701],[111.909199,-7.177101],[111.909329,-7.177138],[111.909249,-7.177462],[111.909123,-7.177903],[111.909081,-7.178245],[111.909034,-7.178539],[111.909005,-7.178732],[111.908974,-7.179004],[111.908963,-7.179053]]]]}},{"type":"Feature","properties":{"GM_LAYER":"Unknown Area Type","id":null,"LAYER":"Unknown Area Type","MAP_NAME":"Sawah","PERIMETER":"1.671 km","ENCLOSED_A":"12.574 ha","ISLAND_ARE":null,"LENGTH":null,"WIDTH":null},"geometry":{"type":"MultiPolygon","coordinates":[[[[111.854441,-7.2073],[111.854442,-7.207301],[111.85444,-7.207347],[111.854437,-7.207375],[111.854426,-7.207399],[111.854414,-7.207415],[111.854396,-7.207442],[111.854352,-7.207516],[111.854296,-7.2076],[111.854232,-7.207683],[111.854185,-7.207737],[111.854043,-7.20789],[111.854005,-7.207931],[111.853936,-7.208003],[111.85389,-7.208055],[111.853836,-7.20811],[111.853753,-7.208183],[111.8537,-7.208226],[111.853636,-7.208278],[111.853543,-7.208363],[111.853494,-7.20841],[111.853379,-7.208526],[111.853313,-7.20859],[111.853231,-7.20867],[111.853176,-7.208725],[111.853099,-7.208797],[111.85304,-7.20885],[111.852879,-7.208993],[111.852814,-7.209053],[111.852751,-7.209111],[111.852701,-7.209154],[111.852649,-7.209201],[111.852599,-7.209248],[111.852547,-7.209297],[111.852525,-7.209322],[111.852501,-7.209357],[111.852483,-7.209387],[111.852482,-7.209389],[111.852482,-7.209389],[111.852467,-7.20942],[111.85246,-7.209438],[111.852449,-7.20946],[111.852443,-7.209478],[111.852421,-7.209542],[111.852343,-7.209817],[111.852258,-7.210095],[111.852169,-7.210364],[111.852142,-7.210454],[111.852122,-7.210531],[111.852104,-7.210616],[111.852093,-7.210693],[111.852085,-7.210758],[111.852081,-7.210804],[111.852078,-7.210856],[111.852061,-7.210856],[111.851937,-7.210863],[111.851937,-7.210863],[111.851855,-7.210867],[111.85184,-7.210861],[111.851834,-7.210861],[111.851826,-7.210863],[111.85174,-7.210889],[111.851639,-7.210915],[111.851513,-7.210929],[111.851322,-7.210944],[111.851308,-7.210945],[111.851008,-7.210895],[111.850835,-7.210857],[111.850692,-7.21082],[111.850549,-7.210781],[111.850473,-7.210756],[111.85042,-7.210738],[111.850392,-7.210729],[111.850353,-7.210725],[111.850311,-7.210722],[111.850285,-7.210719],[111.850252,-7.210713],[111.850224,-7.210704],[111.850194,-7.210684],[111.850152,-7.210656],[111.850116,-7.210621],[111.850091,-7.210577],[111.850077,-7.210541],[111.850079,-7.210498],[111.850091,-7.210464],[111.850115,-7.210419],[111.850115,-7.210419],[111.850163,-7.21033],[111.850233,-7.210104],[111.850301,-7.210107],[111.850226,-7.210289],[111.850328,-7.210039],[111.850369,-7.209962],[111.850373,-7.209949],[111.85038,-7.209918],[111.850387,-7.209859],[111.85039,-7.209822],[111.850386,-7.209804],[111.850381,-7.209776],[111.850369,-7.209753],[111.850358,-7.209729],[111.850338,-7.209696],[111.850314,-7.209674],[111.850308,-7.209658],[111.8503,-7.20963],[111.850301,-7.209606],[111.850304,-7.209573],[111.850312,-7.209539],[111.850318,-7.209505],[111.85032,-7.20947],[111.850348,-7.209405],[111.850387,-7.209324],[111.850407,-7.209276],[111.85042,-7.209216],[111.85041,-7.209264],[111.850382,-7.209263],[111.850386,-7.209256],[111.850402,-7.209185],[111.850405,-7.209139],[111.8504,-7.209109],[111.850376,-7.208998],[111.85035,-7.208917],[111.850322,-7.208857],[111.850303,-7.208818],[111.850287,-7.208754],[111.850275,-7.208696],[111.85025,-7.208533],[111.850241,-7.208484],[111.85022,-7.208416],[111.85018,-7.208321],[111.850168,-7.20827],[111.850136,-7.208215],[111.850117,-7.208159],[111.850116,-7.208132],[111.850125,-7.208101],[111.850141,-7.20807],[111.850172,-7.208016],[111.850198,-7.207977],[111.850222,-7.207943],[111.850254,-7.207919],[111.850297,-7.20791],[111.850347,-7.207913],[111.850395,-7.207923],[111.850462,-7.207935],[111.850512,-7.207927],[111.850554,-7.207921],[111.850592,-7.207911],[111.85061,-7.207903],[111.85063,-7.207885],[111.850641,-7.207865],[111.850653,-7.207833],[111.850654,-7.207651],[111.850675,-7.207575],[111.850691,-7.207502],[111.850705,-7.207455],[111.850722,-7.207351],[111.850741,-7.207148],[111.850744,-7.206997],[111.850744,-7.206997],[111.850746,-7.206923],[111.850786,-7.206928],[111.850792,-7.206845],[111.851067,-7.206862],[111.851094,-7.206864],[111.85123,-7.206884],[111.852067,-7.207012],[111.852978,-7.207167],[111.853025,-7.207174],[111.853025,-7.207168],[111.853152,-7.207187],[111.853394,-7.207221],[111.853534,-7.207242],[111.853673,-7.207257],[111.853673,-7.207257],[111.853705,-7.20726],[111.853902,-7.207287],[111.854045,-7.207295],[111.854094,-7.207294],[111.854413,-7.207294],[111.854423,-7.207302],[111.854441,-7.2073]],[[111.853321,-7.207218],[111.853311,-7.207217],[111.853321,-7.207218],[111.853394,-7.207221],[111.853321,-7.207218]],[[111.850431,-7.209184],[111.85042,-7.209216],[111.850431,-7.209184],[111.850431,-7.209184]],[[111.852804,-7.209044],[111.852667,-7.209168],[111.852804,-7.209044],[111.852804,-7.209044]],[[111.853555,-7.207249],[111.853591,-7.207253],[111.853591,-7.207253],[111.853555,-7.207249]]],[[[111.850197,-7.210351],[111.85018,-7.21039],[111.85018,-7.21039],[111.850197,-7.210351]]]]}},{"type":"Feature","properties":{"GM_LAYER":"Unknown Area Type","id":null,"LAYER":"Unknown Area Type","MAP_NAME":"Sawah","PERIMETER":"163.12 m","ENCLOSED_A":"0.00807 ha","ISLAND_ARE":null,"LENGTH":null,"WIDTH":null},"geometry":{"type":"MultiPolygon","coordinates":[[[[111.846604,-7.208395],[111.846629,-7.208342],[111.846584,-7.208377],[111.846512,-7.208506],[111.846467,-7.208589],[111.846436,-7.208624],[111.846415,-7.208637],[111.846395,-7.208642],[111.84643,-7.208619],[111.846463,-7.208576],[111.846505,-7.208499],[111.846542,-7.208443],[111.846579,-7.208373],[111.846622,-7.208332],[111.846634,-7.208302],[111.846649,-7.208269],[111.846671,-7.208219],[111.846707,-7.208162],[111.846752,-7.208118],[111.846771,-7.208101],[111.846781,-7.208102],[111.846741,-7.208144],[111.846698,-7.208197],[111.846604,-7.208395]]]]}},{"type":"Feature","properties":{"GM_LAYER":"Unknown Area Type","id":null,"LAYER":"Unknown Area Type","MAP_NAME":"Sawah","PERIMETER":"320.03 m","ENCLOSED_A":"0.04832 ha","ISLAND_ARE":null,"LENGTH":null,"WIDTH":null},"geometry":{"type":"MultiPolygon","coordinates":[[[[111.853763,-7.207261],[111.853763,-7.207261],[111.853701,-7.207252],[111.853448,-7.207222],[111.853115,-7.207174],[111.853026,-7.207161],[111.853031,-7.207127],[111.853289,-7.207167],[111.853489,-7.207201],[111.853723,-7.207232],[111.853812,-7.207241],[111.853904,-7.207247],[111.85413,-7.207259],[111.854423,-7.207265],[111.854431,-7.207269],[111.854436,-7.207277],[111.85444,-7.207286],[111.854441,-7.207294],[111.854432,-7.207295],[111.854421,-7.207287],[111.854171,-7.207285],[111.854097,-7.207286],[111.854013,-7.207284],[111.853882,-7.207278],[111.853763,-7.207261]]]]}},{"type":"Feature","properties":{"GM_LAYER":"Unknown Area Type","id":null,"LAYER":"Unknown Area Type","MAP_NAME":"Sawah","PERIMETER":"1.234 km","ENCLOSED_A":"7.246 ha","ISLAND_ARE":null,"LENGTH":null,"WIDTH":null},"geometry":{"type":"MultiPolygon","coordinates":[[[[111.808147,-7.158428],[111.808745,-7.158835],[111.808745,-7.158835],[111.808939,-7.158967],[111.81011,-7.159842],[111.810389,-7.160088],[111.809753,-7.160664],[111.809556,-7.16086],[111.809514,-7.160829],[111.809413,-7.160931],[111.809413,-7.160931],[111.809285,-7.16106],[111.809358,-7.161159],[111.809358,-7.161159],[111.809368,-7.161173],[111.80932,-7.161207],[111.809371,-7.161272],[111.809399,-7.161253],[111.809436,-7.161306],[111.809307,-7.161369],[111.809307,-7.161369],[111.808032,-7.161995],[111.807211,-7.162339],[111.808147,-7.158428]]]]}},{"type":"Feature","properties":{"GM_LAYER":"Unknown Area Type","id":null,"LAYER":"Unknown Area Type","MAP_NAME":"Sawah","PERIMETER":"206.74 m","ENCLOSED_A":"0.2233 ha","ISLAND_ARE":null,"LENGTH":null,"WIDTH":null},"geometry":{"type":"MultiPolygon","coordinates":[[[[111.835562,-7.152135],[111.835695,-7.152192],[111.835695,-7.152192],[111.835715,-7.152201],[111.835724,-7.1522],[111.835729,-7.152197],[111.835757,-7.152153],[111.835764,-7.152151],[111.835773,-7.152152],[111.835901,-7.1522],[111.835604,-7.152819],[111.83546,-7.15265],[111.83546,-7.15265],[111.835414,-7.152595],[111.835406,-7.15258],[111.835405,-7.152565],[111.835536,-7.152143],[111.835547,-7.152136],[111.835562,-7.152135]]]]}},{"type":"Feature","properties":{"GM_LAYER":"Unknown Area Type","id":null,"LAYER":"Unknown Area Type","MAP_NAME":"Sawah","PERIMETER":"6.027 km","ENCLOSED_A":"82.201 ha","ISLAND_ARE":null,"LENGTH":null,"WIDTH":null},"geometry":{"type":"MultiPolygon","coordinates":[[[[111.814007,-7.140962],[111.814039,-7.141003],[111.814039,-7.141003],[111.814213,-7.141225],[111.81477,-7.141534],[111.815089,-7.141673],[111.815527,-7.141721],[111.815652,-7.141658],[111.810423,-7.160028],[111.810155,-7.159793],[111.808992,-7.158915],[111.808764,-7.158758],[111.808286,-7.158428],[111.809182,-7.155603],[111.809402,-7.155646],[111.809471,-7.155347],[111.809253,-7.155293],[111.80934,-7.154892],[111.809678,-7.154911],[111.809678,-7.154911],[111.809819,-7.154919],[111.809859,-7.154711],[111.809717,-7.154677],[111.809535,-7.154633],[111.809184,-7.15461],[111.809196,-7.154519],[111.809276,-7.154521],[111.809281,-7.154361],[111.808983,-7.154288],[111.809004,-7.15417],[111.807783,-7.153862],[111.807998,-7.152998],[111.808641,-7.153107],[111.80872,-7.152799],[111.80811,-7.152633],[111.808164,-7.152359],[111.808839,-7.152548],[111.80878,-7.152813],[111.80895,-7.15286],[111.809004,-7.152742],[111.80897,-7.152733],[111.809013,-7.15252],[111.808952,-7.152507],[111.80901,-7.152219],[111.808668,-7.152135],[111.808736,-7.151814],[111.808618,-7.15179],[111.808706,-7.15138],[111.808373,-7.15128],[111.808397,-7.1512],[111.808576,-7.151252],[111.808596,-7.151181],[111.808499,-7.151152],[111.808512,-7.151088],[111.808772,-7.151142],[111.808848,-7.150871],[111.808958,-7.150894],[111.809145,-7.150012],[111.809241,-7.149476],[111.809116,-7.14946],[111.809057,-7.149391],[111.808864,-7.149345],[111.809,-7.148498],[111.809764,-7.14855],[111.810056,-7.147677],[111.810067,-7.147585],[111.810067,-7.147489],[111.81007,-7.147225],[111.810475,-7.145497],[111.809975,-7.145326],[111.810125,-7.144675],[111.810269,-7.144256],[111.810423,-7.143925],[111.810672,-7.143316],[111.811012,-7.142323],[111.811745,-7.142575],[111.811879,-7.142028],[111.811513,-7.141934],[111.811599,-7.141631],[111.811308,-7.141519],[111.811582,-7.141123],[111.811517,-7.141095],[111.811555,-7.14104],[111.811598,-7.14097],[111.811717,-7.140956],[111.812077,-7.140997],[111.812591,-7.141109],[111.812775,-7.141139],[111.812978,-7.141178],[111.813174,-7.141162],[111.81368,-7.140886],[111.813792,-7.140867],[111.813908,-7.140883],[111.814007,-7.140962]]]]}},{"type":"Feature","properties":{"GM_LAYER":"Unknown Area Type","id":null,"LAYER":"Unknown Area Type","MAP_NAME":"Sawah","PERIMETER":"820.3 m","ENCLOSED_A":"0.3308 ha","ISLAND_ARE":null,"LENGTH":null,"WIDTH":null},"geometry":{"type":"MultiPolygon","coordinates":[[[[111.846131,-7.208575],[111.846132,-7.208572],[111.846047,-7.20855],[111.845937,-7.208539],[111.845832,-7.208535],[111.845746,-7.208535],[111.845654,-7.208538],[111.845531,-7.208531],[111.845403,-7.208539],[111.84534,-7.208552],[111.845288,-7.208562],[111.845223,-7.208589],[111.845195,-7.208617],[111.845135,-7.208654],[111.845101,-7.208707],[111.84507,-7.208757],[111.845021,-7.208832],[111.845002,-7.208851],[111.844987,-7.208872],[111.84498,-7.208901],[111.844983,-7.208942],[111.844974,-7.208991],[111.844975,-7.209005],[111.844977,-7.209032],[111.844994,-7.209047],[111.845011,-7.209061],[111.845041,-7.2091],[111.845074,-7.209121],[111.845091,-7.209132],[111.845115,-7.209132],[111.84514,-7.209127],[111.845174,-7.209139],[111.845191,-7.209148],[111.845207,-7.209169],[111.845232,-7.209191],[111.845255,-7.20921],[111.845251,-7.209237],[111.84527,-7.209261],[111.845281,-7.209286],[111.845308,-7.209288],[111.845339,-7.2093],[111.845357,-7.209326],[111.845336,-7.209408],[111.845336,-7.209408],[111.844862,-7.20939],[111.844394,-7.209327],[111.844413,-7.209208],[111.844482,-7.208963],[111.845064,-7.209198],[111.845074,-7.209135],[111.845004,-7.209071],[111.844965,-7.209019],[111.844966,-7.208928],[111.844976,-7.208865],[111.845018,-7.208826],[111.845056,-7.208761],[111.845129,-7.208651],[111.84518,-7.208617],[111.84522,-7.208584],[111.845269,-7.208564],[111.845296,-7.208557],[111.845421,-7.208533],[111.845523,-7.208527],[111.84565,-7.208534],[111.845812,-7.208532],[111.846029,-7.208539],[111.846077,-7.208547],[111.846137,-7.208565],[111.84618,-7.208593],[111.846261,-7.208604],[111.846334,-7.208598],[111.846388,-7.208584],[111.846417,-7.208553],[111.846514,-7.208369],[111.846582,-7.20824],[111.846649,-7.208142],[111.84669,-7.208095],[111.846708,-7.208096],[111.846665,-7.208155],[111.846665,-7.208155],[111.846658,-7.208165],[111.846631,-7.208194],[111.846604,-7.208256],[111.846538,-7.208353],[111.846507,-7.20841],[111.846447,-7.208515],[111.846434,-7.208552],[111.846395,-7.208593],[111.84635,-7.208607],[111.846278,-7.208613],[111.846204,-7.208607],[111.846175,-7.2086],[111.846131,-7.208575]]]]}},{"type":"Feature","properties":{"GM_LAYER":"Unknown Area Type","id":null,"LAYER":"Unknown Area Type","MAP_NAME":"Sawah","PERIMETER":"361.66 m","ENCLOSED_A":"0.646 ha","ISLAND_ARE":null,"LENGTH":null,"WIDTH":null},"geometry":{"type":"MultiPolygon","coordinates":[[[[111.84777,-7.212091],[111.847773,-7.212095],[111.848037,-7.212115],[111.848042,-7.212118],[111.848051,-7.212362],[111.848056,-7.212504],[111.847891,-7.212509],[111.847253,-7.212535],[111.847245,-7.212504],[111.847244,-7.212501],[111.847244,-7.212501],[111.847241,-7.21248],[111.847231,-7.212457],[111.847216,-7.212422],[111.847206,-7.212406],[111.847196,-7.212377],[111.847183,-7.212359],[111.847165,-7.212336],[111.84715,-7.212315],[111.847144,-7.212268],[111.847127,-7.21223],[111.847121,-7.21218],[111.847111,-7.212117],[111.847099,-7.212067],[111.847085,-7.212041],[111.847066,-7.212031],[111.847046,-7.212013],[111.847027,-7.211993],[111.84701,-7.211969],[111.846999,-7.211931],[111.846987,-7.211862],[111.846984,-7.211825],[111.846968,-7.211805],[111.846956,-7.211791],[111.847507,-7.211916],[111.847769,-7.211941],[111.847777,-7.211955],[111.84777,-7.212091]]]]}},{"type":"Feature","properties":{"GM_LAYER":"Unknown Area Type","id":null,"LAYER":"Unknown Area Type","MAP_NAME":"Sawah","PERIMETER":"872.58 m","ENCLOSED_A":"0.4466 ha","ISLAND_ARE":null,"LENGTH":null,"WIDTH":null},"geometry":{"type":"MultiPolygon","coordinates":[[[[111.850685,-7.206916],[111.850712,-7.206919],[111.850703,-7.207194],[111.85069,-7.207333],[111.850682,-7.207392],[111.850646,-7.207574],[111.850636,-7.207648],[111.850632,-7.20767],[111.850626,-7.207732],[111.850623,-7.207797],[111.850621,-7.207825],[111.850603,-7.207855],[111.850589,-7.207872],[111.85057,-7.207881],[111.85054,-7.207889],[111.850498,-7.207897],[111.850447,-7.207893],[111.850342,-7.207878],[111.850281,-7.207875],[111.850243,-7.20788],[111.850214,-7.207894],[111.850193,-7.207897],[111.850176,-7.207903],[111.850163,-7.207911],[111.850149,-7.207931],[111.850136,-7.207984],[111.850117,-7.20804],[111.8501,-7.208071],[111.850086,-7.208092],[111.85008,-7.20812],[111.850081,-7.20816],[111.850144,-7.208311],[111.850207,-7.208472],[111.85023,-7.208548],[111.850238,-7.208635],[111.850247,-7.208738],[111.850261,-7.208806],[111.850291,-7.208871],[111.850308,-7.208904],[111.850326,-7.208933],[111.850338,-7.208985],[111.850366,-7.209065],[111.850369,-7.209078],[111.850367,-7.20909],[111.850366,-7.209104],[111.850373,-7.209124],[111.850378,-7.209142],[111.850374,-7.209194],[111.850368,-7.209218],[111.850351,-7.209262],[111.850288,-7.209261],[111.850286,-7.209275],[111.85027,-7.20933],[111.850254,-7.209366],[111.850258,-7.209399],[111.850238,-7.209428],[111.850228,-7.209489],[111.850209,-7.209529],[111.85019,-7.209614],[111.850183,-7.209743],[111.850238,-7.209929],[111.85023,-7.209954],[111.850215,-7.209972],[111.849853,-7.209913],[111.849877,-7.209163],[111.849972,-7.209143],[111.850155,-7.209134],[111.850311,-7.209129],[111.850325,-7.20907],[111.850314,-7.208993],[111.850271,-7.208885],[111.850236,-7.208818],[111.850207,-7.20859],[111.850191,-7.208465],[111.850103,-7.208234],[111.850076,-7.208164],[111.850076,-7.208114],[111.850082,-7.208092],[111.850093,-7.208062],[111.850103,-7.208062],[111.850144,-7.207926],[111.850159,-7.207898],[111.850202,-7.207889],[111.850237,-7.207867],[111.850284,-7.20786],[111.85038,-7.207858],[111.850456,-7.207869],[111.850507,-7.207865],[111.850562,-7.20786],[111.850591,-7.20783],[111.850598,-7.207725],[111.850639,-7.207487],[111.850656,-7.207335],[111.85068,-7.207035],[111.850682,-7.206989],[111.850682,-7.206989],[111.850685,-7.206916]]]]}},{"type":"Feature","properties":{"GM_LAYER":"Unknown Area Type","id":null,"LAYER":"Unknown Area Type","MAP_NAME":"Sawah","PERIMETER":"926.18 m","ENCLOSED_A":"1.968 ha","ISLAND_ARE":null,"LENGTH":null,"WIDTH":null},"geometry":{"type":"MultiPolygon","coordinates":[[[[111.853444,-7.206125],[111.853445,-7.206137],[111.853448,-7.206143],[111.853522,-7.206159],[111.853532,-7.206157],[111.853534,-7.20615],[111.853636,-7.205754],[111.853644,-7.205747],[111.853657,-7.205745],[111.853911,-7.205758],[111.853923,-7.205758],[111.853929,-7.205749],[111.853966,-7.205601],[111.853973,-7.205581],[111.853983,-7.205575],[111.854003,-7.205576],[111.854316,-7.205597],[111.854325,-7.205595],[111.854334,-7.205589],[111.854361,-7.205341],[111.854367,-7.20533],[111.854372,-7.205324],[111.854378,-7.205322],[111.854551,-7.20536],[111.854557,-7.205358],[111.85456,-7.205355],[111.854586,-7.20527],[111.854586,-7.205264],[111.85458,-7.205261],[111.85452,-7.205246],[111.85452,-7.205246],[111.854417,-7.20522],[111.85441,-7.20522],[111.854331,-7.205202],[111.854342,-7.205148],[111.854349,-7.205112],[111.854359,-7.205075],[111.854367,-7.205053],[111.854374,-7.205039],[111.854388,-7.205028],[111.854412,-7.205019],[111.854441,-7.205007],[111.854453,-7.205011],[111.854497,-7.20502],[111.854555,-7.205039],[111.854635,-7.205072],[111.854671,-7.205091],[111.854704,-7.205108],[111.854708,-7.20511],[111.854712,-7.205113],[111.854714,-7.205117],[111.854715,-7.205122],[111.854719,-7.205144],[111.854725,-7.20518],[111.854739,-7.205254],[111.854745,-7.205262],[111.854761,-7.205274],[111.854776,-7.205281],[111.854789,-7.205285],[111.854812,-7.205292],[111.854882,-7.205311],[111.854911,-7.205319],[111.85496,-7.205334],[111.854971,-7.205341],[111.85498,-7.20535],[111.854987,-7.205363],[111.854988,-7.205374],[111.854989,-7.205391],[111.854948,-7.205435],[111.854918,-7.205432],[111.854893,-7.205457],[111.854814,-7.205536],[111.854801,-7.205552],[111.8546,-7.20577],[111.854079,-7.206359],[111.853832,-7.206699],[111.853571,-7.207115],[111.853564,-7.207121],[111.853555,-7.207121],[111.853277,-7.207077],[111.853268,-7.207073],[111.853267,-7.207064],[111.8533,-7.206851],[111.8533,-7.206836],[111.853295,-7.206826],[111.853191,-7.206804],[111.853178,-7.206807],[111.853171,-7.206815],[111.853135,-7.207046],[111.853124,-7.207053],[111.85311,-7.207054],[111.852791,-7.207005],[111.852786,-7.207],[111.852784,-7.206996],[111.852882,-7.206467],[111.852886,-7.206463],[111.852892,-7.206463],[111.853062,-7.206484],[111.853068,-7.206483],[111.853071,-7.206477],[111.853171,-7.205957],[111.853173,-7.20595],[111.853177,-7.205946],[111.853183,-7.205946],[111.853319,-7.205974],[111.853445,-7.20601],[111.853456,-7.20602],[111.85346,-7.206027],[111.853444,-7.206125]]]]}},{"type":"Feature","properties":{"GM_LAYER":"Unknown Area Type","id":null,"LAYER":"Unknown Area Type","MAP_NAME":"Sawah","PERIMETER":"10.838 km","ENCLOSED_A":"195.66 ha","ISLAND_ARE":"0.4622 ha","LENGTH":null,"WIDTH":null},"geometry":{"type":"MultiPolygon","coordinates":[[[[111.849635,-7.198255],[111.849642,-7.198265],[111.849554,-7.198562],[111.84953,-7.198622],[111.849507,-7.198619],[111.849479,-7.19861],[111.849437,-7.19859],[111.849422,-7.198577],[111.849391,-7.198564],[111.849343,-7.198545],[111.849324,-7.198542],[111.849313,-7.198566],[111.849287,-7.198644],[111.849268,-7.198702],[111.849263,-7.19871],[111.849239,-7.198704],[111.849212,-7.198696],[111.849168,-7.198681],[111.84913,-7.198668],[111.849101,-7.198655],[111.849054,-7.19864],[111.849042,-7.198636],[111.849035,-7.198636],[111.849027,-7.198646],[111.849018,-7.198668],[111.84901,-7.19869],[111.849001,-7.198717],[111.848993,-7.198735],[111.84899,-7.19874],[111.848981,-7.19874],[111.848936,-7.19872],[111.8489,-7.198704],[111.848888,-7.198702],[111.848883,-7.198707],[111.848879,-7.198715],[111.84887,-7.19875],[111.848862,-7.198776],[111.848857,-7.198787],[111.848853,-7.19879],[111.848853,-7.198813],[111.848848,-7.198826],[111.848845,-7.198844],[111.848844,-7.198851],[111.848839,-7.198857],[111.848833,-7.198857],[111.848821,-7.198857],[111.848801,-7.198855],[111.848777,-7.198851],[111.848758,-7.19885],[111.848747,-7.198857],[111.848738,-7.19888],[111.848719,-7.198929],[111.848703,-7.198976],[111.848705,-7.198982],[111.84872,-7.198983],[111.84876,-7.198992],[111.848797,-7.199002],[111.848817,-7.199012],[111.84882,-7.199023],[111.848801,-7.199077],[111.848792,-7.199103],[111.848783,-7.199135],[111.848776,-7.199167],[111.848762,-7.199217],[111.848752,-7.199222],[111.848719,-7.199221],[111.848692,-7.199218],[111.848664,-7.199217],[111.848651,-7.199214],[111.84864,-7.199217],[111.848622,-7.199228],[111.848607,-7.199242],[111.848597,-7.199259],[111.848589,-7.199269],[111.848572,-7.199282],[111.848553,-7.199284],[111.848502,-7.199287],[111.848449,-7.199284],[111.848401,-7.199283],[111.84837,-7.19928],[111.848345,-7.199289],[111.848315,-7.199307],[111.848272,-7.199331],[111.848254,-7.199347],[111.848252,-7.199366],[111.848313,-7.199385],[111.848419,-7.199435],[111.848578,-7.1995],[111.848706,-7.199543],[111.848864,-7.199597],[111.84891,-7.199618],[111.848921,-7.199627],[111.848911,-7.199658],[111.848896,-7.199737],[111.848887,-7.199753],[111.848781,-7.19978],[111.848687,-7.199799],[111.848614,-7.19981],[111.848582,-7.199813],[111.848462,-7.199783],[111.84834,-7.199745],[111.848304,-7.199722],[111.848254,-7.199691],[111.848223,-7.19967],[111.848191,-7.199666],[111.848171,-7.199672],[111.848197,-7.199694],[111.848236,-7.199719],[111.848277,-7.199758],[111.848293,-7.199782],[111.848281,-7.199829],[111.848273,-7.199847],[111.848276,-7.199857],[111.848367,-7.199864],[111.84844,-7.199873],[111.848443,-7.199858],[111.848474,-7.199854],[111.848518,-7.199873],[111.848538,-7.199899],[111.848554,-7.19992],[111.848569,-7.199935],[111.848575,-7.199944],[111.84857,-7.199961],[111.848557,-7.199997],[111.848548,-7.200013],[111.84853,-7.200043],[111.848508,-7.200063],[111.848474,-7.200079],[111.848453,-7.200091],[111.848407,-7.2001],[111.848391,-7.2001],[111.848372,-7.20012],[111.848331,-7.200126],[111.848291,-7.200129],[111.848246,-7.200137],[111.848235,-7.200135],[111.848229,-7.20014],[111.848224,-7.200163],[111.848217,-7.200168],[111.848201,-7.200169],[111.848175,-7.200165],[111.848153,-7.200163],[111.848133,-7.200161],[111.848111,-7.200163],[111.848096,-7.200171],[111.848079,-7.200178],[111.848065,-7.200182],[111.848042,-7.200183],[111.848021,-7.200177],[111.848001,-7.200157],[111.847977,-7.20013],[111.847952,-7.200108],[111.847935,-7.200094],[111.847928,-7.200081],[111.847923,-7.200079],[111.847919,-7.200081],[111.847921,-7.200323],[111.847918,-7.200328],[111.847903,-7.200335],[111.847872,-7.200339],[111.847852,-7.200344],[111.847842,-7.200345],[111.847835,-7.200342],[111.847822,-7.200338],[111.847813,-7.200341],[111.847807,-7.200349],[111.847783,-7.20036],[111.847758,-7.200368],[111.847718,-7.200379],[111.847679,-7.200389],[111.847684,-7.20058],[111.847664,-7.200592],[111.847632,-7.200604],[111.84761,-7.200611],[111.847604,-7.20061],[111.8476,-7.200671],[111.847587,-7.200782],[111.847578,-7.200866],[111.847561,-7.201011],[111.847544,-7.201116],[111.847526,-7.201215],[111.847517,-7.201258],[111.847527,-7.201276],[111.847573,-7.201294],[111.847609,-7.201324],[111.847616,-7.201354],[111.847613,-7.201395],[111.847611,-7.201447],[111.847605,-7.201475],[111.847637,-7.201499],[111.847782,-7.201535],[111.847872,-7.201565],[111.847934,-7.201602],[111.847977,-7.201651],[111.847992,-7.201675],[111.847987,-7.201734],[111.847974,-7.201786],[111.847977,-7.201818],[111.847943,-7.201844],[111.84789,-7.20188],[111.84782,-7.201931],[111.847738,-7.201956],[111.847813,-7.201982],[111.84785,-7.201989],[111.847864,-7.202005],[111.847846,-7.202071],[111.847786,-7.202256],[111.847757,-7.202333],[111.847726,-7.202378],[111.847717,-7.202427],[111.847706,-7.202482],[111.847695,-7.202508],[111.847683,-7.202535],[111.847663,-7.202559],[111.847631,-7.202582],[111.847595,-7.202589],[111.847561,-7.202586],[111.847473,-7.202569],[111.847445,-7.202569],[111.847441,-7.202581],[111.847434,-7.202634],[111.847428,-7.202682],[111.847414,-7.202771],[111.847402,-7.202849],[111.847402,-7.202868],[111.8474,-7.202895],[111.8475,-7.20292],[111.847567,-7.20294],[111.847586,-7.202952],[111.847559,-7.203002],[111.847533,-7.20305],[111.84752,-7.203159],[111.8475,-7.203229],[111.847496,-7.203261],[111.847526,-7.203273],[111.847591,-7.20331],[111.847601,-7.203341],[111.847695,-7.203391],[111.847743,-7.203407],[111.847775,-7.203421],[111.847832,-7.203453],[111.847863,-7.203464],[111.847895,-7.203492],[111.847912,-7.203552],[111.847915,-7.203577],[111.847912,-7.203596],[111.847962,-7.20362],[111.848014,-7.20365],[111.848042,-7.20366],[111.848116,-7.203697],[111.848142,-7.203733],[111.848156,-7.203776],[111.848165,-7.203806],[111.848166,-7.203837],[111.848156,-7.203862],[111.848146,-7.203876],[111.84815,-7.203903],[111.848151,-7.203913],[111.848139,-7.203932],[111.848129,-7.203944],[111.848113,-7.20397],[111.848108,-7.203996],[111.848106,-7.204028],[111.848137,-7.204043],[111.848254,-7.204093],[111.848321,-7.204143],[111.848305,-7.204264],[111.848308,-7.204303],[111.848294,-7.204296],[111.848273,-7.204285],[111.848253,-7.204268],[111.848222,-7.204256],[111.848196,-7.204261],[111.848155,-7.204261],[111.848118,-7.204249],[111.848118,-7.204247],[111.848072,-7.204231],[111.848031,-7.204217],[111.847995,-7.204221],[111.847956,-7.20424],[111.847918,-7.204259],[111.84786,-7.204268],[111.847843,-7.204279],[111.847811,-7.204289],[111.847783,-7.204282],[111.847763,-7.204267],[111.847747,-7.204262],[111.847708,-7.20427],[111.847673,-7.204276],[111.847615,-7.204269],[111.847604,-7.204267],[111.84757,-7.204288],[111.847548,-7.204334],[111.847548,-7.204379],[111.847595,-7.204457],[111.847597,-7.204532],[111.847599,-7.204622],[111.847624,-7.204674],[111.84766,-7.204748],[111.847727,-7.204886],[111.847727,-7.204886],[111.847743,-7.20492],[111.847744,-7.204962],[111.847752,-7.205002],[111.847783,-7.205065],[111.847784,-7.205066],[111.847775,-7.205071],[111.847718,-7.204989],[111.847705,-7.204967],[111.847661,-7.204924],[111.847055,-7.205137],[111.847044,-7.20514],[111.847026,-7.205145],[111.846995,-7.205149],[111.84687,-7.205155],[111.846763,-7.205149],[111.846722,-7.205149],[111.84665,-7.205153],[111.846566,-7.205163],[111.846432,-7.205152],[111.846315,-7.205125],[111.846194,-7.205109],[111.846075,-7.205093],[111.845908,-7.205079],[111.845742,-7.205061],[111.845691,-7.205057],[111.845662,-7.205133],[111.845633,-7.205213],[111.845631,-7.205233],[111.845629,-7.205247],[111.845625,-7.205261],[111.84562,-7.205268],[111.845611,-7.205276],[111.845544,-7.205472],[111.84557,-7.205476],[111.845527,-7.20561],[111.845724,-7.205645],[111.845751,-7.20565],[111.845748,-7.205663],[111.84565,-7.205647],[111.845516,-7.205623],[111.845492,-7.205621],[111.845488,-7.205632],[111.845485,-7.205641],[111.845502,-7.205644],[111.84562,-7.205669],[111.845625,-7.205676],[111.845631,-7.205688],[111.84563,-7.205706],[111.845622,-7.205738],[111.845589,-7.205897],[111.845557,-7.206077],[111.845554,-7.206094],[111.845557,-7.206133],[111.84559,-7.206387],[111.845603,-7.206433],[111.84561,-7.206548],[111.84561,-7.206579],[111.845591,-7.206676],[111.845576,-7.206755],[111.845563,-7.206816],[111.845538,-7.206896],[111.845521,-7.206938],[111.8455,-7.206987],[111.845475,-7.20706],[111.845435,-7.207194],[111.845427,-7.207224],[111.845423,-7.207222],[111.845442,-7.207155],[111.845467,-7.207077],[111.845497,-7.206984],[111.845544,-7.206867],[111.845606,-7.206578],[111.845604,-7.206553],[111.84559,-7.206427],[111.845549,-7.206144],[111.845533,-7.206131],[111.845489,-7.206141],[111.845485,-7.206142],[111.845471,-7.206146],[111.845453,-7.20615],[111.845407,-7.20622],[111.845358,-7.206226],[111.845211,-7.206222],[111.845192,-7.206205],[111.845167,-7.206165],[111.845122,-7.206159],[111.845087,-7.206189],[111.845025,-7.206238],[111.844959,-7.206292],[111.844925,-7.206313],[111.844912,-7.206313],[111.844901,-7.206305],[111.844892,-7.206281],[111.844863,-7.206268],[111.844851,-7.206257],[111.844823,-7.206229],[111.844811,-7.206227],[111.844792,-7.206232],[111.844782,-7.206226],[111.844761,-7.206209],[111.844744,-7.206191],[111.844731,-7.206184],[111.844715,-7.206159],[111.844606,-7.206119],[111.844444,-7.206059],[111.844291,-7.205965],[111.844161,-7.205876],[111.844116,-7.205846],[111.844081,-7.205844],[111.844027,-7.20588],[111.843951,-7.205911],[111.843866,-7.205918],[111.843688,-7.20592],[111.843588,-7.205945],[111.843474,-7.206034],[111.843421,-7.206114],[111.843283,-7.206315],[111.843244,-7.206395],[111.843234,-7.206391],[111.843263,-7.206328],[111.843162,-7.206549],[111.843031,-7.20687],[111.84301,-7.20693],[111.842997,-7.206956],[111.842968,-7.20701],[111.842922,-7.207081],[111.842884,-7.207132],[111.842861,-7.207158],[111.84286,-7.207163],[111.84286,-7.207169],[111.842712,-7.207355],[111.842606,-7.207478],[111.84259,-7.207499],[111.842568,-7.207529],[111.842558,-7.207548],[111.842538,-7.207581],[111.842529,-7.2076],[111.842519,-7.207624],[111.842528,-7.207603],[111.842568,-7.207612],[111.842577,-7.207592],[111.842608,-7.207541],[111.842637,-7.207507],[111.842659,-7.207471],[111.842645,-7.207455],[111.842656,-7.207435],[111.842862,-7.207193],[111.842917,-7.207271],[111.84288,-7.207366],[111.842857,-7.207505],[111.842853,-7.207518],[111.842878,-7.207536],[111.842851,-7.207838],[111.842853,-7.208051],[111.842885,-7.208273],[111.842874,-7.208641],[111.842821,-7.20867],[111.842754,-7.20872],[111.84271,-7.208876],[111.84438,-7.2092],[111.844377,-7.209212],[111.844377,-7.209212],[111.844297,-7.209487],[111.843528,-7.209499],[111.842421,-7.209251],[111.842423,-7.209123],[111.842393,-7.209119],[111.842394,-7.209219],[111.842335,-7.209672],[111.842336,-7.209675],[111.842445,-7.209792],[111.842551,-7.209894],[111.842624,-7.209975],[111.842783,-7.210146],[111.843136,-7.210531],[111.843322,-7.210812],[111.843416,-7.210703],[111.844076,-7.210963],[111.843961,-7.211315],[111.843931,-7.211428],[111.845004,-7.211704],[111.845084,-7.211632],[111.845319,-7.211442],[111.845355,-7.211418],[111.845355,-7.211418],[111.845482,-7.211332],[111.845496,-7.211238],[111.845359,-7.211202],[111.845415,-7.211003],[111.845933,-7.21121],[111.846027,-7.211024],[111.846103,-7.211024],[111.84616,-7.211033],[111.846192,-7.211048],[111.846246,-7.211075],[111.846274,-7.211095],[111.846328,-7.211132],[111.846343,-7.211153],[111.846359,-7.211187],[111.846536,-7.211363],[111.846572,-7.211374],[111.846612,-7.211415],[111.846613,-7.211421],[111.846613,-7.211421],[111.846618,-7.211448],[111.846662,-7.211503],[111.84669,-7.211533],[111.846741,-7.211586],[111.846779,-7.211641],[111.846828,-7.21169],[111.846873,-7.211735],[111.846909,-7.211792],[111.846944,-7.211805],[111.846967,-7.21189],[111.846976,-7.211929],[111.846981,-7.211968],[111.846988,-7.212001],[111.847036,-7.212032],[111.847054,-7.212053],[111.847064,-7.21207],[111.847074,-7.21213],[111.847089,-7.212224],[111.847103,-7.212308],[111.847151,-7.212383],[111.847158,-7.212394],[111.847179,-7.212426],[111.847187,-7.212462],[111.84721,-7.212511],[111.84722,-7.212565],[111.84588,-7.212739],[111.8441,-7.212553],[111.844116,-7.212555],[111.844242,-7.2127],[111.844212,-7.212722],[111.844056,-7.213088],[111.843774,-7.212979],[111.84375,-7.213201],[111.843278,-7.212952],[111.84326,-7.21297],[111.842478,-7.212824],[111.842449,-7.212532],[111.842248,-7.212504],[111.842227,-7.212613],[111.841745,-7.212484],[111.831614,-7.208719],[111.831612,-7.207732],[111.83195,-7.207822],[111.832209,-7.207918],[111.832383,-7.207893],[111.832531,-7.207808],[111.832568,-7.207792],[111.832613,-7.207772],[111.832761,-7.207705],[111.832973,-7.207671],[111.833247,-7.207617],[111.833084,-7.207571],[111.833106,-7.207558],[111.833141,-7.207551],[111.833176,-7.207536],[111.833192,-7.207512],[111.833192,-7.207512],[111.833195,-7.207507],[111.833204,-7.207473],[111.833195,-7.207451],[111.833189,-7.207426],[111.833144,-7.207403],[111.833126,-7.207412],[111.833091,-7.207409],[111.833044,-7.207396],[111.833004,-7.207376],[111.832967,-7.207349],[111.832949,-7.20732],[111.832912,-7.207296],[111.832794,-7.207218],[111.832759,-7.207163],[111.832704,-7.206996],[111.832707,-7.206976],[111.832745,-7.206911],[111.832778,-7.206816],[111.832937,-7.2063],[111.83297,-7.206144],[111.833028,-7.205921],[111.833093,-7.205781],[111.833134,-7.205731],[111.833153,-7.205716],[111.833167,-7.20571],[111.83319,-7.205706],[111.833217,-7.205703],[111.833249,-7.205705],[111.833294,-7.205711],[111.83335,-7.2057],[111.833378,-7.205681],[111.833384,-7.205638],[111.833377,-7.205601],[111.833286,-7.205461],[111.83328,-7.205436],[111.833286,-7.205404],[111.833336,-7.205383],[111.833461,-7.205314],[111.833527,-7.205303],[111.833593,-7.205301],[111.83363,-7.205331],[111.833656,-7.205384],[111.833669,-7.20541],[111.833684,-7.205443],[111.833721,-7.205477],[111.833764,-7.205501],[111.833815,-7.205502],[111.83386,-7.205499],[111.833906,-7.205488],[111.833965,-7.205443],[111.834021,-7.205378],[111.834017,-7.205234],[111.834017,-7.205234],[111.834014,-7.205125],[111.834003,-7.205069],[111.834144,-7.205103],[111.834059,-7.204937],[111.834124,-7.204697],[111.834065,-7.204654],[111.834137,-7.204388],[111.834151,-7.204232],[111.834523,-7.20388],[111.834674,-7.203592],[111.83473,-7.203485],[111.834759,-7.203288],[111.834697,-7.203092],[111.83446,-7.202871],[111.834539,-7.202746],[111.834465,-7.202671],[111.834601,-7.202482],[111.834872,-7.202663],[111.835027,-7.202422],[111.8351,-7.202384],[111.835358,-7.202109],[111.835461,-7.20207],[111.835486,-7.202037],[111.835514,-7.20201],[111.835537,-7.202015],[111.835554,-7.202032],[111.835555,-7.202032],[111.835629,-7.201977],[111.835581,-7.202013],[111.835445,-7.201898],[111.835463,-7.20188],[111.835495,-7.201856],[111.835515,-7.201821],[111.835512,-7.201801],[111.835541,-7.201762],[111.835547,-7.201755],[111.835568,-7.20174],[111.835572,-7.201718],[111.835571,-7.201684],[111.83558,-7.201652],[111.835591,-7.20163],[111.835614,-7.201609],[111.835653,-7.201562],[111.835661,-7.201538],[111.835665,-7.201505],[111.835669,-7.201492],[111.835681,-7.201477],[111.83571,-7.201465],[111.835727,-7.201456],[111.835746,-7.20145],[111.835764,-7.201452],[111.835779,-7.201456],[111.835799,-7.201458],[111.835818,-7.201463],[111.835833,-7.201458],[111.835843,-7.201455],[111.835853,-7.201452],[111.835862,-7.20145],[111.835869,-7.201454],[111.835888,-7.201429],[111.835888,-7.201414],[111.835895,-7.201396],[111.835916,-7.201376],[111.835946,-7.20135],[111.835971,-7.201321],[111.836008,-7.201295],[111.836009,-7.20128],[111.83602,-7.201266],[111.836033,-7.201252],[111.836051,-7.201238],[111.836065,-7.201233],[111.836089,-7.201201],[111.836113,-7.20117],[111.83615,-7.20112],[111.836175,-7.201089],[111.836185,-7.201076],[111.836181,-7.201064],[111.836174,-7.20105],[111.836159,-7.201015],[111.836148,-7.200984],[111.836141,-7.200957],[111.836139,-7.200925],[111.836148,-7.200903],[111.836161,-7.20087],[111.836174,-7.200829],[111.836187,-7.200812],[111.836193,-7.200792],[111.836187,-7.200775],[111.836202,-7.200748],[111.836227,-7.200726],[111.836249,-7.2007],[111.836272,-7.200671],[111.836296,-7.200662],[111.836319,-7.200649],[111.83634,-7.200649],[111.836368,-7.20065],[111.836387,-7.200648],[111.836419,-7.200648],[111.836434,-7.200654],[111.836448,-7.200653],[111.836462,-7.200653],[111.836479,-7.200661],[111.836498,-7.200674],[111.836536,-7.20069],[111.836586,-7.2007],[111.836638,-7.200712],[111.836658,-7.200708],[111.836668,-7.200711],[111.83668,-7.200718],[111.836733,-7.200732],[111.836801,-7.200744],[111.836905,-7.200769],[111.83697,-7.200782],[111.83705,-7.200792],[111.837082,-7.200795],[111.837101,-7.200798],[111.83717,-7.20088],[111.837187,-7.20088],[111.837252,-7.200868],[111.837323,-7.200864],[111.837387,-7.200868],[111.83741,-7.200872],[111.837416,-7.200885],[111.837415,-7.200965],[111.837419,-7.201067],[111.837489,-7.201065],[111.837572,-7.201061],[111.837655,-7.201057],[111.837728,-7.201059],[111.837802,-7.201058],[111.837922,-7.201051],[111.838066,-7.201051],[111.838143,-7.200998],[111.838223,-7.200943],[111.838237,-7.200922],[111.838273,-7.200902],[111.838301,-7.200887],[111.838317,-7.200881],[111.838529,-7.200976],[111.838631,-7.200727],[111.838634,-7.200722],[111.838641,-7.200722],[111.838649,-7.200724],[111.838685,-7.200737],[111.838728,-7.200757],[111.838789,-7.200786],[111.838806,-7.200798],[111.838824,-7.20081],[111.838844,-7.200818],[111.838867,-7.200826],[111.838882,-7.200835],[111.838888,-7.200851],[111.838891,-7.200869],[111.838894,-7.20088],[111.838901,-7.200885],[111.838918,-7.200893],[111.838936,-7.2009],[111.838955,-7.200899],[111.838966,-7.200829],[111.838968,-7.200779],[111.838957,-7.200689],[111.838948,-7.2006],[111.838931,-7.200575],[111.838925,-7.200564],[111.838927,-7.200554],[111.838958,-7.200477],[111.83897,-7.200466],[111.838985,-7.200456],[111.839014,-7.200442],[111.839047,-7.200412],[111.839052,-7.200388],[111.839048,-7.200374],[111.839042,-7.200349],[111.839041,-7.200332],[111.839052,-7.200317],[111.839076,-7.200298],[111.839115,-7.200269],[111.839173,-7.200219],[111.839236,-7.200165],[111.839275,-7.200133],[111.839307,-7.20011],[111.839337,-7.200105],[111.839384,-7.200107],[111.83947,-7.200134],[111.83954,-7.200133],[111.839629,-7.200124],[111.839687,-7.200112],[111.839731,-7.200093],[111.839843,-7.199986],[111.839911,-7.199894],[111.839941,-7.199858],[111.839961,-7.199804],[111.839977,-7.199771],[111.840029,-7.199779],[111.840077,-7.199784],[111.840133,-7.199763],[111.84015,-7.199746],[111.840185,-7.199717],[111.840196,-7.199711],[111.840202,-7.199704],[111.840211,-7.199698],[111.840224,-7.199692],[111.840231,-7.19969],[111.840237,-7.199686],[111.840255,-7.199674],[111.84028,-7.199651],[111.840284,-7.199648],[111.840289,-7.199651],[111.840331,-7.19966],[111.840361,-7.19967],[111.840383,-7.199681],[111.840388,-7.199688],[111.840392,-7.199697],[111.84039,-7.199704],[111.840385,-7.199711],[111.840379,-7.199721],[111.840357,-7.199737],[111.840327,-7.199746],[111.840361,-7.199758],[111.840398,-7.19975],[111.840444,-7.199743],[111.840474,-7.199735],[111.840502,-7.199705],[111.840532,-7.199675],[111.840552,-7.199634],[111.840572,-7.199609],[111.840598,-7.199582],[111.840651,-7.199557],[111.840654,-7.199556],[111.840689,-7.199541],[111.840727,-7.199528],[111.840743,-7.199521],[111.840744,-7.199498],[111.840739,-7.199471],[111.840734,-7.199443],[111.840728,-7.199416],[111.840731,-7.199396],[111.840736,-7.199372],[111.840746,-7.199057],[111.840779,-7.199058],[111.840862,-7.199063],[111.840938,-7.199074],[111.84102,-7.199088],[111.841043,-7.199091],[111.841087,-7.199106],[111.841135,-7.199121],[111.841189,-7.199149],[111.841254,-7.199197],[111.84133,-7.19925],[111.841401,-7.199296],[111.841448,-7.199323],[111.841479,-7.199347],[111.841506,-7.199378],[111.841521,-7.199423],[111.841534,-7.199427],[111.841545,-7.199435],[111.841558,-7.199445],[111.841579,-7.199459],[111.841618,-7.199474],[111.841661,-7.199492],[111.841712,-7.199504],[111.841743,-7.199501],[111.841818,-7.199491],[111.841897,-7.199473],[111.841966,-7.199445],[111.842084,-7.199449],[111.842179,-7.199455],[111.842227,-7.199471],[111.842328,-7.199488],[111.84239,-7.199459],[111.842439,-7.199413],[111.842475,-7.199368],[111.842484,-7.199325],[111.842496,-7.199275],[111.842491,-7.199247],[111.842479,-7.199237],[111.842485,-7.199199],[111.842493,-7.199141],[111.842502,-7.199129],[111.842519,-7.199116],[111.842554,-7.199108],[111.842578,-7.199117],[111.842592,-7.199125],[111.842595,-7.199121],[111.8426,-7.199076],[111.842612,-7.199071],[111.842638,-7.199058],[111.842663,-7.199037],[111.842722,-7.199004],[111.842773,-7.198989],[111.84284,-7.198988],[111.842931,-7.198992],[111.842992,-7.199003],[111.84303,-7.199022],[111.843049,-7.199046],[111.843056,-7.199049],[111.843057,-7.19904],[111.843077,-7.198568],[111.843133,-7.198205],[111.843146,-7.198165],[111.84316,-7.198154],[111.843182,-7.198151],[111.843213,-7.198162],[111.843289,-7.198183],[111.843336,-7.198197],[111.843383,-7.198193],[111.843417,-7.198183],[111.843451,-7.198166],[111.843486,-7.198142],[111.843528,-7.198109],[111.843561,-7.19809],[111.843589,-7.198021],[111.843602,-7.197955],[111.843602,-7.197778],[111.8436,-7.197752],[111.843603,-7.197738],[111.843619,-7.197737],[111.843658,-7.197744],[111.843806,-7.197765],[111.843873,-7.197775],[111.843977,-7.197779],[111.84408,-7.197776],[111.844128,-7.197778],[111.844158,-7.19779],[111.844169,-7.197805],[111.844177,-7.197805],[111.844189,-7.197807],[111.844203,-7.197811],[111.844254,-7.197834],[111.844262,-7.197837],[111.844265,-7.197832],[111.844387,-7.197589],[111.844411,-7.197536],[111.844413,-7.197497],[111.844404,-7.197481],[111.844379,-7.197479],[111.844322,-7.197468],[111.844302,-7.19746],[111.844285,-7.197444],[111.844265,-7.19743],[111.844236,-7.197409],[111.844212,-7.197397],[111.844193,-7.19739],[111.844177,-7.197387],[111.844159,-7.197376],[111.844146,-7.197368],[111.84413,-7.197358],[111.844134,-7.197353],[111.844148,-7.197341],[111.844163,-7.197322],[111.844176,-7.197294],[111.844193,-7.197275],[111.844198,-7.197259],[111.844202,-7.197252],[111.844212,-7.19723],[111.844216,-7.197218],[111.84422,-7.197197],[111.844225,-7.197185],[111.844231,-7.197163],[111.84425,-7.197122],[111.844273,-7.197045],[111.844273,-7.197015],[111.844273,-7.196972],[111.844282,-7.196921],[111.844299,-7.196896],[111.844321,-7.196837],[111.844646,-7.19697],[111.844669,-7.196924],[111.844681,-7.196902],[111.844686,-7.196898],[111.844691,-7.196899],[111.844722,-7.196919],[111.844755,-7.196936],[111.844792,-7.196947],[111.844823,-7.196951],[111.844835,-7.196944],[111.844952,-7.196687],[111.844597,-7.196559],[111.844592,-7.196561],[111.84459,-7.196567],[111.844585,-7.196586],[111.844565,-7.196631],[111.844549,-7.196655],[111.844533,-7.19666],[111.844516,-7.19666],[111.844493,-7.196638],[111.844455,-7.196596],[111.844387,-7.19654],[111.844331,-7.196486],[111.844318,-7.19646],[111.844314,-7.196403],[111.84436,-7.196248],[111.844404,-7.196137],[111.844462,-7.195974],[111.844443,-7.195919],[111.844414,-7.195896],[111.844348,-7.195873],[111.844233,-7.195831],[111.84414,-7.195785],[111.844105,-7.195754],[111.844102,-7.195741],[111.844102,-7.195725],[111.844108,-7.195695],[111.844114,-7.19566],[111.844114,-7.19562],[111.844109,-7.19558],[111.844108,-7.195561],[111.844223,-7.19528],[111.844229,-7.195272],[111.844247,-7.195268],[111.844279,-7.19526],[111.8443,-7.195257],[111.844325,-7.195252],[111.84434,-7.195245],[111.84435,-7.195239],[111.844365,-7.195227],[111.84438,-7.195213],[111.844385,-7.195207],[111.844394,-7.195206],[111.844421,-7.195214],[111.844458,-7.195223],[111.844506,-7.195232],[111.844541,-7.195238],[111.844574,-7.195242],[111.844598,-7.195247],[111.84461,-7.195235],[111.844617,-7.195216],[111.844621,-7.195188],[111.844623,-7.195153],[111.844645,-7.195061],[111.844656,-7.195033],[111.844673,-7.195021],[111.844693,-7.195016],[111.844707,-7.195014],[111.844713,-7.195002],[111.844711,-7.194911],[111.844712,-7.194832],[111.844725,-7.194735],[111.844731,-7.194674],[111.844735,-7.194565],[111.84474,-7.194532],[111.84751,-7.194526],[111.849591,-7.194523],[111.849565,-7.19458],[111.849528,-7.194658],[111.8495,-7.194726],[111.849481,-7.194779],[111.849464,-7.194794],[111.849439,-7.1948],[111.849425,-7.194811],[111.849417,-7.194824],[111.849421,-7.194858],[111.849432,-7.19487],[111.849435,-7.194898],[111.849435,-7.194918],[111.849413,-7.194985],[111.849334,-7.195204],[111.849265,-7.195345],[111.849228,-7.195403],[111.849185,-7.195514],[111.849155,-7.195601],[111.849101,-7.195762],[111.849051,-7.19583],[111.849008,-7.195902],[111.848968,-7.195988],[111.848917,-7.196079],[111.848839,-7.196282],[111.848755,-7.196435],[111.848734,-7.196535],[111.848739,-7.196595],[111.848715,-7.196645],[111.848663,-7.196645],[111.848605,-7.196633],[111.848531,-7.196585],[111.848441,-7.196541],[111.848328,-7.196507],[111.848238,-7.196463],[111.848136,-7.196413],[111.848106,-7.196413],[111.848073,-7.19642],[111.848042,-7.196438],[111.848071,-7.196574],[111.848119,-7.196844],[111.848154,-7.197029],[111.848177,-7.197123],[111.848181,-7.197165],[111.848178,-7.197214],[111.848165,-7.197264],[111.848144,-7.197351],[111.848116,-7.197407],[111.848085,-7.197503],[111.848071,-7.197525],[111.848164,-7.19758],[111.848296,-7.197659],[111.848386,-7.197708],[111.848443,-7.19774],[111.848507,-7.197792],[111.84859,-7.197862],[111.848693,-7.19791],[111.848796,-7.197971],[111.848844,-7.198001],[111.848836,-7.198026],[111.84882,-7.198047],[111.848806,-7.198065],[111.848806,-7.198073],[111.848815,-7.19808],[111.848889,-7.198113],[111.84901,-7.198159],[111.849125,-7.198206],[111.849183,-7.198228],[111.849231,-7.198242],[111.849243,-7.198232],[111.849245,-7.198213],[111.849248,-7.198184],[111.849249,-7.19817],[111.849261,-7.198165],[111.84927,-7.198169],[111.849474,-7.198223],[111.849618,-7.198252],[111.849635,-7.198255]],[[111.847641,-7.204883],[111.847641,-7.204883],[111.847661,-7.204924],[111.847641,-7.204883]],[[111.834126,-7.205268],[111.834126,-7.205268],[111.834138,-7.205237],[111.834126,-7.205268]],[[111.836874,-7.200847],[111.836874,-7.200847],[111.837016,-7.200868],[111.836874,-7.200847]],[[111.845412,-7.205613],[111.845317,-7.205602],[111.845175,-7.205582],[111.845079,-7.205565],[111.844997,-7.20555],[111.844865,-7.205529],[111.84466,-7.205493],[111.844478,-7.205462],[111.844148,-7.205402],[111.84388,-7.205349],[111.843707,-7.205316],[111.843606,-7.205298],[111.843504,-7.205279],[111.843448,-7.205271],[111.843384,-7.205258],[111.843329,-7.205243],[111.84329,-7.205238],[111.843246,-7.20523],[111.843182,-7.205221],[111.84313,-7.205214],[111.843095,-7.205209],[111.843056,-7.205199],[111.843043,-7.205188],[111.843029,-7.205166],[111.843022,-7.205123],[111.843021,-7.205087],[111.843021,-7.205029],[111.84302,-7.204978],[111.843017,-7.204952],[111.843008,-7.204925],[111.842989,-7.204907],[111.842962,-7.204895],[111.842912,-7.204879],[111.842868,-7.20487],[111.842811,-7.204856],[111.842772,-7.204837],[111.842734,-7.204813],[111.842694,-7.204784],[111.842663,-7.204761],[111.842646,-7.204753],[111.842634,-7.204748],[111.842614,-7.204744],[111.842581,-7.204745],[111.842537,-7.204747],[111.842493,-7.204749],[111.842453,-7.204749],[111.842436,-7.204748],[111.842407,-7.204742],[111.842359,-7.204723],[111.842341,-7.204716],[111.842283,-7.204688],[111.842102,-7.2046],[111.842029,-7.20456],[111.841939,-7.204506],[111.841891,-7.204473],[111.841831,-7.204428],[111.841799,-7.204402],[111.841775,-7.204376],[111.84176,-7.204361],[111.841746,-7.204351],[111.841718,-7.204344],[111.841676,-7.204331],[111.841653,-7.204325],[111.84163,-7.204319],[111.84161,-7.204313],[111.841588,-7.204302],[111.841542,-7.204279],[111.841485,-7.204247],[111.84142,-7.204207],[111.841274,-7.204107],[111.841179,-7.204031],[111.841116,-7.203999],[111.841046,-7.203974],[111.840961,-7.203947],[111.840895,-7.203927],[111.840832,-7.203892],[111.840787,-7.203855],[111.840729,-7.203815],[111.84069,-7.203787],[111.840625,-7.203751],[111.84058,-7.203727],[111.84047,-7.203686],[111.840314,-7.203637],[111.840214,-7.203603],[111.840106,-7.203561],[111.840013,-7.203517],[111.839951,-7.203495],[111.839788,-7.203446],[111.839684,-7.20341],[111.839612,-7.203387],[111.839554,-7.203373],[111.839517,-7.203364],[111.839493,-7.203357],[111.839486,-7.203349],[111.839486,-7.203334],[111.839487,-7.203314],[111.839541,-7.203093],[111.839579,-7.20295],[111.839608,-7.20286],[111.839624,-7.202791],[111.839633,-7.202755],[111.839635,-7.202739],[111.839631,-7.202716],[111.839625,-7.202697],[111.839618,-7.202679],[111.839616,-7.202659],[111.839619,-7.202632],[111.839641,-7.202564],[111.839648,-7.202543],[111.839648,-7.202543],[111.839667,-7.202488],[111.839675,-7.202462],[111.839686,-7.202465],[111.839693,-7.202436],[111.839702,-7.202393],[111.839707,-7.202368],[111.83971,-7.202359],[111.839719,-7.202294],[111.83973,-7.20221],[111.839739,-7.202162],[111.83974,-7.202149],[111.839742,-7.202145],[111.839771,-7.202147],[111.839776,-7.202102],[111.839766,-7.202101],[111.839757,-7.2021],[111.839757,-7.202086],[111.839759,-7.202075],[111.839738,-7.202074],[111.839728,-7.202072],[111.839716,-7.202129],[111.839716,-7.202157],[111.839713,-7.202189],[111.839706,-7.202234],[111.8397,-7.202273],[111.839695,-7.202306],[111.839689,-7.202341],[111.839681,-7.202382],[111.839669,-7.202435],[111.83966,-7.202474],[111.839647,-7.202516],[111.839632,-7.202561],[111.839619,-7.202602],[111.839612,-7.202625],[111.839609,-7.202651],[111.839608,-7.202668],[111.83961,-7.202683],[111.839618,-7.202699],[111.839623,-7.202716],[111.839627,-7.202739],[111.839623,-7.202763],[111.839611,-7.202807],[111.839597,-7.20286],[111.839588,-7.202891],[111.839576,-7.202924],[111.839547,-7.203028],[111.839527,-7.203102],[111.83951,-7.203162],[111.839489,-7.203246],[111.839475,-7.203304],[111.839471,-7.203328],[111.839469,-7.203354],[111.839471,-7.203363],[111.839482,-7.203378],[111.839532,-7.203388],[111.839585,-7.203398],[111.839637,-7.203413],[111.839707,-7.203437],[111.839772,-7.203459],[111.839842,-7.203486],[111.839916,-7.203508],[111.839969,-7.203523],[111.839997,-7.203535],[111.840033,-7.203551],[111.840081,-7.203572],[111.840146,-7.203602],[111.840203,-7.20362],[111.84024,-7.203633],[111.840282,-7.20365],[111.840338,-7.203667],[111.84043,-7.203694],[111.840506,-7.203721],[111.840577,-7.20375],[111.84063,-7.203777],[111.840659,-7.203798],[111.840736,-7.203845],[111.840764,-7.203868],[111.840808,-7.203898],[111.840853,-7.203924],[111.840895,-7.203943],[111.840961,-7.203966],[111.841026,-7.203989],[111.841055,-7.203996],[111.841099,-7.204013],[111.841132,-7.204029],[111.841168,-7.204047],[111.841193,-7.204068],[111.841217,-7.204085],[111.841234,-7.2041],[111.841254,-7.204115],[111.841277,-7.20413],[111.841318,-7.204158],[111.841429,-7.204226],[111.841465,-7.204247],[111.841504,-7.204271],[111.841532,-7.204286],[111.841604,-7.20432],[111.841697,-7.204352],[111.841729,-7.204361],[111.841742,-7.204368],[111.841755,-7.204377],[111.841779,-7.204399],[111.841795,-7.204418],[111.841845,-7.204457],[111.841918,-7.204506],[111.841943,-7.204525],[111.841981,-7.204549],[111.842021,-7.204573],[111.842053,-7.204589],[111.842111,-7.204618],[111.842153,-7.20464],[111.842209,-7.204667],[111.842244,-7.204685],[111.842276,-7.204701],[111.842319,-7.204721],[111.842355,-7.204736],[111.842367,-7.204742],[111.842413,-7.204759],[111.842452,-7.204765],[111.842507,-7.204762],[111.842567,-7.204758],[111.842626,-7.204761],[111.842649,-7.204769],[111.842677,-7.204786],[111.842705,-7.204808],[111.842732,-7.20483],[111.842757,-7.204844],[111.842792,-7.204862],[111.842801,-7.204866],[111.842864,-7.204879],[111.842904,-7.204888],[111.84294,-7.204898],[111.842967,-7.204906],[111.842984,-7.204915],[111.843,-7.204933],[111.843006,-7.20495],[111.843009,-7.204975],[111.843013,-7.205012],[111.843012,-7.205047],[111.843011,-7.205099],[111.843014,-7.205155],[111.843021,-7.205177],[111.84303,-7.205197],[111.843042,-7.205208],[111.843125,-7.205223],[111.843206,-7.205236],[111.843268,-7.205244],[111.843341,-7.205258],[111.843375,-7.205273],[111.843441,-7.205288],[111.843513,-7.205296],[111.84357,-7.205305],[111.843612,-7.205314],[111.843754,-7.205341],[111.843857,-7.205358],[111.843954,-7.205377],[111.843954,-7.205376],[111.84403,-7.205393],[111.84438,-7.205457],[111.844754,-7.205521],[111.844901,-7.205546],[111.84515,-7.20559],[111.845287,-7.20561],[111.845472,-7.205639],[111.845471,-7.205643],[111.845476,-7.20562],[111.845412,-7.205613]],[[111.842377,-7.208951],[111.842377,-7.208951],[111.842379,-7.209117],[111.842299,-7.209105],[111.842317,-7.208994],[111.842217,-7.209617],[111.842325,-7.209676],[111.842379,-7.20922],[111.842377,-7.208951]],[[111.843209,-7.206381],[111.843192,-7.206375],[111.843154,-7.206461],[111.843114,-7.206552],[111.843071,-7.206676],[111.843035,-7.206778],[111.843012,-7.206838],[111.84299,-7.206904],[111.842969,-7.206952],[111.842944,-7.206999],[111.842919,-7.207036],[111.84286,-7.207117],[111.842798,-7.207201],[111.842756,-7.207255],[111.842701,-7.207327],[111.842653,-7.207385],[111.842608,-7.207439],[111.842597,-7.207449],[111.842571,-7.207444],[111.842527,-7.207434],[111.842501,-7.207432],[111.842477,-7.207427],[111.842465,-7.207436],[111.842466,-7.207445],[111.842464,-7.207474],[111.842463,-7.207497],[111.842462,-7.207508],[111.842458,-7.207554],[111.84245,-7.207576],[111.842448,-7.207585],[111.842448,-7.207585],[111.842505,-7.207598],[111.842506,-7.207596],[111.842516,-7.207572],[111.842529,-7.207551],[111.842542,-7.20753],[111.842557,-7.207506],[111.842577,-7.207478],[111.842588,-7.207465],[111.842612,-7.20744],[111.842625,-7.207425],[111.842642,-7.207407],[111.842668,-7.207377],[111.842705,-7.20733],[111.842727,-7.2073],[111.842766,-7.207251],[111.842822,-7.207179],[111.842899,-7.207076],[111.842944,-7.207008],[111.842972,-7.206957],[111.842991,-7.206917],[111.843,-7.206893],[111.84303,-7.206809],[111.84312,-7.206588],[111.84314,-7.206541],[111.843157,-7.2065],[111.843207,-7.206387],[111.843225,-7.206347],[111.843209,-7.206381]],[[111.842766,-7.210148],[111.842579,-7.210521],[111.842744,-7.210719],[111.842822,-7.210735],[111.843056,-7.210461],[111.843127,-7.210538],[111.842766,-7.210148]],[[111.84546,-7.205684],[111.84546,-7.205684],[111.845464,-7.20568],[111.84546,-7.205684]],[[111.845648,-7.20506],[111.845624,-7.205057],[111.845578,-7.205052],[111.845572,-7.205065],[111.84557,-7.205086],[111.845569,-7.205112],[111.845565,-7.205141],[111.845549,-7.205195],[111.845541,-7.205229],[111.845546,-7.205239],[111.845536,-7.205263],[111.845517,-7.205316],[111.845504,-7.205354],[111.845493,-7.205386],[111.845482,-7.205408],[111.84547,-7.205424],[111.845475,-7.205425],[111.845484,-7.205427],[111.845512,-7.205429],[111.8455,-7.205465],[111.845528,-7.205469],[111.845554,-7.205395],[111.845606,-7.205246],[111.845654,-7.205114],[111.845661,-7.205092],[111.845659,-7.205089],[111.845654,-7.205084],[111.845667,-7.205055],[111.845669,-7.205055],[111.845648,-7.20506]],[[111.845605,-7.205736],[111.845605,-7.205736],[111.845607,-7.205729],[111.845605,-7.205736]]],[[[111.845491,-7.205623],[111.845489,-7.20563],[111.84549,-7.205625],[111.845491,-7.205623]]]]}},{"type":"Feature","properties":{"GM_LAYER":"Unknown Area Type","id":null,"LAYER":"Unknown Area Type","MAP_NAME":"Sawah","PERIMETER":"511.11 m","ENCLOSED_A":"0.907 ha","ISLAND_ARE":"0.596 ha","LENGTH":null,"WIDTH":null},"geometry":{"type":"MultiPolygon","coordinates":[[[[111.855991,-7.204268],[111.855997,-7.204285],[111.855995,-7.204305],[111.855722,-7.204592],[111.85561,-7.204708],[111.855449,-7.204881],[111.85537,-7.204968],[111.855313,-7.205032],[111.855207,-7.20515],[111.855108,-7.205263],[111.85508,-7.205293],[111.85508,-7.205293],[111.855038,-7.205337],[111.855025,-7.205339],[111.855012,-7.205337],[111.854998,-7.205332],[111.854979,-7.20532],[111.85496,-7.205313],[111.854905,-7.205296],[111.854852,-7.205283],[111.854808,-7.205272],[111.854802,-7.20527],[111.854802,-7.20527],[111.854776,-7.205262],[111.854764,-7.205255],[111.854758,-7.20525],[111.854755,-7.205244],[111.854751,-7.205228],[111.854747,-7.205206],[111.854741,-7.205169],[111.85474,-7.20516],[111.854735,-7.205134],[111.854731,-7.205114],[111.85473,-7.205104],[111.854726,-7.205098],[111.85472,-7.205094],[111.854676,-7.205073],[111.85465,-7.20506],[111.854597,-7.205037],[111.85456,-7.205022],[111.8545,-7.205001],[111.854463,-7.204993],[111.854453,-7.204989],[111.854448,-7.20498],[111.854446,-7.204971],[111.854529,-7.204568],[111.854535,-7.204534],[111.854543,-7.2045],[111.854556,-7.204468],[111.85457,-7.204443],[111.854579,-7.20443],[111.854592,-7.204414],[111.8546,-7.204407],[111.854604,-7.204403],[111.854606,-7.2044],[111.854641,-7.204292],[111.854679,-7.204007],[111.854691,-7.203958],[111.854694,-7.203951],[111.854702,-7.203946],[111.854712,-7.203943],[111.85472,-7.203944],[111.85484,-7.203975],[111.854882,-7.203985],[111.854929,-7.203992],[111.855038,-7.204005],[111.855126,-7.204018],[111.855176,-7.204028],[111.855215,-7.204042],[111.855265,-7.204066],[111.855335,-7.204108],[111.855355,-7.204117],[111.855369,-7.204121],[111.855369,-7.204121],[111.855375,-7.204123],[111.855449,-7.204139],[111.85551,-7.20415],[111.855582,-7.204161],[111.855756,-7.20419],[111.855843,-7.204209],[111.855936,-7.204234],[111.855969,-7.204248],[111.855991,-7.204268]],[[111.855264,-7.204076],[111.855203,-7.204045],[111.855171,-7.204038],[111.855065,-7.204017],[111.854975,-7.204002],[111.85485,-7.203986],[111.854764,-7.203966],[111.854726,-7.203956],[111.854707,-7.203958],[111.854698,-7.203964],[111.854694,-7.20398],[111.854689,-7.204022],[111.854673,-7.204136],[111.85466,-7.204237],[111.854652,-7.204288],[111.85463,-7.204348],[111.854609,-7.20441],[111.854599,-7.20443],[111.854571,-7.204459],[111.854559,-7.204476],[111.854547,-7.20452],[111.8545,-7.204717],[111.854475,-7.204836],[111.854453,-7.204966],[111.854452,-7.204976],[111.854458,-7.204985],[111.854499,-7.204996],[111.854555,-7.205013],[111.854727,-7.205086],[111.854762,-7.205098],[111.854774,-7.205054],[111.854776,-7.205014],[111.854819,-7.204813],[111.854822,-7.204809],[111.854834,-7.204744],[111.854834,-7.204741],[111.854831,-7.20474],[111.854739,-7.204717],[111.854735,-7.204713],[111.854735,-7.204708],[111.8548,-7.204419],[111.854804,-7.204412],[111.854813,-7.204412],[111.855227,-7.204515],[111.85524,-7.204515],[111.855245,-7.204506],[111.855314,-7.204238],[111.855324,-7.204232],[111.855335,-7.20423],[111.85536,-7.204157],[111.855364,-7.204152],[111.855367,-7.204133],[111.855264,-7.204076]],[[111.855965,-7.20427],[111.855952,-7.204258],[111.855931,-7.204246],[111.855784,-7.204207],[111.855777,-7.204225],[111.855745,-7.204321],[111.855747,-7.204323],[111.855754,-7.204328],[111.855879,-7.204385],[111.85588,-7.204389],[111.855959,-7.204315],[111.855972,-7.204299],[111.855972,-7.204285],[111.855965,-7.20427]]]]}},{"type":"Feature","properties":{"GM_LAYER":"Unknown Area Type","id":null,"LAYER":"Unknown Area Type","MAP_NAME":"Sawah","PERIMETER":"3.174 km","ENCLOSED_A":"32.914 ha","ISLAND_ARE":null,"LENGTH":null,"WIDTH":null},"geometry":{"type":"MultiPolygon","coordinates":[[[[111.80539,-7.172726],[111.80539,-7.172726],[111.805368,-7.172718],[111.804999,-7.172605],[111.804766,-7.172507],[111.804388,-7.172452],[111.807203,-7.162416],[111.807959,-7.162091],[111.808074,-7.162041],[111.809286,-7.161456],[111.809286,-7.161456],[111.809425,-7.161389],[111.809812,-7.161178],[111.809647,-7.161856],[111.80955,-7.161954],[111.809493,-7.1621],[111.80681,-7.173513],[111.806571,-7.173324],[111.806147,-7.173069],[111.805661,-7.172825],[111.80539,-7.172726]]]]}},{"type":"Feature","properties":{"GM_LAYER":"Unknown Area Type","id":null,"LAYER":"Unknown Area Type","MAP_NAME":"Sawah","PERIMETER":"569.59 m","ENCLOSED_A":"0.1694 ha","ISLAND_ARE":null,"LENGTH":null,"WIDTH":null},"geometry":{"type":"MultiPolygon","coordinates":[[[[111.845378,-7.209409],[111.845404,-7.209353],[111.845408,-7.20934],[111.84541,-7.209325],[111.845409,-7.209312],[111.845396,-7.209309],[111.84538,-7.209305],[111.845368,-7.209296],[111.845363,-7.209287],[111.845363,-7.209287],[111.845358,-7.209279],[111.845372,-7.209269],[111.845373,-7.209265],[111.845371,-7.209257],[111.845363,-7.209239],[111.845351,-7.20923],[111.845346,-7.209249],[111.845334,-7.209253],[111.845298,-7.209215],[111.845286,-7.209205],[111.845268,-7.20919],[111.845249,-7.209185],[111.84524,-7.209165],[111.845229,-7.209142],[111.84522,-7.209123],[111.845197,-7.209114],[111.845154,-7.209105],[111.845106,-7.209087],[111.845044,-7.209048],[111.84501,-7.20901],[111.845005,-7.208981],[111.845005,-7.20894],[111.845011,-7.208914],[111.845022,-7.20888],[111.845046,-7.208853],[111.845076,-7.208811],[111.845113,-7.208765],[111.845148,-7.208726],[111.84522,-7.20866],[111.845288,-7.208616],[111.84533,-7.208593],[111.845368,-7.20858],[111.845413,-7.208577],[111.845466,-7.208578],[111.845506,-7.208578],[111.845571,-7.208585],[111.84565,-7.208586],[111.84575,-7.208587],[111.845906,-7.208591],[111.846024,-7.208601],[111.846129,-7.20863],[111.846202,-7.20865],[111.846324,-7.208651],[111.846351,-7.208651],[111.846329,-7.208656],[111.846289,-7.208656],[111.846202,-7.208655],[111.84608,-7.208622],[111.846018,-7.208609],[111.845788,-7.208597],[111.845585,-7.208594],[111.845487,-7.208589],[111.84544,-7.208584],[111.845352,-7.208598],[111.845259,-7.20865],[111.845138,-7.208762],[111.845096,-7.208808],[111.845067,-7.208841],[111.84504,-7.208878],[111.845028,-7.208904],[111.84502,-7.208942],[111.845019,-7.208985],[111.845041,-7.209018],[111.84508,-7.209049],[111.845155,-7.209088],[111.845449,-7.209084],[111.845459,-7.209102],[111.845722,-7.209167],[111.845735,-7.209184],[111.845713,-7.209306],[111.845713,-7.209306],[111.845692,-7.209421],[111.845378,-7.209409]]]]}},{"type":"Feature","properties":{"GM_LAYER":"Unknown Area Type","id":null,"LAYER":"Unknown Area Type","MAP_NAME":"Sawah","PERIMETER":"10.448 km","ENCLOSED_A":"108.94 ha","ISLAND_ARE":null,"LENGTH":null,"WIDTH":null},"geometry":{"type":"MultiPolygon","coordinates":[[[[111.83544,-7.152689],[111.835576,-7.152842],[111.833871,-7.156184],[111.83385,-7.156232],[111.833808,-7.156224],[111.833758,-7.156204],[111.833711,-7.156181],[111.833692,-7.156179],[111.833691,-7.156138],[111.833691,-7.156108],[111.833685,-7.156106],[111.833404,-7.155986],[111.833378,-7.155988],[111.833359,-7.155993],[111.833335,-7.155991],[111.833318,-7.155984],[111.833196,-7.155916],[111.832982,-7.155806],[111.832954,-7.155781],[111.832936,-7.155753],[111.832898,-7.155692],[111.832867,-7.155585],[111.832855,-7.15557],[111.832831,-7.155551],[111.832709,-7.155483],[111.832696,-7.155506],[111.832791,-7.155588],[111.832846,-7.155619],[111.832866,-7.155632],[111.832877,-7.155685],[111.832888,-7.155708],[111.832906,-7.155749],[111.832902,-7.155752],[111.832898,-7.155752],[111.832801,-7.155694],[111.832798,-7.155692],[111.832793,-7.155694],[111.832792,-7.155698],[111.832956,-7.155814],[111.833095,-7.155893],[111.833131,-7.155919],[111.833188,-7.15595],[111.83331,-7.15604],[111.833348,-7.15606],[111.833644,-7.156184],[111.833644,-7.156184],[111.833663,-7.156192],[111.833688,-7.156207],[111.833721,-7.156212],[111.833749,-7.156214],[111.8338,-7.156241],[111.833811,-7.156247],[111.833843,-7.156248],[111.833813,-7.156315],[111.826647,-7.169806],[111.826657,-7.169824],[111.82653,-7.169827],[111.826489,-7.169824],[111.826447,-7.169814],[111.826356,-7.169791],[111.826323,-7.169788],[111.826283,-7.169796],[111.826244,-7.169828],[111.826196,-7.169886],[111.826163,-7.169928],[111.826153,-7.169952],[111.826143,-7.169977],[111.826147,-7.17001],[111.826119,-7.170199],[111.826112,-7.170205],[111.826079,-7.170211],[111.825964,-7.170187],[111.825931,-7.170192],[111.825834,-7.170241],[111.82582,-7.170243],[111.825768,-7.170209],[111.825694,-7.170178],[111.825659,-7.170181],[111.82545,-7.170175],[111.825325,-7.170155],[111.825254,-7.170166],[111.825157,-7.170206],[111.825157,-7.170206],[111.825137,-7.170215],[111.825089,-7.170247],[111.825099,-7.17027],[111.82514,-7.17024],[111.82514,-7.17024],[111.82515,-7.170233],[111.82526,-7.170186],[111.825325,-7.170175],[111.825449,-7.170194],[111.825655,-7.170198],[111.825747,-7.170246],[111.825811,-7.170267],[111.825846,-7.170268],[111.825939,-7.170218],[111.825977,-7.170213],[111.826084,-7.170231],[111.826117,-7.170231],[111.826148,-7.170205],[111.826155,-7.170181],[111.826173,-7.170073],[111.826175,-7.169958],[111.826196,-7.169916],[111.826242,-7.169851],[111.826283,-7.169819],[111.826345,-7.169809],[111.826474,-7.169844],[111.826525,-7.169852],[111.826578,-7.169852],[111.826622,-7.169852],[111.826659,-7.169852],[111.82667,-7.169874],[111.822505,-7.178231],[111.822508,-7.180443],[111.820796,-7.182142],[111.820713,-7.182315],[111.821008,-7.182457],[111.820908,-7.182611],[111.820462,-7.182377],[111.820424,-7.182445],[111.820389,-7.182431],[111.820383,-7.182434],[111.820366,-7.182467],[111.820366,-7.182478],[111.820398,-7.182498],[111.820322,-7.182676],[111.820674,-7.182932],[111.820681,-7.182955],[111.820549,-7.18316],[111.820535,-7.183209],[111.820537,-7.183237],[111.820574,-7.18327],[111.818093,-7.186109],[111.81744,-7.185484],[111.816063,-7.184211],[111.81585,-7.183999],[111.815395,-7.183463],[111.814464,-7.182341],[111.814088,-7.181884],[111.818785,-7.176494],[111.821891,-7.176489],[111.825092,-7.170305],[111.825071,-7.170223],[111.829344,-7.161657],[111.829368,-7.161639],[111.832224,-7.155588],[111.832429,-7.155235],[111.832662,-7.155372],[111.832393,-7.155214],[111.832178,-7.155113],[111.831881,-7.154997],[111.832023,-7.154768],[111.832258,-7.154196],[111.832305,-7.154136],[111.83237,-7.15389],[111.832752,-7.152802],[111.832773,-7.152661],[111.833722,-7.153015],[111.833788,-7.153022],[111.834271,-7.151457],[111.834457,-7.1516],[111.834676,-7.151827],[111.83544,-7.152689]],[[111.833788,-7.153022],[111.833847,-7.153216],[111.833962,-7.15326],[111.834014,-7.153115],[111.833788,-7.153022]],[[111.832662,-7.155372],[111.832754,-7.155421],[111.832754,-7.155421],[111.832662,-7.155372]],[[111.825176,-7.170169],[111.825118,-7.170196],[111.825176,-7.170169],[111.825176,-7.170169]],[[111.826611,-7.169873],[111.826611,-7.169873],[111.826615,-7.169873],[111.826611,-7.169873]]]]}},{"type":"Feature","properties":{"GM_LAYER":"Unknown Area Type","id":null,"LAYER":"Unknown Area Type","MAP_NAME":"Sawah","PERIMETER":"4.499 km","ENCLOSED_A":"45.489 ha","ISLAND_ARE":null,"LENGTH":null,"WIDTH":null},"geometry":{"type":"MultiPolygon","coordinates":[[[[111.847196,-7.16206],[111.847203,-7.161978],[111.847217,-7.16186],[111.847211,-7.161787],[111.847187,-7.161722],[111.847136,-7.161664],[111.847074,-7.161602],[111.847038,-7.161581],[111.846989,-7.161588],[111.846954,-7.161597],[111.846929,-7.161611],[111.846893,-7.161638],[111.846824,-7.161714],[111.846709,-7.161822],[111.846602,-7.161957],[111.846576,-7.162009],[111.846564,-7.162084],[111.846577,-7.162706],[111.846576,-7.162744],[111.846574,-7.162758],[111.846532,-7.16278],[111.846469,-7.162785],[111.846299,-7.162813],[111.846274,-7.1628],[111.846245,-7.162771],[111.846228,-7.162743],[111.84623,-7.162727],[111.84623,-7.162697],[111.846229,-7.162662],[111.846224,-7.162623],[111.84618,-7.162638],[111.846174,-7.162606],[111.846123,-7.162517],[111.846098,-7.162469],[111.846044,-7.16241],[111.846016,-7.162389],[111.845978,-7.162363],[111.845944,-7.162348],[111.845895,-7.162335],[111.845826,-7.16233],[111.845798,-7.162337],[111.845753,-7.162351],[111.845713,-7.162369],[111.84569,-7.162386],[111.845652,-7.162423],[111.845623,-7.162465],[111.845574,-7.162541],[111.84556,-7.162591],[111.84555,-7.162668],[111.845538,-7.162839],[111.845541,-7.162979],[111.845544,-7.163054],[111.845537,-7.163105],[111.845507,-7.163185],[111.845492,-7.163206],[111.845471,-7.163221],[111.84545,-7.163229],[111.845418,-7.163229],[111.845354,-7.163207],[111.84526,-7.163164],[111.845208,-7.163127],[111.845146,-7.16304],[111.845104,-7.162986],[111.845006,-7.162895],[111.844967,-7.162861],[111.844899,-7.162825],[111.84486,-7.16281],[111.844784,-7.1628],[111.844723,-7.162803],[111.844673,-7.162819],[111.844629,-7.162833],[111.844587,-7.162858],[111.844546,-7.162904],[111.844519,-7.162949],[111.844479,-7.163026],[111.844324,-7.163357],[111.84422,-7.163575],[111.844202,-7.163618],[111.844167,-7.163652],[111.844105,-7.163687],[111.844042,-7.163701],[111.843976,-7.163701],[111.843929,-7.163697],[111.843906,-7.163688],[111.843889,-7.16367],[111.843861,-7.163642],[111.843796,-7.163538],[111.843748,-7.163478],[111.843708,-7.163412],[111.843664,-7.163376],[111.84361,-7.163338],[111.843557,-7.163308],[111.843489,-7.16329],[111.843391,-7.163228],[111.843314,-7.163197],[111.843244,-7.163164],[111.8432,-7.163128],[111.843181,-7.163103],[111.843146,-7.163053],[111.843116,-7.162978],[111.843103,-7.162888],[111.843098,-7.162828],[111.843099,-7.162771],[111.843103,-7.162714],[111.843115,-7.162666],[111.843123,-7.162627],[111.843128,-7.162595],[111.843129,-7.162553],[111.843107,-7.16248],[111.843089,-7.162444],[111.843073,-7.162401],[111.843036,-7.162371],[111.843029,-7.162369],[111.843071,-7.162294],[111.84311,-7.162318],[111.843056,-7.162284],[111.843,-7.162271],[111.842959,-7.162263],[111.842899,-7.162269],[111.842837,-7.162306],[111.842793,-7.162324],[111.842764,-7.16236],[111.842744,-7.162377],[111.842572,-7.162432],[111.842521,-7.162447],[111.842483,-7.162445],[111.842464,-7.162443],[111.842454,-7.162437],[111.84243,-7.162394],[111.842396,-7.162328],[111.842369,-7.162308],[111.842333,-7.16229],[111.842308,-7.162284],[111.842293,-7.162279],[111.842273,-7.162281],[111.842246,-7.162292],[111.842222,-7.162299],[111.842166,-7.16231],[111.84213,-7.162308],[111.842086,-7.162296],[111.84205,-7.162278],[111.841972,-7.162229],[111.841934,-7.162207],[111.841912,-7.162192],[111.841877,-7.162172],[111.841856,-7.162166],[111.841805,-7.162157],[111.841759,-7.162153],[111.841724,-7.162155],[111.841666,-7.162153],[111.841638,-7.162149],[111.841623,-7.162139],[111.841614,-7.162128],[111.841607,-7.162112],[111.841604,-7.162073],[111.841604,-7.162022],[111.8416,-7.161958],[111.841595,-7.161932],[111.841562,-7.161856],[111.841549,-7.161823],[111.841547,-7.161799],[111.841555,-7.161756],[111.841569,-7.161719],[111.841611,-7.161652],[111.841626,-7.161608],[111.841627,-7.161581],[111.841624,-7.161565],[111.841586,-7.161492],[111.841586,-7.161482],[111.841588,-7.161479],[111.841582,-7.161474],[111.841572,-7.161468],[111.841563,-7.161468],[111.84155,-7.161479],[111.841528,-7.161495],[111.841515,-7.161514],[111.841506,-7.161556],[111.8415,-7.161595],[111.841501,-7.161606],[111.841491,-7.16161],[111.841483,-7.161611],[111.841476,-7.161608],[111.841465,-7.158369],[111.841186,-7.158358],[111.841238,-7.15613],[111.84137,-7.156166],[111.841471,-7.15616],[111.841564,-7.156137],[111.841611,-7.156106],[111.841658,-7.156043],[111.841705,-7.155976],[111.841743,-7.155932],[111.841817,-7.155898],[111.841876,-7.15586],[111.84199,-7.155699],[111.842044,-7.155626],[111.842077,-7.155587],[111.842077,-7.155506],[111.842156,-7.155337],[111.843222,-7.156081],[111.843537,-7.156284],[111.843537,-7.156284],[111.845415,-7.157492],[111.848686,-7.159646],[111.849259,-7.160041],[111.849225,-7.160042],[111.849158,-7.16005],[111.849066,-7.160081],[111.848988,-7.16012],[111.848913,-7.160155],[111.848845,-7.160091],[111.848548,-7.159877],[111.848511,-7.159849],[111.848635,-7.159668],[111.848641,-7.159656],[111.848636,-7.159649],[111.848534,-7.159592],[111.848046,-7.159273],[111.847555,-7.158948],[111.847198,-7.158713],[111.84709,-7.158657],[111.846942,-7.158548],[111.846841,-7.15848],[111.846738,-7.158406],[111.846536,-7.158275],[111.846444,-7.158203],[111.846257,-7.158076],[111.845745,-7.157735],[111.845305,-7.157438],[111.844937,-7.157201],[111.844925,-7.157218],[111.845838,-7.157824],[111.846435,-7.158226],[111.846689,-7.158396],[111.847158,-7.158719],[111.848039,-7.159283],[111.848616,-7.159659],[111.848623,-7.159665],[111.848622,-7.15967],[111.848499,-7.159844],[111.848386,-7.159765],[111.848306,-7.159746],[111.848303,-7.159759],[111.848374,-7.159773],[111.848385,-7.159778],[111.848489,-7.159849],[111.848837,-7.160099],[111.848902,-7.160162],[111.848861,-7.160188],[111.8488,-7.160239],[111.848742,-7.160303],[111.848699,-7.160367],[111.848662,-7.160429],[111.848651,-7.160463],[111.848648,-7.160509],[111.84866,-7.160556],[111.848655,-7.160573],[111.848652,-7.160596],[111.848658,-7.160618],[111.848674,-7.160636],[111.84868,-7.160675],[111.848681,-7.160723],[111.848662,-7.160778],[111.848614,-7.160903],[111.848605,-7.16094],[111.848575,-7.160985],[111.848509,-7.161027],[111.848474,-7.161044],[111.848433,-7.161066],[111.84836,-7.161115],[111.848276,-7.161179],[111.848246,-7.1612],[111.848129,-7.161258],[111.848065,-7.161272],[111.848036,-7.161278],[111.848024,-7.161285],[111.848017,-7.161295],[111.848023,-7.161311],[111.848023,-7.161323],[111.848014,-7.161324],[111.847966,-7.161348],[111.847919,-7.161373],[111.847874,-7.161422],[111.847811,-7.161493],[111.847748,-7.161575],[111.847712,-7.161632],[111.847702,-7.161668],[111.84773,-7.161766],[111.847762,-7.161871],[111.847762,-7.161935],[111.847707,-7.162037],[111.847644,-7.16212],[111.847556,-7.16217],[111.847397,-7.162188],[111.847322,-7.162175],[111.847257,-7.162149],[111.847215,-7.162114],[111.847196,-7.16206]],[[111.843222,-7.156081],[111.843535,-7.156297],[111.843535,-7.156297],[111.843222,-7.156081]],[[111.843188,-7.162688],[111.843188,-7.162688],[111.843204,-7.162623],[111.843188,-7.162688]],[[111.846099,-7.162366],[111.846099,-7.162366],[111.846119,-7.162382],[111.846099,-7.162366]],[[111.84852,-7.159785],[111.848506,-7.159806],[111.84852,-7.159785],[111.84852,-7.159785]]]]}},{"type":"Feature","properties":{"GM_LAYER":"Unknown Area Type","id":null,"LAYER":"Unknown Area Type","MAP_NAME":"Sawah","PERIMETER":"1.333 km","ENCLOSED_A":"8.183 ha","ISLAND_ARE":null,"LENGTH":null,"WIDTH":null},"geometry":{"type":"MultiPolygon","coordinates":[[[[111.838543,-7.146929],[111.838736,-7.147134],[111.836825,-7.150536],[111.836793,-7.150484],[111.836746,-7.150405],[111.836718,-7.150375],[111.836468,-7.15013],[111.836703,-7.149999],[111.836646,-7.149892],[111.836406,-7.15005],[111.836342,-7.149985],[111.836331,-7.149967],[111.836331,-7.149948],[111.836341,-7.149909],[111.836364,-7.14982],[111.836365,-7.149793],[111.836266,-7.149629],[111.836135,-7.149377],[111.836017,-7.149088],[111.835924,-7.148948],[111.835746,-7.148801],[111.837469,-7.145706],[111.837675,-7.145911],[111.837881,-7.146122],[111.838205,-7.146445],[111.838343,-7.146643],[111.838543,-7.146929]]]]}},{"type":"Feature","properties":{"GM_LAYER":"Unknown Area Type","id":null,"LAYER":"Unknown Area Type","MAP_NAME":"Sawah","PERIMETER":"590.04 m","ENCLOSED_A":"1.708 ha","ISLAND_ARE":null,"LENGTH":null,"WIDTH":null},"geometry":{"type":"MultiPolygon","coordinates":[[[[111.850796,-7.211402],[111.850938,-7.211754],[111.850811,-7.211895],[111.850794,-7.212162],[111.849704,-7.212049],[111.849725,-7.211705],[111.849758,-7.211143],[111.849762,-7.21108],[111.849773,-7.211095],[111.849779,-7.2111],[111.849786,-7.211104],[111.850065,-7.211146],[111.850113,-7.210928],[111.850181,-7.21071],[111.850198,-7.210723],[111.850235,-7.210734],[111.850272,-7.210743],[111.850295,-7.210747],[111.850309,-7.210743],[111.850329,-7.210745],[111.85034,-7.210749],[111.850387,-7.210753],[111.850402,-7.210758],[111.850423,-7.210773],[111.850493,-7.210796],[111.850685,-7.210848],[111.850814,-7.210883],[111.851023,-7.210927],[111.851,-7.211147],[111.850989,-7.21128],[111.850989,-7.21128],[111.85098,-7.211389],[111.850946,-7.211332],[111.850856,-7.211301],[111.850807,-7.211305],[111.850787,-7.211306],[111.850793,-7.211366],[111.850796,-7.211402]]]]}},{"type":"Feature","properties":{"GM_LAYER":"Unknown Area Type","id":null,"LAYER":"Unknown Area Type","MAP_NAME":"Sawah","PERIMETER":"196.27 m","ENCLOSED_A":"0.0146 ha","ISLAND_ARE":null,"LENGTH":null,"WIDTH":null},"geometry":{"type":"MultiPolygon","coordinates":[[[[111.847654,-7.208106],[111.847661,-7.208106],[111.847661,-7.208109],[111.847655,-7.208228],[111.847653,-7.208269],[111.847643,-7.208315],[111.847637,-7.208334],[111.847617,-7.208359],[111.847598,-7.208365],[111.847568,-7.208367],[111.847544,-7.208366],[111.8475,-7.20836],[111.847469,-7.208357],[111.847445,-7.208361],[111.847432,-7.208351],[111.847423,-7.208343],[111.847415,-7.20833],[111.847406,-7.208325],[111.847192,-7.208296],[111.847189,-7.208291],[111.847186,-7.208287],[111.847202,-7.2081],[111.847214,-7.2081],[111.84721,-7.208168],[111.84721,-7.208168],[111.847203,-7.208285],[111.847412,-7.208316],[111.847441,-7.208338],[111.84758,-7.208352],[111.84761,-7.208348],[111.847626,-7.208331],[111.847654,-7.208106]]]]}},{"type":"Feature","properties":{"GM_LAYER":"Unknown Area Type","id":null,"LAYER":"Unknown Area Type","MAP_NAME":"Sawah","PERIMETER":"436.31 m","ENCLOSED_A":"0.7 ha","ISLAND_ARE":null,"LENGTH":null,"WIDTH":null},"geometry":{"type":"MultiPolygon","coordinates":[[[[111.844121,-7.208621],[111.844162,-7.208648],[111.844105,-7.208996],[111.844086,-7.209032],[111.843534,-7.20891],[111.843508,-7.208903],[111.843494,-7.208891],[111.84349,-7.208881],[111.843618,-7.208486],[111.843624,-7.208469],[111.84362,-7.208463],[111.843329,-7.208376],[111.843312,-7.208369],[111.8433,-7.208358],[111.843348,-7.208178],[111.84336,-7.208157],[111.843396,-7.208154],[111.843457,-7.208177],[111.84347,-7.208178],[111.843475,-7.208176],[111.84349,-7.208158],[111.843501,-7.208157],[111.843653,-7.208194],[111.843699,-7.208206],[111.843713,-7.208197],[111.843771,-7.20791],[111.843771,-7.20791],[111.843779,-7.207869],[111.843782,-7.207852],[111.843791,-7.207853],[111.84406,-7.207891],[111.844123,-7.207901],[111.84412,-7.207926],[111.844092,-7.208066],[111.844084,-7.208187],[111.844052,-7.208248],[111.844001,-7.208297],[111.843973,-7.208348],[111.843971,-7.208387],[111.843994,-7.208438],[111.844021,-7.208508],[111.844042,-7.208582],[111.844073,-7.208603],[111.844121,-7.208621]]]]}},{"type":"Feature","properties":{"GM_LAYER":"Unknown Area Type","id":null,"LAYER":"Unknown Area Type","MAP_NAME":"Sawah","PERIMETER":"597.19 m","ENCLOSED_A":"0.952 ha","ISLAND_ARE":null,"LENGTH":null,"WIDTH":null},"geometry":{"type":"MultiPolygon","coordinates":[[[[111.835119,-7.150742],[111.835779,-7.151143],[111.83566,-7.151329],[111.835637,-7.151324],[111.835589,-7.151288],[111.835545,-7.151284],[111.835416,-7.151513],[111.835316,-7.151456],[111.835233,-7.151432],[111.835173,-7.151458],[111.835099,-7.151613],[111.835064,-7.151893],[111.835592,-7.151944],[111.835528,-7.152102],[111.835384,-7.152535],[111.835374,-7.152543],[111.835361,-7.152543],[111.834791,-7.151896],[111.83472,-7.15182],[111.835018,-7.151014],[111.835018,-7.151014],[111.835119,-7.150742]]]]}},{"type":"Feature","properties":{"GM_LAYER":"Unknown Area Type","id":null,"LAYER":"Unknown Area Type","MAP_NAME":"Sawah","PERIMETER":"1.009 km","ENCLOSED_A":"2.437 ha","ISLAND_ARE":null,"LENGTH":null,"WIDTH":null},"geometry":{"type":"MultiPolygon","coordinates":[[[[111.852354,-7.205738],[111.852357,-7.205745],[111.852365,-7.205752],[111.852846,-7.205909],[111.852859,-7.205913],[111.852864,-7.205919],[111.852866,-7.205925],[111.852669,-7.206985],[111.852666,-7.206997],[111.852655,-7.207],[111.852235,-7.206931],[111.852225,-7.206927],[111.852223,-7.20691],[111.852325,-7.206484],[111.852323,-7.206466],[111.852311,-7.206461],[111.851978,-7.206421],[111.851968,-7.206413],[111.851967,-7.206402],[111.851982,-7.206103],[111.851977,-7.206095],[111.851965,-7.20609],[111.8513,-7.205932],[111.851281,-7.205931],[111.851269,-7.205936],[111.851263,-7.20595],[111.8512,-7.206426],[111.85119,-7.206444],[111.851173,-7.20646],[111.851164,-7.206534],[111.851158,-7.206588],[111.851127,-7.206731],[111.851122,-7.206742],[111.85111,-7.206747],[111.850987,-7.206744],[111.850983,-7.206738],[111.85098,-7.206728],[111.850983,-7.206418],[111.850976,-7.206405],[111.850964,-7.2064],[111.850714,-7.206353],[111.850703,-7.206344],[111.850696,-7.206335],[111.850691,-7.206315],[111.850693,-7.206288],[111.850752,-7.205783],[111.850754,-7.205775],[111.850765,-7.205772],[111.850777,-7.205768],[111.851014,-7.205798],[111.851022,-7.205796],[111.851026,-7.205788],[111.851052,-7.205734],[111.851075,-7.205692],[111.851097,-7.205655],[111.851116,-7.205634],[111.851142,-7.205621],[111.85117,-7.20563],[111.851185,-7.205638],[111.851197,-7.205637],[111.851204,-7.205627],[111.851295,-7.205387],[111.851293,-7.20535],[111.851274,-7.205317],[111.851224,-7.205249],[111.851194,-7.20522],[111.85119,-7.205201],[111.851192,-7.205172],[111.851196,-7.205133],[111.851225,-7.205073],[111.851234,-7.205027],[111.85123,-7.204993],[111.851223,-7.204965],[111.851221,-7.204954],[111.851214,-7.204912],[111.851215,-7.204892],[111.851223,-7.204878],[111.851231,-7.204869],[111.85124,-7.204863],[111.851256,-7.204862],[111.85127,-7.204865],[111.851287,-7.204874],[111.851303,-7.204884],[111.85151,-7.205014],[111.851686,-7.20513],[111.851743,-7.205172],[111.851809,-7.205202],[111.851893,-7.205236],[111.851998,-7.205261],[111.852035,-7.20527],[111.852063,-7.205283],[111.852078,-7.205299],[111.852082,-7.205316],[111.852086,-7.205336],[111.852086,-7.20536],[111.852081,-7.205401],[111.852082,-7.205434],[111.852081,-7.205452],[111.852082,-7.205458],[111.852086,-7.205461],[111.852127,-7.205469],[111.85215,-7.205476],[111.852194,-7.20549],[111.8523,-7.205519],[111.852348,-7.205533],[111.852357,-7.205538],[111.85236,-7.205545],[111.85236,-7.20556],[111.852354,-7.205738]]]]}},{"type":"Feature","properties":{"GM_LAYER":"Unknown Area Type","id":null,"LAYER":"Unknown Area Type","MAP_NAME":"Sawah","PERIMETER":"274.1 m","ENCLOSED_A":"0.4087 ha","ISLAND_ARE":null,"LENGTH":null,"WIDTH":null},"geometry":{"type":"MultiPolygon","coordinates":[[[[111.847586,-7.204358],[111.847586,-7.204322],[111.847609,-7.204306],[111.847624,-7.204303],[111.847641,-7.204301],[111.847666,-7.204307],[111.847705,-7.204319],[111.84775,-7.204329],[111.847771,-7.204321],[111.847805,-7.20431],[111.847829,-7.204303],[111.847866,-7.204302],[111.84792,-7.204296],[111.847961,-7.204296],[111.847969,-7.204284],[111.848038,-7.204289],[111.848078,-7.204274],[111.848114,-7.204286],[111.848164,-7.204294],[111.848219,-7.20431],[111.848257,-7.204331],[111.848284,-7.204349],[111.848311,-7.204353],[111.848312,-7.204373],[111.848288,-7.2044],[111.848275,-7.204631],[111.848216,-7.204716],[111.848023,-7.204894],[111.848023,-7.204894],[111.847994,-7.204921],[111.847827,-7.204985],[111.847818,-7.204995],[111.847824,-7.205025],[111.847834,-7.205039],[111.847827,-7.205043],[111.847816,-7.205028],[111.847807,-7.204981],[111.847802,-7.204955],[111.847798,-7.204921],[111.847796,-7.204888],[111.847796,-7.204888],[111.847796,-7.204883],[111.847771,-7.204848],[111.847765,-7.204823],[111.847743,-7.204761],[111.847693,-7.204631],[111.847678,-7.204583],[111.84767,-7.20452],[111.847661,-7.204489],[111.847649,-7.204458],[111.847625,-7.204432],[111.847593,-7.204389],[111.847586,-7.204358]]]]}},{"type":"Feature","properties":{"GM_LAYER":"Unknown Area Type","id":null,"LAYER":"Unknown Area Type","MAP_NAME":"Sawah","PERIMETER":"318.95 m","ENCLOSED_A":"0.0106 ha","ISLAND_ARE":null,"LENGTH":null,"WIDTH":null},"geometry":{"type":"MultiPolygon","coordinates":[[[[111.847405,-7.208344],[111.847409,-7.208354],[111.847408,-7.208391],[111.847392,-7.208421],[111.847384,-7.20846],[111.847289,-7.208916],[111.847266,-7.208963],[111.847245,-7.208984],[111.847237,-7.208991],[111.847217,-7.208995],[111.84719,-7.208994],[111.847159,-7.208985],[111.847099,-7.208963],[111.846988,-7.208924],[111.846931,-7.208901],[111.847189,-7.208989],[111.847215,-7.20899],[111.847235,-7.208986],[111.847262,-7.20896],[111.847281,-7.208922],[111.847349,-7.208599],[111.847387,-7.208407],[111.847397,-7.20838],[111.847402,-7.208359],[111.847395,-7.20835],[111.847163,-7.208314],[111.84716,-7.208307],[111.847175,-7.208181],[111.847182,-7.2081],[111.847185,-7.2081],[111.847168,-7.208285],[111.847171,-7.208299],[111.847178,-7.208308],[111.847395,-7.20834],[111.847405,-7.208344]]]]}},{"type":"Feature","properties":{"GM_LAYER":"Unknown Area Type","id":null,"LAYER":"Unknown Area Type","MAP_NAME":"Sawah","PERIMETER":"1.726 km","ENCLOSED_A":"5.829 ha","ISLAND_ARE":null,"LENGTH":null,"WIDTH":null},"geometry":{"type":"MultiPolygon","coordinates":[[[[111.816152,-7.187778],[111.816248,-7.187283],[111.816297,-7.186823],[111.81629,-7.186309],[111.816239,-7.185943],[111.816079,-7.18528],[111.81582,-7.184746],[111.815583,-7.184412],[111.815406,-7.184138],[111.815247,-7.183933],[111.815247,-7.183933],[111.815231,-7.183913],[111.814851,-7.183528],[111.814355,-7.183196],[111.814021,-7.183026],[111.813707,-7.182874],[111.813459,-7.18279],[111.814027,-7.181928],[111.814982,-7.183102],[111.815474,-7.183693],[111.815566,-7.183804],[111.816,-7.184268],[111.816787,-7.185007],[111.817291,-7.185486],[111.818029,-7.186182],[111.816152,-7.187778]]]]}},{"type":"Feature","properties":{"GM_LAYER":"Unknown Area Type","id":null,"LAYER":"Unknown Area Type","MAP_NAME":"Sawah","PERIMETER":"4.485 km","ENCLOSED_A":"70.097 ha","ISLAND_ARE":null,"LENGTH":null,"WIDTH":null},"geometry":{"type":"MultiPolygon","coordinates":[[[[111.813486,-7.197894],[111.822003,-7.20053],[111.82198,-7.200614],[111.82195,-7.200638],[111.821743,-7.20064],[111.821662,-7.200652],[111.821611,-7.20069],[111.821575,-7.200797],[111.821483,-7.201268],[111.821408,-7.201597],[111.821331,-7.201808],[111.821185,-7.202146],[111.821066,-7.2024],[111.820823,-7.202818],[111.820571,-7.203374],[111.820571,-7.203374],[111.820461,-7.203618],[111.817714,-7.203623],[111.815131,-7.203627],[111.80833,-7.198385],[111.808413,-7.198318],[111.808562,-7.19826],[111.808655,-7.198215],[111.8088,-7.198235],[111.808931,-7.19832],[111.809062,-7.198412],[111.809139,-7.198424],[111.809244,-7.198408],[111.809389,-7.198343],[111.80952,-7.198241],[111.809535,-7.198188],[111.809519,-7.198084],[111.80956,-7.198017],[111.809641,-7.19795],[111.809742,-7.19784],[111.809779,-7.197749],[111.809805,-7.197679],[111.809783,-7.197561],[111.809768,-7.197477],[111.809791,-7.197399],[111.809858,-7.19732],[111.809971,-7.197198],[111.810014,-7.197089],[111.81002,-7.196928],[111.810021,-7.196919],[111.810021,-7.196919],[111.810046,-7.196691],[111.810071,-7.19657],[111.810177,-7.196367],[111.810191,-7.196354],[111.810244,-7.196372],[111.8103,-7.196362],[111.810499,-7.196197],[111.810515,-7.196159],[111.810525,-7.196091],[111.810518,-7.19604],[111.810447,-7.195846],[111.810376,-7.19576],[111.810305,-7.195693],[111.810287,-7.195627],[111.810301,-7.195533],[111.810338,-7.195479],[111.810411,-7.195425],[111.810503,-7.195303],[111.810581,-7.19521],[111.810673,-7.19516],[111.810739,-7.195144],[111.810869,-7.195142],[111.810936,-7.195105],[111.810987,-7.195089],[111.811047,-7.195107],[111.811103,-7.195093],[111.81116,-7.195061],[111.811207,-7.19502],[111.811245,-7.194941],[111.811265,-7.19483],[111.811262,-7.19478],[111.811228,-7.194705],[111.811199,-7.194633],[111.811199,-7.194592],[111.811199,-7.194592],[111.811199,-7.194592],[111.811206,-7.194465],[111.811223,-7.194347],[111.811251,-7.194263],[111.811298,-7.1942],[111.811353,-7.194132],[111.811405,-7.194075],[111.811504,-7.193996],[111.811523,-7.193982],[111.811523,-7.193982],[111.811607,-7.193917],[111.811798,-7.19377],[111.811911,-7.193692],[111.811993,-7.193653],[111.812062,-7.193636],[111.812079,-7.193672],[111.811985,-7.193694],[111.812165,-7.193653],[111.812234,-7.193594],[111.812352,-7.193584],[111.812444,-7.1936],[111.812512,-7.193603],[111.81252,-7.193607],[111.812526,-7.193621],[111.812496,-7.19369],[111.812502,-7.193753],[111.812605,-7.193895],[111.812739,-7.194003],[111.812592,-7.194186],[111.812737,-7.194305],[111.812917,-7.194175],[111.813272,-7.19437],[111.813329,-7.194379],[111.81348,-7.194341],[111.81348,-7.194588],[111.81348,-7.194588],[111.81348,-7.194588],[111.813483,-7.196279],[111.813188,-7.196914],[111.812784,-7.197475],[111.813486,-7.197894]]]]}},{"type":"Feature","properties":{"GM_LAYER":"Unknown Area Type","id":null,"LAYER":"Unknown Area Type","MAP_NAME":"Sawah","PERIMETER":"6.788 km","ENCLOSED_A":"171.55 ha","ISLAND_ARE":null,"LENGTH":null,"WIDTH":null},"geometry":{"type":"MultiPolygon","coordinates":[[[[111.814301,-7.184153],[111.814863,-7.184747],[111.81507,-7.184989],[111.815133,-7.185027],[111.815199,-7.185173],[111.815213,-7.185265],[111.815294,-7.185454],[111.815319,-7.185514],[111.815319,-7.185514],[111.815372,-7.185644],[111.815466,-7.18599],[111.815489,-7.186257],[111.815519,-7.186834],[111.815461,-7.187312],[111.81538,-7.187602],[111.815351,-7.187699],[111.815309,-7.187732],[111.815242,-7.187741],[111.815221,-7.187708],[111.81521,-7.187629],[111.815205,-7.187538],[111.814713,-7.187415],[111.814536,-7.187748],[111.813468,-7.187756],[111.813477,-7.192822],[111.813172,-7.193206],[111.812992,-7.193367],[111.812766,-7.193448],[111.81262,-7.193495],[111.812378,-7.193483],[111.812253,-7.193497],[111.812151,-7.193526],[111.812033,-7.193573],[111.812045,-7.1936],[111.811976,-7.193624],[111.811925,-7.193647],[111.811816,-7.19371],[111.811714,-7.193798],[111.811526,-7.193949],[111.811519,-7.193954],[111.811393,-7.19405],[111.811362,-7.194084],[111.811299,-7.194152],[111.811245,-7.19422],[111.811212,-7.194292],[111.811188,-7.194412],[111.811174,-7.194534],[111.811173,-7.194592],[111.811173,-7.194592],[111.811173,-7.194592],[111.811173,-7.194649],[111.811185,-7.1947],[111.811215,-7.194742],[111.811233,-7.194781],[111.811242,-7.194825],[111.81122,-7.194931],[111.811163,-7.195029],[111.811047,-7.195078],[111.811006,-7.195057],[111.810954,-7.19505],[111.810874,-7.195095],[111.810825,-7.195111],[111.810679,-7.195116],[111.810592,-7.195147],[111.810483,-7.195276],[111.810382,-7.195409],[111.810263,-7.195483],[111.810257,-7.195493],[111.810257,-7.195493],[111.810235,-7.195532],[111.810242,-7.195607],[111.810274,-7.195695],[111.810337,-7.195758],[111.810428,-7.19586],[111.810497,-7.196052],[111.810474,-7.196182],[111.81031,-7.196316],[111.810245,-7.196333],[111.810219,-7.196311],[111.810167,-7.196311],[111.810141,-7.196342],[111.810022,-7.196579],[111.809986,-7.196884],[111.809986,-7.196884],[111.809982,-7.196917],[111.809979,-7.197081],[111.809931,-7.197184],[111.809794,-7.197339],[111.809771,-7.197367],[111.809731,-7.197329],[111.809733,-7.197323],[111.809633,-7.197532],[111.809636,-7.197664],[111.80956,-7.197761],[111.809453,-7.197843],[111.809384,-7.198027],[111.809358,-7.198185],[111.809252,-7.198239],[111.809118,-7.198237],[111.80891,-7.198161],[111.808691,-7.1981],[111.808533,-7.198125],[111.808336,-7.198125],[111.808203,-7.198239],[111.804428,-7.195373],[111.804428,-7.194882],[111.804427,-7.194604],[111.804418,-7.189319],[111.803897,-7.189169],[111.804078,-7.17975],[111.80432,-7.179474],[111.8044,-7.179382],[111.806093,-7.177597],[111.806609,-7.178974],[111.806491,-7.178949],[111.806396,-7.178963],[111.806296,-7.17904],[111.806152,-7.179084],[111.806069,-7.179329],[111.806298,-7.179435],[111.806319,-7.179465],[111.80633,-7.179501],[111.806338,-7.17958],[111.806537,-7.179688],[111.806477,-7.179836],[111.806865,-7.180023],[111.806685,-7.180499],[111.806763,-7.180524],[111.806608,-7.180982],[111.806661,-7.181112],[111.806599,-7.181286],[111.806473,-7.181423],[111.80628,-7.181517],[111.806137,-7.18167],[111.806084,-7.181774],[111.806074,-7.181884],[111.806128,-7.18192],[111.806035,-7.182231],[111.805889,-7.182452],[111.806311,-7.182666],[111.806452,-7.182421],[111.806812,-7.182269],[111.807107,-7.182267],[111.807147,-7.182178],[111.807209,-7.182091],[111.80729,-7.18205],[111.807378,-7.18203],[111.807491,-7.181895],[111.807447,-7.181851],[111.807911,-7.18144],[111.807965,-7.181518],[111.808351,-7.181355],[111.808374,-7.181007],[111.808517,-7.181005],[111.808542,-7.181129],[111.80868,-7.181425],[111.808764,-7.181599],[111.808909,-7.181846],[111.80922,-7.182228],[111.809429,-7.182451],[111.809704,-7.182665],[111.810093,-7.182879],[111.810427,-7.183053],[111.810704,-7.183143],[111.81128,-7.183238],[111.812364,-7.183398],[111.813059,-7.183512],[111.81346,-7.183645],[111.813824,-7.183731],[111.814186,-7.183924],[111.814303,-7.184048],[111.814309,-7.184101],[111.814301,-7.184153]],[[111.8099,-7.196797],[111.809893,-7.196824],[111.8099,-7.196797],[111.8099,-7.196797]]]]}},{"type":"Feature","properties":{"GM_LAYER":"Unknown Area Type","id":null,"LAYER":"Unknown Area Type","MAP_NAME":"Sawah","PERIMETER":"22.111 km","ENCLOSED_A":"450.24 ha","ISLAND_ARE":null,"LENGTH":null,"WIDTH":null},"geometry":{"type":"MultiPolygon","coordinates":[[[[111.852092,-7.164377],[111.852114,-7.163901],[111.851696,-7.163947],[111.851675,-7.164448],[111.850946,-7.164597],[111.850827,-7.164478],[111.850953,-7.164143],[111.850461,-7.163935],[111.850343,-7.164209],[111.850755,-7.164435],[111.850907,-7.16464],[111.850704,-7.164652],[111.850253,-7.164375],[111.850087,-7.164483],[111.850004,-7.164364],[111.849895,-7.16423],[111.849758,-7.164173],[111.84965,-7.164159],[111.849556,-7.164199],[111.8494,-7.164116],[111.848967,-7.16394],[111.848833,-7.163666],[111.848515,-7.163606],[111.848251,-7.163502],[111.847915,-7.163304],[111.847822,-7.163296],[111.847781,-7.1635],[111.847532,-7.163443],[111.847355,-7.163945],[111.847065,-7.163844],[111.846989,-7.164081],[111.847297,-7.164236],[111.847192,-7.164529],[111.846933,-7.164444],[111.846794,-7.164869],[111.847067,-7.164963],[111.847011,-7.16512],[111.846805,-7.165064],[111.846724,-7.165305],[111.846948,-7.165379],[111.846856,-7.165742],[111.846813,-7.165941],[111.846775,-7.16623],[111.846756,-7.16661],[111.846648,-7.168147],[111.84652,-7.170929],[111.843955,-7.173595],[111.843895,-7.185491],[111.840625,-7.185497],[111.840632,-7.189314],[111.840565,-7.189471],[111.840559,-7.189603],[111.840511,-7.189714],[111.840485,-7.18981],[111.840512,-7.18986],[111.84032,-7.190324],[111.839473,-7.189982],[111.838873,-7.189772],[111.838203,-7.189569],[111.838356,-7.189124],[111.838358,-7.18911],[111.838232,-7.189077],[111.838223,-7.189082],[111.838195,-7.189162],[111.838172,-7.189234],[111.837939,-7.189152],[111.837928,-7.189154],[111.837848,-7.189465],[111.837654,-7.189415],[111.836895,-7.189242],[111.836184,-7.18913],[111.836202,-7.18903],[111.836078,-7.189004],[111.836062,-7.189108],[111.836006,-7.189095],[111.836002,-7.189112],[111.836058,-7.189124],[111.836321,-7.189173],[111.836511,-7.189196],[111.836779,-7.189239],[111.837829,-7.189485],[111.838159,-7.189572],[111.838835,-7.189777],[111.839229,-7.189917],[111.839965,-7.190201],[111.840634,-7.190462],[111.840634,-7.190502],[111.839817,-7.190185],[111.839213,-7.189956],[111.838814,-7.189812],[111.83851,-7.189721],[111.838124,-7.189608],[111.837782,-7.189518],[111.83726,-7.189394],[111.836766,-7.189281],[111.836328,-7.189222],[111.836142,-7.189183],[111.835992,-7.189154],[111.835987,-7.189178],[111.836322,-7.189241],[111.836709,-7.189302],[111.837398,-7.189464],[111.837775,-7.189544],[111.838518,-7.189758],[111.838985,-7.189902],[111.840225,-7.190361],[111.840219,-7.190518],[111.840104,-7.190825],[111.839998,-7.19123],[111.839801,-7.191946],[111.839716,-7.192105],[111.839509,-7.192417],[111.839327,-7.192828],[111.83931,-7.193011],[111.839232,-7.193412],[111.839037,-7.193782],[111.838869,-7.194033],[111.838783,-7.194338],[111.83875,-7.194543],[111.838716,-7.194655],[111.838682,-7.194774],[111.838647,-7.194864],[111.838622,-7.194948],[111.838608,-7.195013],[111.838614,-7.195078],[111.838613,-7.195128],[111.838591,-7.195194],[111.838555,-7.19527],[111.838396,-7.195531],[111.838255,-7.195772],[111.83811,-7.196055],[111.838075,-7.196093],[111.838062,-7.1961],[111.83805,-7.1961],[111.838021,-7.1961],[111.838003,-7.1961],[111.837983,-7.196137],[111.837948,-7.196245],[111.837939,-7.196305],[111.837923,-7.196372],[111.837909,-7.196427],[111.837882,-7.196504],[111.837853,-7.196591],[111.837814,-7.196699],[111.837785,-7.196776],[111.837756,-7.196841],[111.83774,-7.196878],[111.837719,-7.196893],[111.83766,-7.196889],[111.837612,-7.196878],[111.837582,-7.196958],[111.837574,-7.19697],[111.837488,-7.197009],[111.837468,-7.197032],[111.837463,-7.197043],[111.837466,-7.197062],[111.837479,-7.197082],[111.837482,-7.197098],[111.837458,-7.19718],[111.837449,-7.197274],[111.837449,-7.197361],[111.837449,-7.197413],[111.837473,-7.197443],[111.837489,-7.197451],[111.837508,-7.197475],[111.837532,-7.197507],[111.837564,-7.197548],[111.837589,-7.197598],[111.83761,-7.197609],[111.83764,-7.197648],[111.837646,-7.197673],[111.837643,-7.197689],[111.837628,-7.197718],[111.837598,-7.19777],[111.837563,-7.19783],[111.837512,-7.197898],[111.83746,-7.197964],[111.837443,-7.197984],[111.837382,-7.198051],[111.837315,-7.198106],[111.837267,-7.198153],[111.837257,-7.198154],[111.837248,-7.198149],[111.837204,-7.198104],[111.837156,-7.198061],[111.837146,-7.198057],[111.83714,-7.198066],[111.837107,-7.19814],[111.837088,-7.198235],[111.837074,-7.198288],[111.837048,-7.19834],[111.83702,-7.198396],[111.837002,-7.198422],[111.836952,-7.198449],[111.836909,-7.198474],[111.836869,-7.198492],[111.836816,-7.198521],[111.836784,-7.198533],[111.836768,-7.198534],[111.836751,-7.198553],[111.836731,-7.198583],[111.836722,-7.198597],[111.836708,-7.198606],[111.836708,-7.198624],[111.836731,-7.198644],[111.836744,-7.198657],[111.836746,-7.198667],[111.836741,-7.198675],[111.836726,-7.198682],[111.8367,-7.19869],[111.836678,-7.198692],[111.836654,-7.198691],[111.836641,-7.1987],[111.836625,-7.198717],[111.836605,-7.198745],[111.836592,-7.198756],[111.836583,-7.198761],[111.836564,-7.198758],[111.836501,-7.198739],[111.836443,-7.198723],[111.836436,-7.198723],[111.836414,-7.198859],[111.836412,-7.198959],[111.836454,-7.198963],[111.836495,-7.198965],[111.836526,-7.198976],[111.836543,-7.198992],[111.836551,-7.199034],[111.836547,-7.19916],[111.836563,-7.199194],[111.836624,-7.199247],[111.836653,-7.199275],[111.836698,-7.199308],[111.836801,-7.199391],[111.836863,-7.199429],[111.836916,-7.199446],[111.836929,-7.199453],[111.836932,-7.199465],[111.836899,-7.19951],[111.836925,-7.199517],[111.836975,-7.199536],[111.837013,-7.199553],[111.837067,-7.199582],[111.837132,-7.199627],[111.837178,-7.199663],[111.837214,-7.199697],[111.837221,-7.199711],[111.83725,-7.19972],[111.837264,-7.199715],[111.837274,-7.199713],[111.837288,-7.199722],[111.837299,-7.199733],[111.837307,-7.199767],[111.837328,-7.199917],[111.837328,-7.199996],[111.837273,-7.200057],[111.837176,-7.200078],[111.837118,-7.200059],[111.837061,-7.200063],[111.837033,-7.200079],[111.836994,-7.200108],[111.836984,-7.200156],[111.836982,-7.200211],[111.836943,-7.200269],[111.836915,-7.200302],[111.836886,-7.20033],[111.83685,-7.200342],[111.836808,-7.200349],[111.836759,-7.200359],[111.836694,-7.200382],[111.836735,-7.200368],[111.837066,-7.200757],[111.83703,-7.200757],[111.836986,-7.200749],[111.836928,-7.200742],[111.836891,-7.20074],[111.83685,-7.20073],[111.83683,-7.200718],[111.836801,-7.20069],[111.836761,-7.200691],[111.836732,-7.200678],[111.836711,-7.200677],[111.836686,-7.200676],[111.836659,-7.200657],[111.836623,-7.200654],[111.836585,-7.200657],[111.836551,-7.20066],[111.836501,-7.200655],[111.836484,-7.200642],[111.836462,-7.200634],[111.836439,-7.200633],[111.836429,-7.200635],[111.83642,-7.200634],[111.83642,-7.200627],[111.836418,-7.200615],[111.836408,-7.200614],[111.836397,-7.200622],[111.836386,-7.20063],[111.836358,-7.200631],[111.836331,-7.200632],[111.836287,-7.20064],[111.836261,-7.200654],[111.836242,-7.200681],[111.836225,-7.200702],[111.8362,-7.200722],[111.836189,-7.200742],[111.836177,-7.200763],[111.836166,-7.200774],[111.836159,-7.200789],[111.836162,-7.200801],[111.836162,-7.200821],[111.83616,-7.200831],[111.83615,-7.200849],[111.836139,-7.200872],[111.836128,-7.200894],[111.836122,-7.200915],[111.836121,-7.200943],[111.836127,-7.200984],[111.836134,-7.200993],[111.836137,-7.20101],[111.836143,-7.201036],[111.836147,-7.201047],[111.836151,-7.201066],[111.836151,-7.20108],[111.836148,-7.201098],[111.836138,-7.201113],[111.836117,-7.201137],[111.836112,-7.201141],[111.8361,-7.201149],[111.836096,-7.201156],[111.836093,-7.201163],[111.836092,-7.201171],[111.836082,-7.201178],[111.836076,-7.201189],[111.836072,-7.201199],[111.836063,-7.201216],[111.83605,-7.20122],[111.836034,-7.201236],[111.836018,-7.201245],[111.836008,-7.201252],[111.835997,-7.201263],[111.83599,-7.201284],[111.835974,-7.201295],[111.835953,-7.201304],[111.835924,-7.201315],[111.835917,-7.201327],[111.835909,-7.201343],[111.835899,-7.201367],[111.835888,-7.201387],[111.835869,-7.201409],[111.835858,-7.201418],[111.835861,-7.201426],[111.835845,-7.201434],[111.835841,-7.201443],[111.835835,-7.201449],[111.835817,-7.201446],[111.835802,-7.20144],[111.835779,-7.201433],[111.835765,-7.201425],[111.835749,-7.201416],[111.835718,-7.201418],[111.835692,-7.201426],[111.835654,-7.201435],[111.835643,-7.201444],[111.835631,-7.201455],[111.835633,-7.20146],[111.835637,-7.201472],[111.835642,-7.201478],[111.835648,-7.201499],[111.835645,-7.201515],[111.835639,-7.201547],[111.835626,-7.201569],[111.835612,-7.201584],[111.835612,-7.201584],[111.835609,-7.201586],[111.835585,-7.201602],[111.83556,-7.201609],[111.835557,-7.201635],[111.835537,-7.201641],[111.835515,-7.201666],[111.835508,-7.201687],[111.835504,-7.201729],[111.835498,-7.201751],[111.835493,-7.201771],[111.835481,-7.201789],[111.83547,-7.201801],[111.835459,-7.20181],[111.835451,-7.201825],[111.83545,-7.201836],[111.835453,-7.201848],[111.835445,-7.201851],[111.83543,-7.201867],[111.835417,-7.201874],[111.835273,-7.201752],[111.835194,-7.201863],[111.835088,-7.201992],[111.834756,-7.202131],[111.83427,-7.202263],[111.834146,-7.20248],[111.834199,-7.202621],[111.834328,-7.203123],[111.834171,-7.203593],[111.834145,-7.203671],[111.83394,-7.203909],[111.834049,-7.203974],[111.833891,-7.204298],[111.833885,-7.204839],[111.833887,-7.205041],[111.833966,-7.20506],[111.833978,-7.205122],[111.833987,-7.205367],[111.833955,-7.205411],[111.833917,-7.205442],[111.833879,-7.205461],[111.83384,-7.205468],[111.833789,-7.205477],[111.833745,-7.20547],[111.833713,-7.205444],[111.833691,-7.20541],[111.833661,-7.205331],[111.833643,-7.205298],[111.833606,-7.205271],[111.833527,-7.205273],[111.833464,-7.20528],[111.833342,-7.205338],[111.833274,-7.205369],[111.833247,-7.205394],[111.833243,-7.205447],[111.833267,-7.205492],[111.833343,-7.205592],[111.833362,-7.205627],[111.833361,-7.205665],[111.833342,-7.205684],[111.833298,-7.205693],[111.833254,-7.205685],[111.833217,-7.205679],[111.833187,-7.205682],[111.833151,-7.205688],[111.833107,-7.205725],[111.833051,-7.205815],[111.833011,-7.205914],[111.832951,-7.206139],[111.832914,-7.206299],[111.83275,-7.20681],[111.832717,-7.206901],[111.832673,-7.206972],[111.832673,-7.207],[111.832675,-7.207023],[111.832736,-7.207172],[111.832775,-7.207234],[111.832837,-7.207272],[111.832882,-7.207302],[111.832922,-7.207362],[111.83296,-7.207381],[111.83301,-7.207405],[111.833044,-7.207416],[111.833112,-7.207441],[111.833134,-7.207473],[111.833134,-7.207493],[111.833134,-7.207514],[111.833075,-7.207553],[111.833055,-7.207563],[111.832092,-7.207296],[111.832011,-7.207282],[111.83187,-7.207226],[111.831711,-7.207219],[111.831605,-7.207194],[111.831489,-7.207138],[111.831334,-7.207114],[111.831243,-7.207153],[111.831151,-7.207146],[111.831094,-7.207086],[111.831052,-7.207002],[111.831038,-7.206928],[111.831017,-7.206837],[111.830939,-7.206791],[111.830816,-7.206788],[111.83077,-7.206798],[111.8307,-7.206834],[111.830657,-7.206883],[111.830643,-7.206922],[111.830594,-7.206989],[111.830545,-7.206992],[111.830481,-7.206971],[111.830439,-7.206915],[111.830404,-7.206838],[111.830397,-7.206764],[111.830421,-7.206694],[111.83041,-7.206627],[111.830234,-7.206576],[111.830055,-7.206589],[111.829981,-7.206663],[111.829903,-7.206751],[111.829823,-7.2068],[111.829727,-7.20679],[111.822555,-7.206255],[111.820522,-7.203618],[111.820628,-7.203393],[111.820628,-7.203393],[111.820943,-7.202727],[111.821192,-7.202286],[111.82146,-7.20165],[111.82153,-7.201335],[111.821661,-7.200741],[111.821683,-7.200724],[111.821731,-7.20071],[111.821966,-7.200712],[111.822038,-7.200648],[111.822545,-7.200731],[111.824223,-7.200791],[111.831599,-7.200838],[111.831594,-7.197983],[111.831588,-7.194556],[111.831586,-7.193546],[111.831636,-7.193532],[111.831654,-7.193522],[111.831801,-7.193121],[111.831801,-7.193104],[111.831789,-7.19308],[111.831736,-7.193062],[111.831729,-7.193055],[111.831728,-7.193046],[111.831762,-7.192942],[111.831755,-7.192933],[111.831618,-7.192893],[111.831585,-7.192883],[111.831581,-7.190649],[111.831602,-7.190649],[111.831672,-7.190236],[111.832119,-7.190311],[111.832238,-7.189732],[111.831579,-7.189603],[111.831578,-7.189075],[111.831771,-7.188225],[111.831576,-7.188203],[111.831576,-7.188056],[111.832518,-7.188294],[111.832952,-7.188398],[111.833366,-7.188491],[111.833519,-7.18851],[111.833837,-7.188589],[111.834342,-7.188733],[111.834352,-7.188705],[111.834214,-7.188665],[111.833693,-7.188532],[111.833119,-7.188403],[111.832752,-7.188334],[111.831576,-7.188049],[111.831576,-7.188006],[111.831904,-7.188091],[111.832724,-7.188293],[111.833098,-7.18836],[111.833403,-7.188424],[111.833708,-7.188489],[111.834304,-7.188642],[111.834368,-7.188661],[111.834377,-7.188637],[111.833868,-7.188497],[111.833363,-7.188385],[111.832732,-7.188262],[111.832403,-7.188196],[111.831871,-7.188066],[111.831576,-7.18799],[111.831571,-7.185513],[111.831936,-7.185513],[111.831976,-7.185404],[111.832013,-7.185302],[111.832029,-7.185255],[111.832054,-7.185177],[111.832083,-7.185119],[111.832132,-7.185079],[111.832175,-7.185033],[111.832213,-7.185009],[111.83225,-7.184915],[111.832274,-7.184865],[111.832305,-7.184785],[111.832322,-7.184662],[111.832331,-7.184626],[111.832349,-7.184576],[111.832368,-7.184544],[111.8324,-7.184527],[111.832413,-7.184523],[111.83243,-7.184527],[111.832468,-7.18453],[111.832505,-7.184523],[111.832524,-7.184493],[111.832579,-7.184298],[111.832613,-7.184171],[111.832628,-7.184149],[111.832656,-7.184136],[111.832697,-7.184134],[111.832733,-7.18414],[111.832771,-7.184155],[111.832812,-7.184175],[111.832833,-7.184205],[111.832858,-7.184235],[111.832971,-7.184226],[111.833009,-7.184221],[111.833054,-7.184203],[111.833085,-7.184191],[111.833103,-7.18417],[111.833129,-7.184105],[111.833154,-7.184043],[111.833171,-7.184022],[111.833195,-7.184006],[111.833224,-7.183987],[111.833312,-7.183874],[111.83333,-7.183846],[111.833356,-7.183831],[111.833386,-7.183823],[111.833438,-7.183823],[111.833509,-7.183822],[111.833547,-7.183807],[111.833589,-7.183788],[111.833685,-7.183754],[111.83376,-7.183727],[111.833789,-7.183702],[111.833828,-7.18366],[111.833898,-7.183609],[111.833933,-7.183599],[111.834001,-7.183608],[111.83406,-7.183629],[111.834096,-7.183632],[111.834113,-7.183623],[111.834112,-7.183591],[111.834119,-7.183549],[111.834141,-7.183399],[111.834127,-7.183332],[111.834125,-7.183274],[111.834113,-7.183203],[111.834106,-7.183149],[111.834103,-7.183126],[111.834115,-7.183084],[111.834161,-7.18302],[111.834221,-7.182945],[111.834292,-7.182817],[111.834309,-7.182737],[111.83432,-7.18266],[111.834329,-7.182616],[111.834278,-7.182528],[111.834256,-7.182486],[111.834238,-7.182438],[111.83424,-7.18239],[111.834258,-7.182346],[111.834277,-7.182273],[111.834299,-7.182232],[111.834318,-7.182207],[111.834295,-7.182139],[111.834268,-7.182062],[111.83426,-7.181956],[111.834252,-7.18188],[111.834253,-7.181805],[111.834305,-7.18178],[111.834337,-7.181719],[111.834364,-7.181632],[111.834386,-7.181537],[111.834379,-7.1815],[111.834358,-7.181469],[111.834308,-7.181436],[111.834246,-7.181411],[111.834185,-7.181402],[111.834128,-7.181406],[111.834092,-7.181436],[111.83407,-7.181471],[111.834032,-7.181503],[111.833948,-7.181525],[111.833697,-7.181502],[111.8336,-7.181473],[111.833583,-7.18146],[111.83358,-7.181434],[111.833624,-7.181232],[111.833633,-7.181189],[111.833738,-7.180999],[111.833819,-7.180869],[111.833916,-7.180743],[111.833932,-7.180731],[111.833955,-7.180714],[111.833964,-7.180691],[111.83397,-7.180645],[111.833968,-7.180608],[111.833963,-7.180564],[111.833958,-7.180537],[111.833966,-7.180498],[111.833983,-7.180471],[111.834001,-7.180446],[111.834018,-7.180413],[111.834035,-7.180387],[111.83406,-7.180363],[111.834088,-7.180354],[111.834114,-7.180357],[111.83414,-7.180366],[111.834179,-7.180382],[111.834221,-7.18039],[111.834249,-7.18038],[111.834424,-7.180255],[111.834532,-7.180162],[111.834548,-7.180115],[111.834573,-7.18003],[111.834668,-7.179888],[111.834762,-7.17979],[111.834806,-7.179762],[111.834838,-7.179746],[111.835062,-7.179515],[111.835086,-7.179504],[111.83511,-7.179515],[111.835204,-7.179624],[111.835239,-7.179652],[111.835337,-7.179667],[111.835418,-7.179654],[111.83549,-7.179641],[111.83552,-7.179645],[111.835592,-7.179697],[111.835653,-7.179762],[111.835723,-7.179782],[111.836028,-7.179808],[111.836191,-7.179843],[111.836306,-7.180131],[111.836293,-7.180082],[111.83628,-7.18002],[111.836277,-7.179934],[111.836286,-7.179866],[111.836294,-7.179813],[111.836289,-7.179777],[111.83626,-7.179764],[111.836211,-7.179744],[111.836191,-7.179729],[111.836204,-7.179689],[111.836314,-7.17942],[111.836324,-7.179389],[111.836321,-7.179355],[111.836277,-7.179253],[111.836267,-7.179226],[111.836257,-7.179207],[111.836259,-7.179183],[111.836292,-7.179153],[111.836355,-7.179107],[111.836388,-7.179073],[111.836444,-7.178957],[111.836455,-7.178941],[111.836471,-7.178939],[111.836482,-7.178971],[111.836558,-7.179032],[111.836596,-7.179055],[111.836685,-7.179098],[111.836741,-7.179088],[111.83681,-7.179077],[111.836871,-7.179086],[111.836876,-7.179228],[111.836951,-7.179021],[111.836958,-7.178985],[111.836965,-7.178951],[111.836993,-7.178933],[111.837039,-7.17889],[111.837056,-7.178877],[111.837078,-7.178878],[111.837104,-7.178883],[111.837169,-7.178903],[111.837223,-7.178896],[111.837245,-7.1789],[111.83726,-7.178913],[111.837287,-7.178955],[111.837305,-7.178975],[111.837357,-7.179006],[111.837386,-7.178932],[111.837403,-7.178899],[111.837417,-7.178893],[111.837536,-7.178938],[111.837547,-7.178939],[111.837596,-7.178787],[111.83746,-7.178741],[111.837419,-7.178706],[111.837418,-7.178663],[111.837411,-7.178622],[111.837403,-7.178602],[111.837441,-7.178566],[111.837461,-7.17854],[111.837193,-7.178396],[111.83717,-7.178365],[111.837222,-7.178134],[111.837263,-7.178057],[111.83719,-7.178028],[111.837194,-7.178008],[111.837218,-7.177958],[111.837224,-7.177853],[111.837215,-7.177806],[111.837123,-7.177695],[111.837114,-7.177667],[111.83711,-7.17762],[111.837137,-7.17758],[111.837178,-7.177546],[111.837268,-7.177488],[111.837359,-7.177363],[111.837403,-7.17725],[111.837394,-7.177206],[111.83736,-7.17716],[111.83732,-7.177132],[111.837293,-7.177076],[111.83728,-7.176989],[111.837245,-7.176904],[111.837227,-7.176825],[111.837214,-7.176765],[111.837142,-7.176689],[111.837118,-7.176617],[111.837205,-7.176564],[111.837253,-7.176461],[111.837449,-7.176461],[111.837456,-7.176448],[111.8375,-7.176357],[111.837558,-7.176275],[111.837616,-7.176224],[111.837656,-7.176102],[111.837715,-7.176073],[111.837821,-7.176018],[111.837892,-7.175985],[111.837982,-7.175895],[111.838026,-7.175845],[111.838094,-7.175727],[111.838146,-7.175598],[111.838208,-7.175533],[111.838241,-7.175475],[111.83823,-7.175447],[111.838238,-7.175375],[111.838306,-7.175363],[111.838375,-7.175351],[111.838416,-7.175322],[111.838437,-7.175296],[111.838446,-7.175249],[111.83844,-7.175215],[111.838417,-7.175175],[111.838381,-7.175111],[111.83829,-7.175067],[111.838228,-7.174987],[111.838063,-7.174809],[111.837997,-7.174756],[111.83796,-7.1747],[111.838064,-7.174582],[111.838114,-7.174504],[111.838156,-7.174474],[111.838509,-7.174379],[111.838545,-7.174354],[111.838632,-7.174251],[111.838704,-7.174175],[111.83874,-7.174135],[111.838786,-7.174143],[111.83887,-7.174181],[111.838918,-7.174198],[111.838973,-7.174192],[111.839,-7.174167],[111.839087,-7.174099],[111.839107,-7.174039],[111.839132,-7.174012],[111.839144,-7.173984],[111.839146,-7.173955],[111.839168,-7.173795],[111.839189,-7.173645],[111.839206,-7.173487],[111.839125,-7.173461],[111.839098,-7.173406],[111.839054,-7.173251],[111.839036,-7.173134],[111.839029,-7.173026],[111.839039,-7.172936],[111.839058,-7.172828],[111.839136,-7.172774],[111.839269,-7.172543],[111.839269,-7.172498],[111.83925,-7.172441],[111.83923,-7.172375],[111.839153,-7.172312],[111.83909,-7.172233],[111.839087,-7.172205],[111.839102,-7.172129],[111.83912,-7.172085],[111.839148,-7.172076],[111.839174,-7.172077],[111.839209,-7.172078],[111.839224,-7.172057],[111.839271,-7.171947],[111.83929,-7.171833],[111.839316,-7.171725],[111.839343,-7.17171],[111.839383,-7.17171],[111.839419,-7.171719],[111.839451,-7.171725],[111.839463,-7.171692],[111.839472,-7.171671],[111.839491,-7.17166],[111.839525,-7.171657],[111.839564,-7.171657],[111.839575,-7.171636],[111.839651,-7.171367],[111.839662,-7.171251],[111.839655,-7.171225],[111.839636,-7.171208],[111.839591,-7.171194],[111.839477,-7.171107],[111.839454,-7.17103],[111.839364,-7.170867],[111.83936,-7.170823],[111.839382,-7.170769],[111.839402,-7.17075],[111.839501,-7.170686],[111.839547,-7.170688],[111.839599,-7.170694],[111.839642,-7.170674],[111.839709,-7.17064],[111.839794,-7.170626],[111.839819,-7.170619],[111.839847,-7.170588],[111.839862,-7.170571],[111.839868,-7.170527],[111.839888,-7.170489],[111.839953,-7.170409],[111.839956,-7.170387],[111.839967,-7.170338],[111.840073,-7.170131],[111.840151,-7.170055],[111.840179,-7.170021],[111.8402,-7.169977],[111.840184,-7.169912],[111.840166,-7.169851],[111.840114,-7.169811],[111.840029,-7.169791],[111.839946,-7.169777],[111.839882,-7.169784],[111.839745,-7.169856],[111.839656,-7.169919],[111.839576,-7.169963],[111.839499,-7.169982],[111.839424,-7.169971],[111.839382,-7.169922],[111.839333,-7.169835],[111.839272,-7.169676],[111.839263,-7.169554],[111.839266,-7.169433],[111.839272,-7.169411],[111.839289,-7.16937],[111.839315,-7.169344],[111.839352,-7.169332],[111.839383,-7.169334],[111.839422,-7.169347],[111.83951,-7.169376],[111.839584,-7.169374],[111.839633,-7.169365],[111.839691,-7.169313],[111.839738,-7.169223],[111.839749,-7.169186],[111.839721,-7.169045],[111.839689,-7.168953],[111.839689,-7.168859],[111.839713,-7.168774],[111.839764,-7.168659],[111.839835,-7.16856],[111.839881,-7.16854],[111.839937,-7.168517],[111.840025,-7.16851],[111.840067,-7.168517],[111.840243,-7.168502],[111.840301,-7.16847],[111.840331,-7.168433],[111.840363,-7.168332],[111.840342,-7.16828],[111.840311,-7.168238],[111.84016,-7.168069],[111.840132,-7.167995],[111.840109,-7.167893],[111.840111,-7.167849],[111.840119,-7.1678],[111.840141,-7.167741],[111.840194,-7.167675],[111.840245,-7.167639],[111.840316,-7.167605],[111.840415,-7.167503],[111.840492,-7.167413],[111.840524,-7.167342],[111.840521,-7.167317],[111.84052,-7.167285],[111.84052,-7.167266],[111.840534,-7.167209],[111.840591,-7.166993],[111.840626,-7.166857],[111.840631,-7.166835],[111.840631,-7.166818],[111.840651,-7.166758],[111.840697,-7.166657],[111.840762,-7.166423],[111.840789,-7.166235],[111.840802,-7.166074],[111.840803,-7.166012],[111.840817,-7.16596],[111.840841,-7.165916],[111.840869,-7.165874],[111.840909,-7.165803],[111.840934,-7.165763],[111.840982,-7.165717],[111.841057,-7.165658],[111.841113,-7.165611],[111.841175,-7.165559],[111.841215,-7.165458],[111.841232,-7.165379],[111.841248,-7.165337],[111.841252,-7.165286],[111.84124,-7.165244],[111.841215,-7.165217],[111.841206,-7.165179],[111.841214,-7.164957],[111.841218,-7.164922],[111.841231,-7.164876],[111.841289,-7.164634],[111.841333,-7.164475],[111.841453,-7.164069],[111.841496,-7.163926],[111.841521,-7.163843],[111.841507,-7.16381],[111.841485,-7.16376],[111.841485,-7.163651],[111.841472,-7.163561],[111.841423,-7.163408],[111.841398,-7.163336],[111.841382,-7.163283],[111.841373,-7.163246],[111.841373,-7.163214],[111.841435,-7.163095],[111.841458,-7.163062],[111.841502,-7.163034],[111.841616,-7.162995],[111.841747,-7.162965],[111.841853,-7.16294],[111.84191,-7.162912],[111.841965,-7.162885],[111.842025,-7.162829],[111.84211,-7.162757],[111.84218,-7.162707],[111.84227,-7.162646],[111.842331,-7.162606],[111.842349,-7.162597],[111.842388,-7.162597],[111.842464,-7.16261],[111.84249,-7.162623],[111.842504,-7.162643],[111.842509,-7.162654],[111.842593,-7.162602],[111.842675,-7.162556],[111.84274,-7.162519],[111.842781,-7.162499],[111.842823,-7.162479],[111.842861,-7.162462],[111.842881,-7.162451],[111.842901,-7.162445],[111.842922,-7.162444],[111.842946,-7.162449],[111.842971,-7.162457],[111.843009,-7.162469],[111.842978,-7.162459],[111.843019,-7.162386],[111.843044,-7.162403],[111.843058,-7.162436],[111.843099,-7.162531],[111.843104,-7.162563],[111.843102,-7.162593],[111.84308,-7.162719],[111.843072,-7.162795],[111.843075,-7.162873],[111.843091,-7.163012],[111.84311,-7.163047],[111.843155,-7.163112],[111.843189,-7.163152],[111.843256,-7.163203],[111.843299,-7.163225],[111.843332,-7.163231],[111.843393,-7.163253],[111.843421,-7.16327],[111.843504,-7.163323],[111.843543,-7.163342],[111.843608,-7.163379],[111.843669,-7.163419],[111.843702,-7.16346],[111.843773,-7.163547],[111.843794,-7.163599],[111.843853,-7.16368],[111.843877,-7.163704],[111.843911,-7.163718],[111.843915,-7.163718],[111.843915,-7.163718],[111.843977,-7.163725],[111.844063,-7.163726],[111.844094,-7.163725],[111.844158,-7.163702],[111.844206,-7.163672],[111.844238,-7.163633],[111.844501,-7.163061],[111.844585,-7.162907],[111.8446,-7.16289],[111.844623,-7.162876],[111.844677,-7.162851],[111.844735,-7.162831],[111.844787,-7.162829],[111.844842,-7.162838],[111.844878,-7.162852],[111.844911,-7.162872],[111.84493,-7.16289],[111.844968,-7.162917],[111.845011,-7.16295],[111.84507,-7.163001],[111.845139,-7.163089],[111.845191,-7.163156],[111.845239,-7.16319],[111.845324,-7.163235],[111.845393,-7.163258],[111.845445,-7.163268],[111.845475,-7.16326],[111.845515,-7.163244],[111.845523,-7.163234],[111.845541,-7.163211],[111.845552,-7.163197],[111.845562,-7.163152],[111.845562,-7.16311],[111.845572,-7.163068],[111.845566,-7.162955],[111.845564,-7.162857],[111.845568,-7.162757],[111.845571,-7.162686],[111.845582,-7.162615],[111.845592,-7.162559],[111.845634,-7.162487],[111.845681,-7.162424],[111.845712,-7.1624],[111.845752,-7.162381],[111.845784,-7.16237],[111.845818,-7.162359],[111.845856,-7.162362],[111.845895,-7.162367],[111.84594,-7.162382],[111.845977,-7.1624],[111.84601,-7.162418],[111.846046,-7.162448],[111.846046,-7.162448],[111.846058,-7.162458],[111.84608,-7.162488],[111.846109,-7.162555],[111.846143,-7.162652],[111.846205,-7.162784],[111.846253,-7.162832],[111.846299,-7.162851],[111.846428,-7.16283],[111.846636,-7.162811],[111.846634,-7.162761],[111.846616,-7.162074],[111.846624,-7.162028],[111.846663,-7.161957],[111.84672,-7.161886],[111.846779,-7.161797],[111.846857,-7.161728],[111.846933,-7.161659],[111.846969,-7.16163],[111.847009,-7.161625],[111.847039,-7.161628],[111.847075,-7.161652],[111.847125,-7.161692],[111.847164,-7.161736],[111.847174,-7.16177],[111.847176,-7.161873],[111.847149,-7.162067],[111.847166,-7.162126],[111.847201,-7.162173],[111.847251,-7.162193],[111.847304,-7.162211],[111.847357,-7.162223],[111.847388,-7.162232],[111.847489,-7.16232],[111.847544,-7.162356],[111.847566,-7.162362],[111.847608,-7.162295],[111.847601,-7.16229],[111.847598,-7.162263],[111.847609,-7.162195],[111.847656,-7.162172],[111.84771,-7.162121],[111.847771,-7.162025],[111.84781,-7.162014],[111.847831,-7.16196],[111.84783,-7.161953],[111.847814,-7.161932],[111.847812,-7.161893],[111.847794,-7.16181],[111.84777,-7.161703],[111.847766,-7.161648],[111.847771,-7.161634],[111.847799,-7.161583],[111.847821,-7.161535],[111.847862,-7.161474],[111.847895,-7.16144],[111.847948,-7.161391],[111.84799,-7.161367],[111.848039,-7.16135],[111.848077,-7.161318],[111.848113,-7.161306],[111.848184,-7.161288],[111.84827,-7.16124],[111.848372,-7.161162],[111.848462,-7.161102],[111.848539,-7.161052],[111.848573,-7.161032],[111.848614,-7.160998],[111.848639,-7.160965],[111.848668,-7.160902],[111.848685,-7.160863],[111.848698,-7.160797],[111.848698,-7.160764],[111.848709,-7.160706],[111.848705,-7.160657],[111.848701,-7.160567],[111.848689,-7.160491],[111.848699,-7.160463],[111.848728,-7.16043],[111.848758,-7.160369],[111.848817,-7.16031],[111.848886,-7.160241],[111.848945,-7.160202],[111.84901,-7.160169],[111.849088,-7.160146],[111.849093,-7.160144],[111.849093,-7.160144],[111.849203,-7.160103],[111.849272,-7.160083],[111.849323,-7.160069],[111.851475,-7.161469],[111.851475,-7.161469],[111.853728,-7.162935],[111.853654,-7.16308],[111.853316,-7.162882],[111.853225,-7.163088],[111.852934,-7.162967],[111.852872,-7.163671],[111.852932,-7.163674],[111.852875,-7.164431],[111.85246,-7.164387],[111.852092,-7.164377]],[[111.843852,-7.163795],[111.843852,-7.163795],[111.843864,-7.163805],[111.843852,-7.163795]],[[111.8455,-7.163306],[111.8455,-7.163306],[111.845543,-7.163304],[111.8455,-7.163306]]]]}},{"type":"Feature","properties":{"GM_LAYER":"Unknown Area Type","id":null,"LAYER":"Unknown Area Type","MAP_NAME":"Sawah","PERIMETER":"1.55 km","ENCLOSED_A":"11.436 ha","ISLAND_ARE":null,"LENGTH":null,"WIDTH":null},"geometry":{"type":"MultiPolygon","coordinates":[[[[111.804213,-7.178929],[111.804301,-7.178683],[111.804053,-7.178573],[111.804197,-7.176081],[111.804395,-7.176086],[111.80439,-7.173367],[111.804809,-7.173443],[111.804962,-7.173481],[111.805024,-7.173536],[111.805096,-7.173563],[111.805181,-7.173592],[111.805181,-7.173592],[111.805258,-7.173618],[111.805367,-7.173641],[111.805671,-7.173804],[111.805699,-7.17385],[111.805935,-7.174004],[111.806092,-7.174143],[111.8064,-7.174388],[111.806082,-7.177572],[111.805512,-7.178169],[111.804622,-7.179101],[111.804608,-7.179111],[111.804593,-7.179108],[111.8044,-7.179017],[111.804213,-7.178929]]]]}},{"type":"Feature","properties":{"GM_LAYER":"Unknown Area Type","id":null,"LAYER":"Unknown Area Type","MAP_NAME":"Sawah","PERIMETER":"365.94 m","ENCLOSED_A":"0.789 ha","ISLAND_ARE":null,"LENGTH":null,"WIDTH":null},"geometry":{"type":"MultiPolygon","coordinates":[[[[111.849423,-7.21236],[111.849423,-7.212334],[111.849406,-7.212277],[111.849386,-7.212261],[111.849352,-7.212256],[111.849219,-7.212266],[111.849083,-7.212245],[111.848758,-7.212229],[111.848749,-7.212225],[111.848752,-7.212181],[111.848752,-7.212181],[111.848789,-7.211531],[111.849288,-7.211545],[111.849624,-7.211617],[111.849658,-7.211627],[111.849682,-7.211645],[111.849669,-7.211856],[111.849669,-7.211856],[111.849636,-7.212383],[111.849447,-7.212368],[111.84943,-7.212366],[111.849423,-7.21236]]]]}},{"type":"Feature","properties":{"GM_LAYER":"Unknown Area Type","id":null,"LAYER":"Unknown Area Type","MAP_NAME":"Sawah","PERIMETER":"266.04 m","ENCLOSED_A":"0.3616 ha","ISLAND_ARE":null,"LENGTH":null,"WIDTH":null},"geometry":{"type":"MultiPolygon","coordinates":[[[[111.849296,-7.211175],[111.84971,-7.211211],[111.849687,-7.21158],[111.849674,-7.211589],[111.849663,-7.211594],[111.849647,-7.211597],[111.849606,-7.21159],[111.849294,-7.211522],[111.849285,-7.211521],[111.848945,-7.211508],[111.849016,-7.211025],[111.84903,-7.211024],[111.849251,-7.211055],[111.849263,-7.211066],[111.849269,-7.211091],[111.849265,-7.211146],[111.849274,-7.211166],[111.849296,-7.211175]]]]}},{"type":"Feature","properties":{"GM_LAYER":"Unknown Area Type","id":null,"LAYER":"Unknown Area Type","MAP_NAME":"Sawah","PERIMETER":"2.015 km","ENCLOSED_A":"5.01 ha","ISLAND_ARE":null,"LENGTH":null,"WIDTH":null},"geometry":{"type":"MultiPolygon","coordinates":[[[[111.849768,-7.208153],[111.849838,-7.208162],[111.849826,-7.208308],[111.849499,-7.208259],[111.849211,-7.208235],[111.849173,-7.208227],[111.849143,-7.208214],[111.849106,-7.208208],[111.849105,-7.208244],[111.849091,-7.208408],[111.849091,-7.208419],[111.849089,-7.208428],[111.849498,-7.208459],[111.849498,-7.208518],[111.849494,-7.208569],[111.849492,-7.208599],[111.849478,-7.20873],[111.849476,-7.208762],[111.849593,-7.208773],[111.849609,-7.208779],[111.849589,-7.209],[111.849586,-7.209038],[111.84958,-7.20905],[111.849406,-7.209037],[111.849391,-7.209246],[111.849391,-7.209246],[111.849391,-7.209251],[111.849388,-7.209298],[111.849473,-7.209303],[111.849467,-7.209394],[111.849466,-7.209442],[111.849395,-7.209437],[111.849331,-7.209439],[111.84929,-7.209444],[111.849269,-7.209734],[111.849271,-7.209781],[111.849271,-7.209826],[111.849319,-7.209832],[111.84943,-7.20984],[111.849488,-7.209852],[111.849499,-7.209857],[111.849493,-7.209956],[111.849485,-7.210019],[111.849474,-7.210059],[111.849275,-7.210039],[111.849291,-7.209923],[111.849188,-7.209909],[111.849182,-7.209966],[111.84917,-7.210024],[111.849139,-7.210025],[111.849067,-7.21001],[111.849043,-7.209999],[111.848788,-7.209949],[111.848755,-7.209964],[111.848739,-7.210034],[111.84872,-7.21009],[111.848547,-7.210058],[111.848521,-7.21005],[111.84851,-7.210049],[111.848486,-7.210171],[111.848479,-7.210185],[111.84833,-7.210145],[111.848316,-7.210122],[111.848314,-7.210072],[111.848384,-7.209792],[111.848562,-7.209832],[111.848601,-7.209695],[111.848417,-7.209654],[111.848224,-7.209605],[111.848055,-7.209543],[111.848032,-7.209517],[111.848001,-7.209468],[111.848001,-7.20942],[111.848015,-7.209357],[111.848046,-7.209281],[111.848067,-7.209226],[111.848034,-7.209207],[111.847896,-7.209167],[111.847871,-7.209171],[111.847809,-7.209154],[111.847759,-7.209132],[111.847721,-7.209217],[111.847698,-7.209278],[111.84768,-7.20933],[111.84768,-7.20933],[111.847678,-7.209336],[111.84769,-7.209349],[111.847699,-7.209361],[111.847724,-7.209361],[111.847748,-7.209366],[111.847914,-7.209428],[111.847968,-7.209455],[111.847964,-7.209503],[111.847964,-7.209503],[111.847943,-7.209558],[111.847877,-7.209727],[111.8477,-7.209671],[111.847435,-7.209589],[111.847351,-7.209566],[111.847261,-7.209557],[111.847177,-7.20952],[111.847112,-7.209603],[111.846564,-7.209465],[111.846625,-7.209325],[111.846653,-7.209255],[111.846677,-7.209197],[111.846704,-7.209144],[111.84672,-7.209114],[111.846752,-7.209065],[111.846771,-7.209034],[111.846791,-7.209008],[111.846811,-7.208987],[111.846831,-7.208969],[111.846851,-7.208955],[111.846866,-7.208945],[111.846881,-7.208938],[111.846899,-7.208932],[111.846913,-7.208932],[111.846924,-7.208932],[111.846941,-7.208936],[111.846988,-7.208953],[111.847032,-7.20897],[111.847119,-7.208996],[111.847176,-7.209014],[111.847189,-7.209019],[111.847209,-7.209021],[111.84723,-7.20902],[111.847242,-7.209018],[111.847249,-7.209016],[111.847256,-7.209012],[111.847275,-7.208996],[111.847298,-7.208964],[111.847322,-7.208892],[111.847354,-7.208744],[111.847375,-7.208638],[111.847406,-7.208521],[111.84742,-7.208457],[111.84743,-7.208419],[111.847453,-7.208392],[111.847483,-7.208381],[111.847534,-7.208391],[111.847566,-7.208396],[111.847602,-7.208396],[111.847623,-7.208392],[111.847636,-7.208384],[111.847649,-7.208373],[111.847657,-7.208361],[111.847662,-7.20835],[111.847663,-7.208347],[111.847671,-7.208329],[111.847679,-7.208293],[111.84768,-7.208268],[111.847682,-7.208166],[111.847682,-7.208166],[111.847682,-7.208161],[111.847687,-7.208107],[111.847699,-7.208107],[111.847694,-7.208319],[111.847643,-7.208398],[111.847591,-7.208404],[111.847515,-7.208396],[111.84747,-7.208397],[111.84745,-7.208407],[111.847438,-7.208426],[111.847363,-7.208731],[111.847318,-7.20896],[111.847295,-7.209012],[111.847256,-7.20905],[111.847459,-7.209127],[111.847465,-7.2091],[111.84752,-7.209085],[111.84755,-7.209062],[111.8476,-7.209007],[111.847631,-7.208951],[111.847682,-7.208857],[111.847757,-7.208887],[111.847834,-7.208664],[111.847883,-7.208681],[111.847932,-7.20849],[111.847981,-7.208456],[111.848016,-7.208432],[111.848062,-7.208423],[111.84809,-7.208428],[111.848181,-7.208376],[111.848241,-7.208338],[111.848275,-7.208287],[111.848288,-7.208231],[111.848259,-7.20819],[111.848202,-7.20816],[111.848202,-7.20816],[111.848202,-7.20816],[111.84817,-7.208145],[111.848158,-7.208124],[111.848152,-7.208113],[111.848146,-7.208071],[111.848178,-7.207942],[111.847974,-7.207898],[111.848004,-7.207706],[111.848016,-7.207685],[111.848104,-7.207664],[111.848163,-7.20765],[111.848196,-7.207284],[111.848731,-7.207398],[111.848761,-7.207413],[111.848775,-7.20742],[111.848766,-7.207442],[111.848811,-7.207458],[111.848832,-7.207454],[111.848847,-7.207448],[111.848873,-7.207462],[111.848902,-7.207471],[111.84893,-7.207479],[111.848954,-7.207483],[111.848959,-7.207485],[111.848963,-7.207485],[111.84896,-7.207499],[111.848947,-7.207549],[111.848942,-7.207568],[111.848996,-7.207578],[111.849186,-7.207622],[111.849195,-7.207626],[111.849191,-7.207647],[111.84918,-7.207695],[111.849166,-7.207772],[111.849161,-7.207808],[111.849154,-7.207873],[111.849153,-7.207879],[111.849201,-7.20789],[111.849244,-7.207896],[111.849291,-7.207904],[111.849357,-7.207918],[111.849394,-7.207924],[111.849441,-7.207934],[111.84947,-7.20794],[111.849503,-7.207949],[111.849531,-7.207952],[111.849523,-7.207998],[111.849513,-7.208057],[111.849508,-7.208117],[111.84956,-7.208123],[111.84961,-7.208133],[111.849661,-7.20814],[111.849721,-7.208148],[111.849768,-7.208153]]],[[[111.847232,-7.209334],[111.847157,-7.209512],[111.847232,-7.209334],[111.847232,-7.209334]]]]}},{"type":"Feature","properties":{"GM_LAYER":"Unknown Area Type","id":null,"LAYER":"Unknown Area Type","MAP_NAME":"Sawah","PERIMETER":"633.59 m","ENCLOSED_A":"1.382 ha","ISLAND_ARE":null,"LENGTH":null,"WIDTH":null},"geometry":{"type":"MultiPolygon","coordinates":[[[[111.850463,-7.203371],[111.850469,-7.203397],[111.850273,-7.204088],[111.85025,-7.20413],[111.850236,-7.204131],[111.85022,-7.20413],[111.850209,-7.20413],[111.85019,-7.204123],[111.849961,-7.203996],[111.849915,-7.203974],[111.849899,-7.203966],[111.849891,-7.20397],[111.849884,-7.203985],[111.84987,-7.204021],[111.84987,-7.204036],[111.84986,-7.204061],[111.849836,-7.204096],[111.849807,-7.20414],[111.849787,-7.204151],[111.849636,-7.20439],[111.849617,-7.204394],[111.849397,-7.204344],[111.849386,-7.204352],[111.849247,-7.204519],[111.849206,-7.204529],[111.84918,-7.204534],[111.849162,-7.204535],[111.848969,-7.204443],[111.848763,-7.204342],[111.848759,-7.204338],[111.848757,-7.204332],[111.848777,-7.204294],[111.848793,-7.204262],[111.848787,-7.204255],[111.848771,-7.204116],[111.848773,-7.204106],[111.848782,-7.204076],[111.84878,-7.204071],[111.848779,-7.204067],[111.848721,-7.20398],[111.848702,-7.203963],[111.848676,-7.203923],[111.848668,-7.203912],[111.848663,-7.203899],[111.848686,-7.20385],[111.848692,-7.203848],[111.8487,-7.203847],[111.848712,-7.203843],[111.848731,-7.20384],[111.848744,-7.20384],[111.848755,-7.203843],[111.848919,-7.203902],[111.848966,-7.203918],[111.848974,-7.203916],[111.848982,-7.203906],[111.849038,-7.203798],[111.849043,-7.203796],[111.849049,-7.203795],[111.849264,-7.203883],[111.849271,-7.203871],[111.849276,-7.203853],[111.849286,-7.203846],[111.849372,-7.203878],[111.8494,-7.203888],[111.84942,-7.203904],[111.849427,-7.203916],[111.849438,-7.203919],[111.849476,-7.203911],[111.849603,-7.203704],[111.849624,-7.203665],[111.849658,-7.203441],[111.849661,-7.203438],[111.849666,-7.203435],[111.84967,-7.203434],[111.849688,-7.203262],[111.849693,-7.203254],[111.849706,-7.203247],[111.849721,-7.203242],[111.849746,-7.203234],[111.849848,-7.203241],[111.849915,-7.203245],[111.849937,-7.203248],[111.849962,-7.203254],[111.849957,-7.203231],[111.849956,-7.203223],[111.84996,-7.203221],[111.85042,-7.20334],[111.850448,-7.203352],[111.850458,-7.203358],[111.850463,-7.203371]]]]}},{"type":"Feature","properties":{"GM_LAYER":"Unknown Area Type","id":null,"LAYER":"Unknown Area Type","MAP_NAME":"Sawah","PERIMETER":"1.268 km","ENCLOSED_A":"1.779 ha","ISLAND_ARE":null,"LENGTH":null,"WIDTH":null},"geometry":{"type":"MultiPolygon","coordinates":[[[[111.853916,-7.158145],[111.854278,-7.158056],[111.854243,-7.158234],[111.853964,-7.15821],[111.853881,-7.158572],[111.853702,-7.158554],[111.853651,-7.15887],[111.853294,-7.158817],[111.853295,-7.159192],[111.852331,-7.159197],[111.85226,-7.159534],[111.85186,-7.159448],[111.85165,-7.160047],[111.85159,-7.159967],[111.851589,-7.159835],[111.851585,-7.159671],[111.85142,-7.159601],[111.85134,-7.1597],[111.851158,-7.159777],[111.850592,-7.159578],[111.850461,-7.159652],[111.850346,-7.159734],[111.850028,-7.160004],[111.849997,-7.16003],[111.849982,-7.16002],[111.850011,-7.159988],[111.850452,-7.159604],[111.850547,-7.159555],[111.850828,-7.159463],[111.851194,-7.159351],[111.851546,-7.159239],[111.851674,-7.159224],[111.851794,-7.1592],[111.851967,-7.15915],[111.852248,-7.159017],[111.852603,-7.158835],[111.852801,-7.158727],[111.852997,-7.158612],[111.853171,-7.158506],[111.853356,-7.158395],[111.853668,-7.158232],[111.853916,-7.158145]]]]}},{"type":"Feature","properties":{"GM_LAYER":"Unknown Area Type","id":null,"LAYER":"Unknown Area Type","MAP_NAME":"Sawah","PERIMETER":"2.482 km","ENCLOSED_A":"15.687 ha","ISLAND_ARE":null,"LENGTH":null,"WIDTH":null},"geometry":{"type":"MultiPolygon","coordinates":[[[[111.854133,-7.156726],[111.854137,-7.156735],[111.854335,-7.156851],[111.854337,-7.156855],[111.854197,-7.157036],[111.854203,-7.157046],[111.854208,-7.157051],[111.854205,-7.157065],[111.854197,-7.157084],[111.854178,-7.157112],[111.854164,-7.15713],[111.854155,-7.15714],[111.85414,-7.157144],[111.854125,-7.157139],[111.854108,-7.157131],[111.854094,-7.157124],[111.854069,-7.157138],[111.854045,-7.157148],[111.854027,-7.157156],[111.854015,-7.157163],[111.853997,-7.157166],[111.853993,-7.15717],[111.853938,-7.157133],[111.853917,-7.157161],[111.853899,-7.157177],[111.853738,-7.157201],[111.853656,-7.157224],[111.853535,-7.157301],[111.853428,-7.157351],[111.853345,-7.157397],[111.853237,-7.157504],[111.853217,-7.157556],[111.853217,-7.157575],[111.853177,-7.157643],[111.853107,-7.15776],[111.853264,-7.157923],[111.853148,-7.157979],[111.853058,-7.158109],[111.85292,-7.158228],[111.852794,-7.158352],[111.852661,-7.158447],[111.85254,-7.158453],[111.852451,-7.158512],[111.852375,-7.15858],[111.852292,-7.158623],[111.852193,-7.158623],[111.852111,-7.158683],[111.852047,-7.158722],[111.852002,-7.158779],[111.851927,-7.158829],[111.851862,-7.158841],[111.85176,-7.158893],[111.851678,-7.158919],[111.851631,-7.158918],[111.851584,-7.158892],[111.851525,-7.158811],[111.8515,-7.158746],[111.851478,-7.158683],[111.851435,-7.158615],[111.851374,-7.158552],[111.851334,-7.158449],[111.851323,-7.15838],[111.851327,-7.15832],[111.851345,-7.158266],[111.851341,-7.158198],[111.851358,-7.158167],[111.851482,-7.158118],[111.851546,-7.158076],[111.851558,-7.158011],[111.851549,-7.157945],[111.851512,-7.157856],[111.851426,-7.157757],[111.851334,-7.157664],[111.851254,-7.157597],[111.851136,-7.157569],[111.851031,-7.157582],[111.850953,-7.157583],[111.850848,-7.157628],[111.850793,-7.157664],[111.850746,-7.157693],[111.850715,-7.157726],[111.850713,-7.157765],[111.850701,-7.157807],[111.850665,-7.157835],[111.850604,-7.157828],[111.85055,-7.157816],[111.850525,-7.157829],[111.850476,-7.157891],[111.850468,-7.157955],[111.850448,-7.158019],[111.850381,-7.15811],[111.850321,-7.158204],[111.850335,-7.158306],[111.850404,-7.158415],[111.850457,-7.158457],[111.850541,-7.158515],[111.85059,-7.158632],[111.850592,-7.15885],[111.850565,-7.159018],[111.850527,-7.159068],[111.850469,-7.159083],[111.850399,-7.159092],[111.850329,-7.15911],[111.850298,-7.159127],[111.850239,-7.159159],[111.85011,-7.159206],[111.850015,-7.159249],[111.84992,-7.159282],[111.849831,-7.159313],[111.849831,-7.159313],[111.849787,-7.159328],[111.849713,-7.159333],[111.849669,-7.159334],[111.84963,-7.159346],[111.849607,-7.15935],[111.849552,-7.159387],[111.849519,-7.159406],[111.849482,-7.159455],[111.849472,-7.159478],[111.849436,-7.159528],[111.849395,-7.159596],[111.849392,-7.15961],[111.849387,-7.159626],[111.849322,-7.159583],[111.849476,-7.159372],[111.849427,-7.15932],[111.849385,-7.159315],[111.849208,-7.15923],[111.849186,-7.159219],[111.849189,-7.15919],[111.849186,-7.159183],[111.849176,-7.15918],[111.849142,-7.159191],[111.849132,-7.159193],[111.849122,-7.159195],[111.849066,-7.159159],[111.849099,-7.159106],[111.849083,-7.159083],[111.849049,-7.159075],[111.849007,-7.159077],[111.848945,-7.159043],[111.848935,-7.159058],[111.848897,-7.159116],[111.848886,-7.159138],[111.84888,-7.159147],[111.84887,-7.15915],[111.848457,-7.15888],[111.848436,-7.158875],[111.84793,-7.15855],[111.847905,-7.158529],[111.8479,-7.158511],[111.848049,-7.158227],[111.848025,-7.158213],[111.847819,-7.158134],[111.847819,-7.158124],[111.847822,-7.158107],[111.847921,-7.157793],[111.847927,-7.157787],[111.847942,-7.157785],[111.848326,-7.157945],[111.848373,-7.157868],[111.848415,-7.15779],[111.848425,-7.157792],[111.848474,-7.157814],[111.848557,-7.157647],[111.848628,-7.157484],[111.848754,-7.157275],[111.848848,-7.15713],[111.84896,-7.156984],[111.848969,-7.156985],[111.848982,-7.156987],[111.848992,-7.156981],[111.849011,-7.156995],[111.849039,-7.157007],[111.849082,-7.157023],[111.849262,-7.157081],[111.84931,-7.157095],[111.849343,-7.157102],[111.849359,-7.157097],[111.849373,-7.15709],[111.849392,-7.157078],[111.849413,-7.15706],[111.849418,-7.157052],[111.849486,-7.156929],[111.849494,-7.156913],[111.849514,-7.156896],[111.849532,-7.156887],[111.849551,-7.156883],[111.849567,-7.156882],[111.84958,-7.156886],[111.849645,-7.156912],[111.849678,-7.156929],[111.849708,-7.156948],[111.849772,-7.156989],[111.849899,-7.157066],[111.849935,-7.157088],[111.850002,-7.157109],[111.850022,-7.157108],[111.850045,-7.157106],[111.850059,-7.157099],[111.85007,-7.157092],[111.850095,-7.157059],[111.850126,-7.157007],[111.850155,-7.156969],[111.850176,-7.156948],[111.850191,-7.156933],[111.850279,-7.156878],[111.850313,-7.15685],[111.850328,-7.156833],[111.850334,-7.156803],[111.850339,-7.156776],[111.850393,-7.156133],[111.850399,-7.156117],[111.850408,-7.156102],[111.850423,-7.156094],[111.850441,-7.156087],[111.850481,-7.156085],[111.850569,-7.156095],[111.850648,-7.156105],[111.850732,-7.156109],[111.850758,-7.156106],[111.850785,-7.156091],[111.85081,-7.15607],[111.850817,-7.15605],[111.850825,-7.156024],[111.850833,-7.155992],[111.850851,-7.155879],[111.85086,-7.155818],[111.850874,-7.155784],[111.850898,-7.155766],[111.850927,-7.155758],[111.850962,-7.155758],[111.850995,-7.155762],[111.851022,-7.155773],[111.851051,-7.155788],[111.851076,-7.155803],[111.85113,-7.155832],[111.851208,-7.155862],[111.851251,-7.155874],[111.851291,-7.155881],[111.851348,-7.155887],[111.851534,-7.155907],[111.851756,-7.155922],[111.852024,-7.155933],[111.852263,-7.155939],[111.852328,-7.155939],[111.852361,-7.155934],[111.852373,-7.155933],[111.852411,-7.15591],[111.852417,-7.155944],[111.852449,-7.15586],[111.852485,-7.155707],[111.852523,-7.155533],[111.85255,-7.155479],[111.852564,-7.155465],[111.852576,-7.155457],[111.852605,-7.155442],[111.852663,-7.155428],[111.852814,-7.155422],[111.852914,-7.155429],[111.853302,-7.155479],[111.853424,-7.1555],[111.853479,-7.155505],[111.853588,-7.155513],[111.853595,-7.155547],[111.85361,-7.155657],[111.85361,-7.155686],[111.853591,-7.155788],[111.853548,-7.155926],[111.853518,-7.156005],[111.853521,-7.156013],[111.853536,-7.156017],[111.853726,-7.156098],[111.853866,-7.156148],[111.853902,-7.156164],[111.853934,-7.156182],[111.853969,-7.156205],[111.854012,-7.15623],[111.854257,-7.156347],[111.854274,-7.156367],[111.854294,-7.156394],[111.854324,-7.156427],[111.854324,-7.156447],[111.854311,-7.156477],[111.854133,-7.156726]],[[111.850248,-7.15691],[111.850258,-7.156905],[111.850309,-7.156874],[111.850248,-7.15691]]]]}},{"type":"Feature","properties":{"GM_LAYER":"Unknown Area Type","id":null,"LAYER":"Unknown Area Type","MAP_NAME":"Sawah","PERIMETER":"181.21 m","ENCLOSED_A":"0.1989 ha","ISLAND_ARE":null,"LENGTH":null,"WIDTH":null},"geometry":{"type":"MultiPolygon","coordinates":[[[[111.848648,-7.157197],[111.848678,-7.157216],[111.848671,-7.157242],[111.848658,-7.157277],[111.848649,-7.157312],[111.848631,-7.157365],[111.848588,-7.157456],[111.848563,-7.157486],[111.848543,-7.157484],[111.848297,-7.157388],[111.848099,-7.1573],[111.848084,-7.157283],[111.848082,-7.157273],[111.848088,-7.157261],[111.848189,-7.157014],[111.848648,-7.157197]]]]}},{"type":"Feature","properties":{"GM_LAYER":"Unknown Area Type","id":null,"LAYER":"Unknown Area Type","MAP_NAME":"Sawah","PERIMETER":"124.26 m","ENCLOSED_A":"0.1023 ha","ISLAND_ARE":null,"LENGTH":null,"WIDTH":null},"geometry":{"type":"MultiPolygon","coordinates":[[[[111.848869,-7.156894],[111.848889,-7.156919],[111.848889,-7.156949],[111.848874,-7.156972],[111.84878,-7.15711],[111.848761,-7.157131],[111.848715,-7.157113],[111.848499,-7.156999],[111.848495,-7.156991],[111.848505,-7.156972],[111.848608,-7.156776],[111.848613,-7.156771],[111.848636,-7.156772],[111.848753,-7.156835],[111.848836,-7.156869],[111.848869,-7.156894]]]]}},{"type":"Feature","properties":{"GM_LAYER":"Unknown Area Type","id":null,"LAYER":"Unknown Area Type","MAP_NAME":"Sawah","PERIMETER":"1.205 km","ENCLOSED_A":"1.954 ha","ISLAND_ARE":null,"LENGTH":null,"WIDTH":null},"geometry":{"type":"MultiPolygon","coordinates":[[[[111.854151,-7.205324],[111.854152,-7.205319],[111.854246,-7.20533],[111.854263,-7.205328],[111.854274,-7.205324],[111.85428,-7.205313],[111.854288,-7.205275],[111.854298,-7.205217],[111.854332,-7.205052],[111.854338,-7.205037],[111.854355,-7.205017],[111.854396,-7.204998],[111.854419,-7.20499],[111.854423,-7.204975],[111.854434,-7.20491],[111.854465,-7.204741],[111.854491,-7.204585],[111.854514,-7.204484],[111.854538,-7.204435],[111.854573,-7.204384],[111.854624,-7.204227],[111.85464,-7.204137],[111.854645,-7.2041],[111.854657,-7.203973],[111.854648,-7.203956],[111.854637,-7.203945],[111.854501,-7.203908],[111.854375,-7.203868],[111.854246,-7.204166],[111.854227,-7.204279],[111.85423,-7.204286],[111.854232,-7.204323],[111.854225,-7.20439],[111.854217,-7.204442],[111.854189,-7.204658],[111.854183,-7.204662],[111.854175,-7.204667],[111.854123,-7.204663],[111.854049,-7.204654],[111.853962,-7.204652],[111.853893,-7.204636],[111.853887,-7.204648],[111.853885,-7.204664],[111.853884,-7.204698],[111.853874,-7.204717],[111.853851,-7.204726],[111.853775,-7.204744],[111.853721,-7.204755],[111.853641,-7.204758],[111.85358,-7.204745],[111.853548,-7.204733],[111.853481,-7.204717],[111.853459,-7.204714],[111.853456,-7.204728],[111.853444,-7.204758],[111.853427,-7.204788],[111.853418,-7.204794],[111.853405,-7.204793],[111.853377,-7.204781],[111.85334,-7.204766],[111.853314,-7.204758],[111.853294,-7.204763],[111.853287,-7.204777],[111.853279,-7.20481],[111.853246,-7.205006],[111.853242,-7.205012],[111.853232,-7.205016],[111.85322,-7.205017],[111.853122,-7.205002],[111.853089,-7.204992],[111.853059,-7.204979],[111.853047,-7.204964],[111.853003,-7.205096],[111.852991,-7.205108],[111.852975,-7.205109],[111.852709,-7.205012],[111.852699,-7.205017],[111.852688,-7.205029],[111.852684,-7.205039],[111.852677,-7.205073],[111.852668,-7.205101],[111.852654,-7.205131],[111.852634,-7.205165],[111.852619,-7.205183],[111.852614,-7.205186],[111.852608,-7.205185],[111.852555,-7.205159],[111.852528,-7.20514],[111.852512,-7.20511],[111.852483,-7.205076],[111.852483,-7.205076],[111.852462,-7.205051],[111.852418,-7.20501],[111.852387,-7.204979],[111.852365,-7.204968],[111.852339,-7.204964],[111.852307,-7.204964],[111.852273,-7.204967],[111.852271,-7.204967],[111.85227,-7.204965],[111.852264,-7.204922],[111.852258,-7.204855],[111.85226,-7.204807],[111.852268,-7.204744],[111.85229,-7.204689],[111.852336,-7.204597],[111.852312,-7.204582],[111.852294,-7.20457],[111.852282,-7.204554],[111.852275,-7.204544],[111.852273,-7.204532],[111.852389,-7.204147],[111.852406,-7.20413],[111.852424,-7.204118],[111.852453,-7.204112],[111.852493,-7.204109],[111.85272,-7.204115],[111.852732,-7.204108],[111.852744,-7.204105],[111.852766,-7.2041],[111.852789,-7.204096],[111.852888,-7.20411],[111.852966,-7.204128],[111.853122,-7.204163],[111.853141,-7.20416],[111.853148,-7.204152],[111.853154,-7.204125],[111.85316,-7.204052],[111.853163,-7.204027],[111.85317,-7.204024],[111.853184,-7.204023],[111.853235,-7.204028],[111.853299,-7.204035],[111.853386,-7.204052],[111.853494,-7.204078],[111.853519,-7.204092],[111.85369,-7.204121],[111.853712,-7.204122],[111.853724,-7.20412],[111.853732,-7.204118],[111.853739,-7.204106],[111.853801,-7.203966],[111.853809,-7.203951],[111.853813,-7.20395],[111.85397,-7.203991],[111.853953,-7.204047],[111.85411,-7.2041],[111.854208,-7.203822],[111.854111,-7.203783],[111.854078,-7.203769],[111.854084,-7.203756],[111.854114,-7.203768],[111.854205,-7.203801],[111.854214,-7.203804],[111.854378,-7.203857],[111.854393,-7.203862],[111.854506,-7.203892],[111.854636,-7.203927],[111.854649,-7.203935],[111.854657,-7.203944],[111.854662,-7.203952],[111.854665,-7.203958],[111.854666,-7.20397],[111.854653,-7.204064],[111.854629,-7.204234],[111.85462,-7.204295],[111.854602,-7.204352],[111.854588,-7.204395],[111.854572,-7.20441],[111.854556,-7.204434],[111.85454,-7.20446],[111.854529,-7.204487],[111.854519,-7.204527],[111.854511,-7.204571],[111.854428,-7.204979],[111.854428,-7.204991],[111.854412,-7.205],[111.854379,-7.205015],[111.854358,-7.205028],[111.854344,-7.205044],[111.854337,-7.205068],[111.854328,-7.205105],[111.854319,-7.205145],[111.854289,-7.205301],[111.854285,-7.205317],[111.854279,-7.205326],[111.85427,-7.205333],[111.854254,-7.205336],[111.854151,-7.205324]]]]}},{"type":"Feature","properties":{"GM_LAYER":"Unknown Area Type","id":null,"LAYER":"Unknown Area Type","MAP_NAME":"Sawah","PERIMETER":"4.306 km","ENCLOSED_A":"31.891 ha","ISLAND_ARE":null,"LENGTH":null,"WIDTH":null},"geometry":{"type":"MultiPolygon","coordinates":[[[[111.855378,-7.153298],[111.855452,-7.153339],[111.855379,-7.153719],[111.855362,-7.153745],[111.855327,-7.153818],[111.855282,-7.154274],[111.855254,-7.154278],[111.855086,-7.154253],[111.854985,-7.154238],[111.854963,-7.154251],[111.854956,-7.154267],[111.854868,-7.154546],[111.85482,-7.154731],[111.854787,-7.154785],[111.854748,-7.154895],[111.854748,-7.154913],[111.854771,-7.15493],[111.854807,-7.154944],[111.854846,-7.154965],[111.85488,-7.154996],[111.854894,-7.155],[111.854947,-7.155016],[111.854988,-7.155016],[111.855012,-7.155013],[111.855022,-7.155007],[111.855108,-7.155025],[111.855071,-7.155152],[111.855038,-7.155141],[111.855024,-7.155138],[111.855019,-7.15514],[111.855013,-7.155158],[111.855007,-7.155178],[111.854872,-7.15513],[111.854863,-7.155132],[111.854853,-7.155158],[111.854832,-7.155221],[111.854826,-7.155221],[111.85482,-7.155227],[111.854796,-7.155322],[111.854771,-7.155311],[111.854685,-7.155282],[111.854649,-7.155278],[111.854646,-7.155279],[111.854604,-7.155416],[111.854602,-7.155424],[111.854596,-7.155427],[111.854571,-7.155416],[111.854439,-7.155365],[111.854366,-7.155341],[111.8543,-7.15532],[111.854263,-7.155317],[111.854187,-7.155328],[111.854139,-7.155334],[111.854031,-7.155367],[111.853941,-7.155398],[111.853934,-7.155399],[111.853931,-7.155364],[111.853906,-7.155201],[111.853892,-7.15518],[111.853589,-7.155229],[111.853533,-7.155245],[111.853505,-7.155247],[111.853484,-7.155253],[111.853478,-7.155265],[111.853508,-7.155445],[111.853434,-7.155439],[111.853332,-7.155426],[111.853163,-7.155402],[111.853159,-7.155401],[111.853155,-7.155392],[111.853164,-7.1552],[111.853073,-7.155192],[111.85306,-7.155359],[111.85305,-7.155359],[111.853036,-7.155374],[111.853032,-7.155381],[111.85288,-7.155364],[111.852792,-7.155359],[111.852701,-7.155365],[111.852644,-7.155372],[111.852602,-7.155384],[111.852533,-7.155406],[111.852506,-7.15542],[111.85249,-7.155432],[111.852465,-7.155502],[111.852379,-7.155846],[111.852392,-7.155853],[111.852374,-7.155874],[111.852351,-7.155892],[111.852298,-7.155896],[111.85213,-7.155894],[111.851714,-7.155876],[111.851521,-7.15586],[111.851425,-7.155852],[111.851322,-7.155842],[111.851266,-7.155832],[111.851232,-7.155823],[111.851173,-7.155802],[111.851142,-7.155788],[111.851072,-7.155749],[111.851042,-7.155732],[111.851011,-7.155718],[111.850977,-7.155713],[111.850944,-7.155713],[111.850919,-7.155715],[111.850889,-7.155719],[111.850867,-7.155726],[111.850849,-7.155736],[111.850835,-7.155751],[111.850826,-7.155767],[111.85082,-7.15578],[111.85081,-7.155856],[111.85079,-7.155998],[111.850784,-7.156013],[111.850774,-7.156027],[111.850765,-7.156038],[111.850751,-7.156051],[111.850733,-7.156059],[111.850711,-7.156062],[111.850559,-7.15605],[111.850472,-7.156044],[111.85043,-7.156045],[111.850403,-7.15605],[111.850389,-7.156054],[111.850379,-7.156062],[111.850369,-7.156074],[111.850361,-7.156089],[111.850353,-7.156116],[111.850296,-7.156776],[111.850291,-7.156794],[111.850285,-7.156809],[111.850274,-7.156825],[111.850258,-7.156838],[111.850211,-7.156867],[111.850187,-7.156882],[111.850156,-7.156903],[111.850145,-7.156912],[111.850108,-7.156956],[111.850079,-7.157007],[111.850049,-7.157045],[111.850031,-7.157053],[111.85001,-7.157058],[111.849986,-7.157058],[111.84996,-7.157049],[111.849901,-7.157017],[111.849845,-7.156979],[111.84978,-7.156939],[111.849744,-7.156916],[111.849702,-7.156891],[111.849659,-7.156871],[111.849619,-7.156853],[111.84958,-7.156841],[111.849544,-7.156838],[111.849524,-7.156839],[111.849512,-7.156843],[111.849497,-7.15685],[111.849481,-7.156859],[111.849469,-7.156871],[111.849458,-7.156882],[111.849445,-7.156905],[111.8494,-7.156987],[111.849381,-7.157019],[111.849358,-7.157042],[111.849337,-7.157049],[111.849323,-7.15705],[111.849298,-7.157047],[111.849188,-7.157013],[111.849087,-7.156979],[111.849028,-7.156947],[111.848998,-7.156922],[111.848984,-7.156909],[111.848969,-7.156889],[111.84895,-7.156863],[111.848929,-7.15684],[111.848894,-7.156817],[111.848855,-7.156793],[111.848744,-7.156749],[111.848375,-7.156598],[111.848369,-7.156593],[111.848357,-7.156578],[111.84835,-7.156564],[111.84835,-7.156549],[111.848695,-7.155625],[111.848638,-7.155604],[111.848652,-7.155609],[111.848379,-7.156342],[111.848285,-7.156582],[111.848267,-7.156578],[111.848179,-7.156808],[111.848176,-7.156813],[111.84817,-7.156813],[111.847879,-7.156677],[111.847872,-7.156678],[111.847861,-7.156698],[111.847849,-7.156729],[111.84778,-7.157008],[111.847781,-7.157016],[111.847783,-7.157018],[111.847834,-7.15704],[111.847872,-7.157059],[111.847881,-7.15707],[111.847878,-7.157083],[111.847809,-7.157214],[111.847797,-7.157216],[111.847781,-7.15722],[111.84777,-7.157227],[111.847763,-7.157239],[111.847758,-7.157253],[111.847756,-7.157263],[111.847747,-7.15727],[111.847735,-7.157278],[111.847733,-7.157288],[111.84773,-7.157306],[111.84772,-7.157333],[111.847704,-7.157345],[111.847403,-7.15725],[111.847357,-7.15723],[111.847341,-7.157211],[111.847419,-7.156908],[111.847411,-7.156893],[111.847397,-7.15689],[111.847377,-7.15689],[111.847358,-7.156919],[111.84733,-7.156998],[111.847317,-7.157061],[111.847264,-7.157229],[111.847236,-7.157317],[111.847179,-7.157422],[111.846862,-7.157308],[111.84686,-7.157277],[111.846272,-7.157009],[111.84627,-7.157007],[111.846272,-7.157003],[111.846285,-7.156962],[111.846288,-7.156943],[111.846288,-7.156934],[111.84605,-7.156807],[111.84605,-7.156807],[111.845918,-7.156736],[111.845916,-7.156728],[111.845916,-7.156723],[111.845916,-7.156723],[111.845916,-7.156718],[111.845784,-7.156638],[111.845579,-7.156577],[111.845571,-7.156562],[111.845544,-7.156548],[111.845522,-7.156517],[111.845477,-7.15646],[111.845477,-7.15646],[111.845474,-7.156456],[111.845465,-7.156446],[111.845452,-7.156431],[111.845413,-7.156417],[111.845391,-7.15641],[111.845348,-7.156393],[111.84533,-7.156378],[111.845313,-7.156362],[111.845404,-7.15608],[111.845334,-7.156298],[111.845074,-7.156185],[111.84518,-7.15593],[111.844988,-7.155871],[111.844818,-7.156225],[111.844811,-7.156221],[111.844553,-7.156093],[111.844623,-7.15591],[111.844206,-7.155737],[111.843818,-7.15557],[111.843846,-7.155437],[111.843936,-7.15524],[111.844193,-7.155382],[111.844379,-7.155462],[111.844608,-7.15554],[111.844891,-7.155602],[111.845083,-7.155638],[111.845399,-7.155672],[111.845546,-7.155657],[111.845824,-7.155636],[111.846167,-7.155581],[111.846684,-7.155493],[111.846904,-7.155466],[111.847362,-7.15532],[111.847894,-7.155088],[111.848466,-7.154784],[111.849016,-7.154415],[111.849723,-7.154017],[111.849764,-7.154343],[111.849893,-7.154382],[111.849954,-7.154397],[111.849959,-7.154394],[111.849978,-7.154375],[111.849998,-7.154347],[111.850001,-7.154331],[111.850006,-7.154322],[111.850015,-7.154319],[111.850028,-7.154325],[111.850054,-7.154342],[111.850123,-7.154382],[111.850162,-7.154399],[111.850172,-7.154398],[111.850177,-7.154377],[111.850194,-7.15432],[111.850215,-7.154278],[111.85024,-7.154226],[111.850273,-7.15417],[111.850307,-7.154136],[111.850315,-7.154121],[111.850334,-7.153908],[111.850341,-7.153902],[111.850352,-7.153901],[111.850669,-7.153925],[111.85067,-7.153918],[111.850683,-7.153712],[111.850686,-7.153677],[111.850716,-7.153657],[111.850742,-7.153641],[111.850792,-7.153601],[111.85084,-7.153557],[111.850886,-7.15354],[111.850931,-7.15351],[111.850979,-7.153474],[111.851025,-7.153424],[111.85124,-7.15323],[111.8513,-7.153182],[111.851357,-7.153105],[111.851438,-7.153006],[111.851729,-7.152704],[111.851828,-7.152597],[111.8519,-7.152456],[111.851963,-7.152364],[111.852,-7.152315],[111.852269,-7.151886],[111.852403,-7.151656],[111.852469,-7.151551],[111.85254,-7.151491],[111.852591,-7.151384],[111.852629,-7.151266],[111.852694,-7.151211],[111.852946,-7.150995],[111.854209,-7.151125],[111.854183,-7.151545],[111.85413,-7.15155],[111.854124,-7.151599],[111.854127,-7.151674],[111.854101,-7.151831],[111.854053,-7.15229],[111.85422,-7.152307],[111.854601,-7.152378],[111.854621,-7.152394],[111.854638,-7.152416],[111.854629,-7.152677],[111.854675,-7.15288],[111.854697,-7.152885],[111.854777,-7.152882],[111.854888,-7.152879],[111.854922,-7.152882],[111.854945,-7.152901],[111.854973,-7.152964],[111.854983,-7.153046],[111.855006,-7.153251],[111.855158,-7.153263],[111.855312,-7.153285],[111.855378,-7.153298]],[[111.848313,-7.156456],[111.848313,-7.156456],[111.848638,-7.155604],[111.848313,-7.156456]],[[111.848658,-7.155759],[111.848497,-7.156233],[111.848879,-7.156346],[111.848909,-7.156277],[111.848964,-7.156289],[111.849038,-7.156036],[111.849219,-7.156074],[111.849216,-7.156089],[111.849258,-7.156099],[111.849294,-7.156083],[111.849335,-7.155884],[111.848658,-7.155759]]]]}},{"type":"Feature","properties":{"GM_LAYER":"Unknown Area Type","id":null,"LAYER":"Unknown Area Type","MAP_NAME":"Sawah","PERIMETER":"13.29 km","ENCLOSED_A":"231.99 ha","ISLAND_ARE":"0.4871 ha","LENGTH":null,"WIDTH":null},"geometry":{"type":"MultiPolygon","coordinates":[[[[111.950712,-7.209911],[111.950714,-7.209917],[111.950717,-7.209922],[111.951116,-7.209994],[111.951117,-7.209982],[111.951118,-7.20997],[111.951124,-7.209965],[111.951158,-7.209971],[111.95139,-7.210018],[111.951392,-7.210036],[111.951396,-7.210051],[111.951403,-7.210074],[111.951416,-7.21007],[111.951439,-7.210063],[111.951472,-7.21006],[111.951506,-7.210068],[111.951583,-7.210084],[111.951648,-7.210104],[111.951742,-7.210141],[111.951916,-7.210198],[111.951929,-7.210212],[111.951931,-7.210225],[111.951864,-7.210413],[111.951795,-7.21057],[111.951782,-7.210575],[111.951759,-7.210576],[111.951757,-7.2106],[111.951714,-7.210765],[111.951657,-7.210974],[111.95164,-7.211036],[111.95164,-7.211036],[111.951606,-7.211157],[111.951599,-7.211164],[111.951588,-7.211165],[111.951338,-7.211115],[111.951326,-7.211121],[111.951313,-7.211141],[111.951305,-7.211155],[111.951238,-7.211467],[111.95124,-7.211473],[111.951246,-7.211474],[111.951411,-7.211499],[111.951511,-7.211522],[111.951514,-7.211525],[111.951515,-7.211533],[111.951514,-7.211547],[111.951472,-7.21176],[111.951433,-7.211935],[111.951352,-7.212249],[111.951333,-7.212325],[111.951331,-7.212329],[111.951322,-7.212334],[111.951311,-7.212336],[111.951287,-7.212337],[111.951265,-7.212333],[111.951164,-7.212612],[111.951111,-7.212838],[111.951099,-7.212843],[111.951099,-7.212855],[111.95111,-7.212862],[111.951124,-7.212864],[111.951123,-7.212877],[111.951119,-7.212897],[111.951103,-7.212962],[111.9511,-7.212983],[111.951106,-7.212991],[111.951122,-7.212996],[111.95113,-7.213],[111.951136,-7.213014],[111.951118,-7.213162],[111.951034,-7.21345],[111.951037,-7.213455],[111.951054,-7.213465],[111.951074,-7.213473],[111.951081,-7.213478],[111.951082,-7.213485],[111.951024,-7.213727],[111.951027,-7.213735],[111.951029,-7.213739],[111.951032,-7.21375],[111.951035,-7.213775],[111.951028,-7.213823],[111.950796,-7.214429],[111.950782,-7.214433],[111.95077,-7.214445],[111.950558,-7.215026],[111.950544,-7.215035],[111.949516,-7.215031],[111.949553,-7.218894],[111.949121,-7.218703],[111.94818,-7.21826],[111.947471,-7.217942],[111.946738,-7.217614],[111.946092,-7.217326],[111.945656,-7.217121],[111.945444,-7.217026],[111.945478,-7.216928],[111.945545,-7.216746],[111.945536,-7.216706],[111.945504,-7.21668],[111.945416,-7.21666],[111.945354,-7.216626],[111.945299,-7.216606],[111.945277,-7.216576],[111.945273,-7.216533],[111.945267,-7.216487],[111.945224,-7.216467],[111.945155,-7.216473],[111.94509,-7.21649],[111.945017,-7.216474],[111.944929,-7.216451],[111.944848,-7.216435],[111.944805,-7.216409],[111.944838,-7.216221],[111.944893,-7.215995],[111.944775,-7.21598],[111.944714,-7.216185],[111.944592,-7.216146],[111.94468,-7.215801],[111.944711,-7.215645],[111.9447,-7.215601],[111.944545,-7.21557],[111.944394,-7.215546],[111.944249,-7.215525],[111.944106,-7.2155],[111.944007,-7.215476],[111.943914,-7.215487],[111.943875,-7.21548],[111.943753,-7.215447],[111.943554,-7.215386],[111.94304,-7.215224],[111.94298,-7.215469],[111.942967,-7.215481],[111.942528,-7.215368],[111.94226,-7.215298],[111.94229,-7.215217],[111.942349,-7.21504],[111.942058,-7.214943],[111.942116,-7.21472],[111.94183,-7.214661],[111.941881,-7.214364],[111.941561,-7.214317],[111.941571,-7.214241],[111.941664,-7.213596],[111.941737,-7.212991],[111.941825,-7.212457],[111.941827,-7.212449],[111.941863,-7.212273],[111.941894,-7.212095],[111.941918,-7.211895],[111.941945,-7.211686],[111.941965,-7.21149],[111.941996,-7.211289],[111.942037,-7.21094],[111.942052,-7.210897],[111.942079,-7.210694],[111.942092,-7.210604],[111.942116,-7.210446],[111.942145,-7.210264],[111.942176,-7.210053],[111.9422,-7.209872],[111.942221,-7.209724],[111.942173,-7.209812],[111.94217,-7.209819],[111.942168,-7.209823],[111.942164,-7.20983],[111.942159,-7.209837],[111.942096,-7.209953],[111.942092,-7.209959],[111.94209,-7.209963],[111.942086,-7.20997],[111.942086,-7.209971],[111.941919,-7.211147],[111.941952,-7.211147],[111.941936,-7.211265],[111.941903,-7.21126],[111.941903,-7.211262],[111.941669,-7.211247],[111.94146,-7.211234],[111.941374,-7.211224],[111.941353,-7.211241],[111.941344,-7.211341],[111.941311,-7.211456],[111.941306,-7.211584],[111.941292,-7.211748],[111.941295,-7.212026],[111.941279,-7.212182],[111.941246,-7.212234],[111.941198,-7.21227],[111.941196,-7.212341],[111.941215,-7.212407],[111.94122,-7.212462],[111.94122,-7.212462],[111.941224,-7.2125],[111.94121,-7.212557],[111.94117,-7.212633],[111.94116,-7.212741],[111.941137,-7.212791],[111.941093,-7.212798],[111.941028,-7.212787],[111.940928,-7.212763],[111.94078,-7.212744],[111.940727,-7.212759],[111.940696,-7.21279],[111.940661,-7.212995],[111.94067,-7.213041],[111.940697,-7.213088],[111.940692,-7.213284],[111.940661,-7.213523],[111.940636,-7.213673],[111.940571,-7.21394],[111.940523,-7.213988],[111.940436,-7.214011],[111.940377,-7.214032],[111.940341,-7.214149],[111.940324,-7.214231],[111.940316,-7.214293],[111.940315,-7.214331],[111.940312,-7.214362],[111.940315,-7.21439],[111.940313,-7.214436],[111.940309,-7.214491],[111.940299,-7.214576],[111.940297,-7.214636],[111.940279,-7.214778],[111.940265,-7.214793],[111.940256,-7.214798],[111.940248,-7.214811],[111.94014,-7.215438],[111.940099,-7.215426],[111.940021,-7.215395],[111.93991,-7.215364],[111.939857,-7.215348],[111.939805,-7.215334],[111.939739,-7.21532],[111.939659,-7.215319],[111.939572,-7.215296],[111.939489,-7.215251],[111.939442,-7.215216],[111.939379,-7.215179],[111.939318,-7.215163],[111.939284,-7.215124],[111.939263,-7.215043],[111.939229,-7.214992],[111.939119,-7.214969],[111.939052,-7.21498],[111.938983,-7.214966],[111.938891,-7.214928],[111.938809,-7.214874],[111.938703,-7.214827],[111.938596,-7.214792],[111.938507,-7.214764],[111.938448,-7.214739],[111.93839,-7.21469],[111.938335,-7.21462],[111.938302,-7.214534],[111.938261,-7.214453],[111.938204,-7.214366],[111.938173,-7.214254],[111.938182,-7.214168],[111.938202,-7.214074],[111.938204,-7.213972],[111.938188,-7.213896],[111.9382,-7.213777],[111.938226,-7.213627],[111.938231,-7.213438],[111.938245,-7.213383],[111.938265,-7.213347],[111.938287,-7.213279],[111.938301,-7.21318],[111.938346,-7.213002],[111.938375,-7.212901],[111.93843,-7.212816],[111.938467,-7.212714],[111.938492,-7.212622],[111.93836,-7.212583],[111.938259,-7.212541],[111.938237,-7.212524],[111.93798,-7.21253],[111.938063,-7.212602],[111.938077,-7.212681],[111.93806,-7.21299],[111.938041,-7.213295],[111.938029,-7.21366],[111.938014,-7.213699],[111.937988,-7.213709],[111.937934,-7.21371],[111.937869,-7.213709],[111.937762,-7.213706],[111.937725,-7.213711],[111.937681,-7.213716],[111.937603,-7.213714],[111.937516,-7.213695],[111.937448,-7.213673],[111.937373,-7.213631],[111.937321,-7.213604],[111.937276,-7.213591],[111.93729,-7.213489],[111.937331,-7.213494],[111.937416,-7.213121],[111.937159,-7.21306],[111.937081,-7.213345],[111.936876,-7.213284],[111.936722,-7.213249],[111.936692,-7.213252],[111.93666,-7.213295],[111.936635,-7.213363],[111.936608,-7.213391],[111.936566,-7.213396],[111.936425,-7.213366],[111.936317,-7.21334],[111.936208,-7.213329],[111.93625,-7.213134],[111.93624,-7.213121],[111.936218,-7.213113],[111.936067,-7.213075],[111.936089,-7.212972],[111.936098,-7.21293],[111.936115,-7.21279],[111.936149,-7.212631],[111.936224,-7.212302],[111.935759,-7.212171],[111.935847,-7.211811],[111.935602,-7.211744],[111.935587,-7.211712],[111.935656,-7.21149],[111.935408,-7.211453],[111.935412,-7.211412],[111.935585,-7.211439],[111.935592,-7.211362],[111.935778,-7.211393],[111.93584,-7.210955],[111.935633,-7.210902],[111.935695,-7.210658],[111.93563,-7.210632],[111.93549,-7.210612],[111.935502,-7.210526],[111.93545,-7.210518],[111.935466,-7.210276],[111.935467,-7.210273],[111.935543,-7.210256],[111.935553,-7.210198],[111.935589,-7.210061],[111.935622,-7.209988],[111.935669,-7.209813],[111.935649,-7.209753],[111.935658,-7.209691],[111.935689,-7.209641],[111.935721,-7.209609],[111.935747,-7.209546],[111.935802,-7.209501],[111.935885,-7.209507],[111.93599,-7.209552],[111.936179,-7.209653],[111.936314,-7.20975],[111.936387,-7.209819],[111.936484,-7.209947],[111.93654,-7.210041],[111.936725,-7.210002],[111.936717,-7.209984],[111.936619,-7.209823],[111.936579,-7.209729],[111.936554,-7.20969],[111.936496,-7.209678],[111.936399,-7.209625],[111.936271,-7.209543],[111.93623,-7.209501],[111.936219,-7.209444],[111.936206,-7.209401],[111.936144,-7.209368],[111.93592,-7.20927],[111.935865,-7.20923],[111.935836,-7.209155],[111.935812,-7.2091],[111.935829,-7.209047],[111.935879,-7.208992],[111.935901,-7.208949],[111.935977,-7.208621],[111.935959,-7.208583],[111.935913,-7.208535],[111.935838,-7.208494],[111.935725,-7.208472],[111.935654,-7.208471],[111.935637,-7.208464],[111.935643,-7.208406],[111.935669,-7.208356],[111.935664,-7.208313],[111.935643,-7.208254],[111.935642,-7.208238],[111.935614,-7.208215],[111.935579,-7.208207],[111.935542,-7.208221],[111.935506,-7.208224],[111.935493,-7.208205],[111.935532,-7.207985],[111.93557,-7.20781],[111.935588,-7.207743],[111.935621,-7.207656],[111.935657,-7.207558],[111.935677,-7.207534],[111.935704,-7.207525],[111.93587,-7.207551],[111.935886,-7.207461],[111.935937,-7.207242],[111.935972,-7.207061],[111.935652,-7.206966],[111.935645,-7.206944],[111.935656,-7.206922],[111.935772,-7.206736],[111.935874,-7.206549],[111.935968,-7.206406],[111.93604,-7.2063],[111.936094,-7.206213],[111.936129,-7.206124],[111.936151,-7.206044],[111.936429,-7.206104],[111.936466,-7.205923],[111.936207,-7.20585],[111.936212,-7.205818],[111.93622,-7.205784],[111.936239,-7.20575],[111.936253,-7.205733],[111.936273,-7.205724],[111.936301,-7.205718],[111.936311,-7.20571],[111.936514,-7.205751],[111.936573,-7.205584],[111.936594,-7.205567],[111.936621,-7.205553],[111.936651,-7.205546],[111.936688,-7.205546],[111.936714,-7.205529],[111.936778,-7.205299],[111.937102,-7.205468],[111.937161,-7.205492],[111.937265,-7.205521],[111.937358,-7.205549],[111.937621,-7.205624],[111.938029,-7.205736],[111.93801,-7.205772],[111.937983,-7.205823],[111.937953,-7.205894],[111.937925,-7.205968],[111.937902,-7.206049],[111.937885,-7.20615],[111.93787,-7.206199],[111.937857,-7.206288],[111.937842,-7.206375],[111.937828,-7.206451],[111.937913,-7.206474],[111.938027,-7.206502],[111.938229,-7.206554],[111.93847,-7.206615],[111.938474,-7.206597],[111.938579,-7.206626],[111.938706,-7.206661],[111.938742,-7.206667],[111.938788,-7.206673],[111.938838,-7.206677],[111.938994,-7.206701],[111.939224,-7.206734],[111.939249,-7.20674],[111.939261,-7.20675],[111.939286,-7.206751],[111.939395,-7.206765],[111.939541,-7.206786],[111.939737,-7.206824],[111.939905,-7.206853],[111.940091,-7.206892],[111.940246,-7.206924],[111.940392,-7.206949],[111.940429,-7.206955],[111.940481,-7.20697],[111.940526,-7.206985],[111.94057,-7.206997],[111.940651,-7.207011],[111.940688,-7.207017],[111.940788,-7.207024],[111.940872,-7.207033],[111.94089,-7.20704],[111.940906,-7.207046],[111.940939,-7.207042],[111.940996,-7.207045],[111.940999,-7.207046],[111.941029,-7.207001],[111.941008,-7.206999],[111.940912,-7.206987],[111.940777,-7.206969],[111.940618,-7.206952],[111.940475,-7.20692],[111.940387,-7.206894],[111.940288,-7.206875],[111.940076,-7.206838],[111.939895,-7.206804],[111.939695,-7.206765],[111.939426,-7.20672],[111.939284,-7.206693],[111.939027,-7.206654],[111.938833,-7.206621],[111.938664,-7.206593],[111.938446,-7.206538],[111.93839,-7.20652],[111.93837,-7.2065],[111.938367,-7.206462],[111.93838,-7.206413],[111.938403,-7.206297],[111.938447,-7.206143],[111.938474,-7.205985],[111.938517,-7.205998],[111.938538,-7.205944],[111.938496,-7.205931],[111.938521,-7.20581],[111.93838,-7.205741],[111.938304,-7.205714],[111.938194,-7.20569],[111.938028,-7.205668],[111.937875,-7.205631],[111.937696,-7.20558],[111.937587,-7.205551],[111.937525,-7.205533],[111.93735,-7.20549],[111.937233,-7.205454],[111.93716,-7.205431],[111.937063,-7.205383],[111.936974,-7.205335],[111.936855,-7.205275],[111.936791,-7.205238],[111.936701,-7.205183],[111.936634,-7.205145],[111.936537,-7.205093],[111.936393,-7.205031],[111.936413,-7.204959],[111.936546,-7.205012],[111.93685,-7.205157],[111.936864,-7.205151],[111.937083,-7.20469],[111.937092,-7.20464],[111.937061,-7.204599],[111.937005,-7.204572],[111.936965,-7.20455],[111.936904,-7.204512],[111.936867,-7.2045],[111.936904,-7.204395],[111.936891,-7.204391],[111.936963,-7.204193],[111.936974,-7.204184],[111.937001,-7.204122],[111.937001,-7.204097],[111.937016,-7.203996],[111.937015,-7.203943],[111.937011,-7.20392],[111.937003,-7.203907],[111.936985,-7.203895],[111.936779,-7.203836],[111.936816,-7.203715],[111.936964,-7.203751],[111.936986,-7.203674],[111.936967,-7.203669],[111.936972,-7.203636],[111.936983,-7.203598],[111.93702,-7.203498],[111.937111,-7.203517],[111.937192,-7.203339],[111.937341,-7.203381],[111.937351,-7.203349],[111.93739,-7.203174],[111.937302,-7.203153],[111.937388,-7.202872],[111.937069,-7.202779],[111.937128,-7.202563],[111.9375,-7.202664],[111.937531,-7.202547],[111.937182,-7.202443],[111.937483,-7.201453],[111.938214,-7.201621],[111.938236,-7.201655],[111.938283,-7.201701],[111.938318,-7.201737],[111.938385,-7.201761],[111.938551,-7.201757],[111.938687,-7.201729],[111.938709,-7.201717],[111.938754,-7.201647],[111.938779,-7.20159],[111.938791,-7.201513],[111.938825,-7.201427],[111.938851,-7.201355],[111.938861,-7.201281],[111.938831,-7.201237],[111.938828,-7.201206],[111.938844,-7.201108],[111.938518,-7.200977],[111.938436,-7.201246],[111.938337,-7.201218],[111.938274,-7.201202],[111.938178,-7.201165],[111.938139,-7.201251],[111.938119,-7.201274],[111.938096,-7.201281],[111.93805,-7.201267],[111.937995,-7.201245],[111.937922,-7.201201],[111.937817,-7.201161],[111.937699,-7.201134],[111.937615,-7.201125],[111.937723,-7.200849],[111.937776,-7.200851],[111.937807,-7.200844],[111.937865,-7.200718],[111.93828,-7.2009],[111.938303,-7.200856],[111.938406,-7.200898],[111.938494,-7.200687],[111.938124,-7.200524],[111.938153,-7.200467],[111.938187,-7.200392],[111.938215,-7.200352],[111.938248,-7.200303],[111.938288,-7.20022],[111.938317,-7.20014],[111.938204,-7.200101],[111.938116,-7.200076],[111.938078,-7.200067],[111.938069,-7.200042],[111.938072,-7.200004],[111.938084,-7.199978],[111.938106,-7.199959],[111.938137,-7.199938],[111.938178,-7.199926],[111.938217,-7.199912],[111.938256,-7.199889],[111.938285,-7.19988],[111.938332,-7.199878],[111.938391,-7.199875],[111.938435,-7.199873],[111.938511,-7.199872],[111.938576,-7.199868],[111.938631,-7.199859],[111.938665,-7.199854],[111.938752,-7.199843],[111.938822,-7.199838],[111.938885,-7.199837],[111.938943,-7.199836],[111.938956,-7.199869],[111.938968,-7.199873],[111.939018,-7.199868],[111.939081,-7.199863],[111.939154,-7.199857],[111.939202,-7.199849],[111.939267,-7.199839],[111.939314,-7.199827],[111.939368,-7.199809],[111.9394,-7.1998],[111.939409,-7.199792],[111.939414,-7.199784],[111.939414,-7.199765],[111.939419,-7.199757],[111.939436,-7.199747],[111.939484,-7.199731],[111.939538,-7.199718],[111.939601,-7.199705],[111.939677,-7.199698],[111.939771,-7.199685],[111.939831,-7.19967],[111.939866,-7.199662],[111.939879,-7.199652],[111.939886,-7.199636],[111.939893,-7.199616],[111.939906,-7.1996],[111.94001,-7.199577],[111.940034,-7.199576],[111.940048,-7.199579],[111.940064,-7.199591],[111.940077,-7.199628],[111.940084,-7.19965],[111.940096,-7.199659],[111.940118,-7.199658],[111.940214,-7.199639],[111.940308,-7.199611],[111.940359,-7.199599],[111.940364,-7.199595],[111.94037,-7.199581],[111.940374,-7.199572],[111.940378,-7.199566],[111.940394,-7.199562],[111.940434,-7.199562],[111.940563,-7.199528],[111.940563,-7.199528],[111.940554,-7.199462],[111.940893,-7.199374],[111.94147,-7.19919],[111.941687,-7.199113],[111.941698,-7.199187],[111.941689,-7.19919],[111.941822,-7.199146],[111.941734,-7.199175],[111.941716,-7.199102],[111.941858,-7.199052],[111.942241,-7.198917],[111.942804,-7.198724],[111.942822,-7.198797],[111.942882,-7.198782],[111.942913,-7.198782],[111.942935,-7.198781],[111.942967,-7.198772],[111.943032,-7.198752],[111.943068,-7.198736],[111.943124,-7.198714],[111.943203,-7.198684],[111.943261,-7.198675],[111.94338,-7.198643],[111.943434,-7.198617],[111.943463,-7.1986],[111.9435,-7.198584],[111.943542,-7.198575],[111.943562,-7.198576],[111.943568,-7.198583],[111.943569,-7.198602],[111.94357,-7.198646],[111.943565,-7.19867],[111.943552,-7.198698],[111.943525,-7.198732],[111.943506,-7.198747],[111.943499,-7.198766],[111.943501,-7.198802],[111.943501,-7.198849],[111.943508,-7.198951],[111.943478,-7.19917],[111.943402,-7.199856],[111.943326,-7.200571],[111.943275,-7.200999],[111.9433,-7.201248],[111.943301,-7.201255],[111.943301,-7.201262],[111.943302,-7.20127],[111.943321,-7.201556],[111.943322,-7.201563],[111.943322,-7.20157],[111.943322,-7.201578],[111.943332,-7.201864],[111.943332,-7.201871],[111.943333,-7.201879],[111.943333,-7.201886],[111.943333,-7.202173],[111.943333,-7.20218],[111.943333,-7.202187],[111.943333,-7.202195],[111.943325,-7.202481],[111.943324,-7.202489],[111.943324,-7.202496],[111.943324,-7.202503],[111.943306,-7.202789],[111.943306,-7.202797],[111.943305,-7.202804],[111.943304,-7.202811],[111.943277,-7.203099],[111.943277,-7.203102],[111.943277,-7.203106],[111.943276,-7.203109],[111.943251,-7.203342],[111.949403,-7.203311],[111.949335,-7.207202],[111.949114,-7.207187],[111.949022,-7.207187],[111.948902,-7.207189],[111.948905,-7.20733],[111.948854,-7.207334],[111.948721,-7.207336],[111.948587,-7.20735],[111.948591,-7.20742],[111.948589,-7.207531],[111.948602,-7.207621],[111.948614,-7.20783],[111.948623,-7.207942],[111.948628,-7.208042],[111.948617,-7.208292],[111.948606,-7.208592],[111.948334,-7.208544],[111.948221,-7.208525],[111.947981,-7.20849],[111.947857,-7.208468],[111.94768,-7.208436],[111.947466,-7.208396],[111.947215,-7.208353],[111.94694,-7.20831],[111.94662,-7.208257],[111.946318,-7.208207],[111.946188,-7.208191],[111.946038,-7.208165],[111.945691,-7.208105],[111.945502,-7.20807],[111.945279,-7.208029],[111.945015,-7.207984],[111.944784,-7.207946],[111.944687,-7.207927],[111.944556,-7.207904],[111.944313,-7.207857],[111.94429,-7.207845],[111.944273,-7.207835],[111.944125,-7.20781],[111.943866,-7.207768],[111.943591,-7.207724],[111.943469,-7.207709],[111.943434,-7.207711],[111.943374,-7.207706],[111.943251,-7.207687],[111.943022,-7.207649],[111.942831,-7.207616],[111.94281,-7.207612],[111.942809,-7.207646],[111.942808,-7.207654],[111.942808,-7.207658],[111.942807,-7.207666],[111.942805,-7.207696],[111.942932,-7.20772],[111.942911,-7.207869],[111.942923,-7.207902],[111.942957,-7.207923],[111.943027,-7.207951],[111.943081,-7.207962],[111.943141,-7.207959],[111.943222,-7.207974],[111.943379,-7.208007],[111.943421,-7.208014],[111.943433,-7.208006],[111.943484,-7.207849],[111.943494,-7.20783],[111.943514,-7.207818],[111.943538,-7.207814],[111.943584,-7.207821],[111.94379,-7.207856],[111.944074,-7.207904],[111.944271,-7.207943],[111.944482,-7.20798],[111.944723,-7.208021],[111.945048,-7.208076],[111.945478,-7.20815],[111.945814,-7.208211],[111.946175,-7.208276],[111.946546,-7.208338],[111.946944,-7.208406],[111.947367,-7.208471],[111.947849,-7.208549],[111.948651,-7.208685],[111.948997,-7.208752],[111.949015,-7.208793],[111.949029,-7.208839],[111.949028,-7.208876],[111.94901,-7.208956],[111.948997,-7.209027],[111.948993,-7.209091],[111.948987,-7.209157],[111.948969,-7.209244],[111.94892,-7.209342],[111.948918,-7.209434],[111.948998,-7.209508],[111.949129,-7.209532],[111.949185,-7.209549],[111.949319,-7.209593],[111.949393,-7.209602],[111.949458,-7.209621],[111.949537,-7.209651],[111.949674,-7.209681],[111.949884,-7.209731],[111.949951,-7.209734],[111.949972,-7.209732],[111.950028,-7.209743],[111.950325,-7.209807],[111.950331,-7.209813],[111.950328,-7.209823],[111.950708,-7.209881],[111.950712,-7.209889],[111.950715,-7.209897],[111.950712,-7.209911]],[[111.937693,-7.211051],[111.93768,-7.210974],[111.937647,-7.210945],[111.937549,-7.210975],[111.937542,-7.210977],[111.937534,-7.210979],[111.937527,-7.210981],[111.937435,-7.211006],[111.93745,-7.211047],[111.937693,-7.211052],[111.937693,-7.211051]],[[111.940448,-7.201728],[111.940433,-7.201713],[111.940397,-7.201699],[111.940209,-7.201652],[111.940104,-7.201628],[111.939927,-7.201571],[111.93976,-7.201536],[111.939686,-7.20152],[111.939671,-7.201521],[111.93966,-7.201524],[111.939655,-7.201534],[111.939644,-7.201581],[111.939631,-7.201718],[111.939608,-7.201914],[111.939604,-7.201951],[111.939612,-7.201949],[111.939629,-7.201949],[111.939679,-7.201964],[111.939763,-7.201977],[111.940029,-7.202035],[111.940333,-7.202094],[111.940386,-7.202102],[111.940396,-7.202101],[111.940443,-7.201942],[111.940452,-7.201749],[111.940448,-7.201728]],[[111.942581,-7.207181],[111.942537,-7.207399],[111.942538,-7.207399],[111.942538,-7.207394],[111.94271,-7.207409],[111.942744,-7.207206],[111.942581,-7.207181]]]]}},{"type":"Feature","properties":{"GM_LAYER":"Unknown Area Type","id":null,"LAYER":"Unknown Area Type","MAP_NAME":"Sawah","PERIMETER":"125.84 m","ENCLOSED_A":"0.0534 ha","ISLAND_ARE":null,"LENGTH":null,"WIDTH":null},"geometry":{"type":"MultiPolygon","coordinates":[[[[111.943949,-7.193355],[111.943947,-7.193354],[111.944267,-7.193266],[111.944311,-7.193256],[111.944374,-7.19325],[111.944432,-7.193252],[111.944437,-7.1934],[111.944398,-7.193403],[111.943949,-7.193355]]]]}},{"type":"Feature","properties":{"GM_LAYER":"Unknown Area Type","id":null,"LAYER":"Unknown Area Type","MAP_NAME":"Sawah","PERIMETER":"14.065 km","ENCLOSED_A":"258.1 ha","ISLAND_ARE":"0.877 ha","LENGTH":null,"WIDTH":null},"geometry":{"type":"MultiPolygon","coordinates":[[[[111.969221,-7.20095],[111.96983,-7.20105],[111.969667,-7.202077],[111.969482,-7.203187],[111.969372,-7.203872],[111.96927,-7.204499],[111.969199,-7.204859],[111.969116,-7.205235],[111.969077,-7.205464],[111.969029,-7.205751],[111.968959,-7.206103],[111.968905,-7.20635],[111.968864,-7.206658],[111.968771,-7.207106],[111.968681,-7.207486],[111.968515,-7.208281],[111.968284,-7.208221],[111.96822,-7.208214],[111.96817,-7.208357],[111.968123,-7.208482],[111.968079,-7.208554],[111.968024,-7.208715],[111.968044,-7.208781],[111.96811,-7.20883],[111.967873,-7.209866],[111.968138,-7.209933],[111.968029,-7.210341],[111.967826,-7.210319],[111.967716,-7.210325],[111.967677,-7.210459],[111.967757,-7.210479],[111.967741,-7.210604],[111.967703,-7.210604],[111.967646,-7.210795],[111.96753,-7.210758],[111.967427,-7.21105],[111.967358,-7.211025],[111.96724,-7.211375],[111.967219,-7.211424],[111.967467,-7.211537],[111.967423,-7.211628],[111.967431,-7.211641],[111.967447,-7.211666],[111.967497,-7.211682],[111.967528,-7.211696],[111.967528,-7.211707],[111.967342,-7.212092],[111.967331,-7.212115],[111.967319,-7.21215],[111.967321,-7.212176],[111.967334,-7.212196],[111.967337,-7.212205],[111.967293,-7.212207],[111.967241,-7.212204],[111.967211,-7.212199],[111.967194,-7.212193],[111.967162,-7.21218],[111.967137,-7.212165],[111.967128,-7.212156],[111.967088,-7.212102],[111.967034,-7.212024],[111.967009,-7.211983],[111.966907,-7.212295],[111.967181,-7.212403],[111.967189,-7.212354],[111.967512,-7.212471],[111.967404,-7.212985],[111.967053,-7.21293],[111.967034,-7.212937],[111.967015,-7.212943],[111.966998,-7.212953],[111.966966,-7.213141],[111.966949,-7.213245],[111.966953,-7.213257],[111.967024,-7.213269],[111.966997,-7.21353],[111.966928,-7.213531],[111.959499,-7.213526],[111.959507,-7.213459],[111.959506,-7.213383],[111.959504,-7.213354],[111.959483,-7.213323],[111.95949,-7.213099],[111.959491,-7.213073],[111.959473,-7.21305],[111.959456,-7.213041],[111.959438,-7.213035],[111.959414,-7.213034],[111.959335,-7.213028],[111.959171,-7.213023],[111.959163,-7.213013],[111.95916,-7.212951],[111.959168,-7.212857],[111.959167,-7.212774],[111.959164,-7.21272],[111.959157,-7.212553],[111.959151,-7.212546],[111.95905,-7.212525],[111.959001,-7.212818],[111.958906,-7.212803],[111.958896,-7.212797],[111.958905,-7.212727],[111.958847,-7.212709],[111.958785,-7.212668],[111.958739,-7.212653],[111.958685,-7.21265],[111.958649,-7.212661],[111.958584,-7.212678],[111.958523,-7.212706],[111.958479,-7.212724],[111.958379,-7.212703],[111.95806,-7.212638],[111.958111,-7.212292],[111.957577,-7.2122],[111.957571,-7.212204],[111.957555,-7.212457],[111.957344,-7.212441],[111.957365,-7.212123],[111.957215,-7.212126],[111.957211,-7.212182],[111.957194,-7.212373],[111.95717,-7.212748],[111.957147,-7.213159],[111.957123,-7.213668],[111.957117,-7.213675],[111.957103,-7.213675],[111.957068,-7.213668],[111.956657,-7.213594],[111.956638,-7.213603],[111.956618,-7.213635],[111.956584,-7.213764],[111.956578,-7.213871],[111.956588,-7.213988],[111.95661,-7.214015],[111.956617,-7.214063],[111.956626,-7.214255],[111.956646,-7.214566],[111.956643,-7.214765],[111.956641,-7.214792],[111.956644,-7.214795],[111.956646,-7.214798],[111.952614,-7.214585],[111.952666,-7.214404],[111.952909,-7.213054],[111.952915,-7.213052],[111.952921,-7.213052],[111.953012,-7.213068],[111.953018,-7.213065],[111.953022,-7.213059],[111.953171,-7.212211],[111.95289,-7.212217],[111.952725,-7.2132],[111.952619,-7.21317],[111.952405,-7.21312],[111.951923,-7.213008],[111.951907,-7.212995],[111.951906,-7.212987],[111.952007,-7.212563],[111.952011,-7.212561],[111.952016,-7.21256],[111.952215,-7.212597],[111.952222,-7.212598],[111.952227,-7.212596],[111.952237,-7.212524],[111.952237,-7.212517],[111.952234,-7.212513],[111.952058,-7.212474],[111.952046,-7.212469],[111.952043,-7.212465],[111.952325,-7.211314],[111.952327,-7.211309],[111.95233,-7.211309],[111.952342,-7.211311],[111.952663,-7.211373],[111.9529,-7.211419],[111.953014,-7.211471],[111.953052,-7.211488],[111.953077,-7.211485],[111.953086,-7.211432],[111.953094,-7.211382],[111.953105,-7.211318],[111.953105,-7.211317],[111.95312,-7.21123],[111.953137,-7.211137],[111.953153,-7.211042],[111.953158,-7.211012],[111.953241,-7.211011],[111.953401,-7.210099],[111.953499,-7.209592],[111.953527,-7.209496],[111.953533,-7.209479],[111.953542,-7.209471],[111.953995,-7.209519],[111.954543,-7.209585],[111.954942,-7.209631],[111.955166,-7.209658],[111.955333,-7.209682],[111.95534,-7.209676],[111.955345,-7.209674],[111.955817,-7.209732],[111.955825,-7.209737],[111.955826,-7.209746],[111.95582,-7.209793],[111.955707,-7.210284],[111.955707,-7.210298],[111.955712,-7.21031],[111.955731,-7.210318],[111.956083,-7.210403],[111.956084,-7.210414],[111.95608,-7.210436],[111.956067,-7.210477],[111.956063,-7.210501],[111.956066,-7.210515],[111.956074,-7.210527],[111.956097,-7.210541],[111.956107,-7.21054],[111.956139,-7.21053],[111.956153,-7.210521],[111.956193,-7.210396],[111.956263,-7.2101],[111.956275,-7.210033],[111.956278,-7.21003],[111.956285,-7.210029],[111.956378,-7.210049],[111.956383,-7.210045],[111.95639,-7.210038],[111.956421,-7.209893],[111.956435,-7.209837],[111.956438,-7.209822],[111.956444,-7.209816],[111.956454,-7.209813],[111.957302,-7.209924],[111.957307,-7.209924],[111.957307,-7.209928],[111.957303,-7.210286],[111.957302,-7.210289],[111.957298,-7.210289],[111.957005,-7.210225],[111.956998,-7.210227],[111.956987,-7.210234],[111.956981,-7.210244],[111.956964,-7.210346],[111.956967,-7.210363],[111.95697,-7.210379],[111.956976,-7.210414],[111.956973,-7.210445],[111.956967,-7.210488],[111.956962,-7.210535],[111.956906,-7.210571],[111.956897,-7.210576],[111.956891,-7.210609],[111.956874,-7.210694],[111.956843,-7.210818],[111.956846,-7.210824],[111.956849,-7.210826],[111.957211,-7.210876],[111.957211,-7.210876],[111.95728,-7.210886],[111.957288,-7.210887],[111.957342,-7.210895],[111.957319,-7.211343],[111.957267,-7.21134],[111.957266,-7.21134],[111.956818,-7.211273],[111.956818,-7.21128],[111.95681,-7.211391],[111.956802,-7.21148],[111.956794,-7.211499],[111.95679,-7.211522],[111.95678,-7.211591],[111.956785,-7.211601],[111.956789,-7.21161],[111.956787,-7.21165],[111.956773,-7.211913],[111.956773,-7.211918],[111.956778,-7.21192],[111.957221,-7.212004],[111.957223,-7.212007],[111.957237,-7.212009],[111.957369,-7.21202],[111.957367,-7.212089],[111.95758,-7.212113],[111.957591,-7.212111],[111.957703,-7.211043],[111.957432,-7.211029],[111.957427,-7.211027],[111.957426,-7.211022],[111.957432,-7.21084],[111.957432,-7.21084],[111.957441,-7.21059],[111.957768,-7.210616],[111.957728,-7.210921],[111.957845,-7.210935],[111.957865,-7.210755],[111.957865,-7.210755],[111.957868,-7.21073],[111.957933,-7.210738],[111.957933,-7.210738],[111.95805,-7.210752],[111.958079,-7.210487],[111.957944,-7.210459],[111.957988,-7.210264],[111.958011,-7.21017],[111.958015,-7.210171],[111.958374,-7.210229],[111.958736,-7.21029],[111.958781,-7.210012],[111.958373,-7.209937],[111.958391,-7.205137],[111.958407,-7.205139],[111.958418,-7.205125],[111.958563,-7.204765],[111.958626,-7.204586],[111.958646,-7.204549],[111.958678,-7.204518],[111.958721,-7.204465],[111.958792,-7.204349],[111.959012,-7.204059],[111.959017,-7.204035],[111.959019,-7.204015],[111.959021,-7.204001],[111.958962,-7.203975],[111.95882,-7.203911],[111.958742,-7.203876],[111.958684,-7.203839],[111.958633,-7.20378],[111.958565,-7.203692],[111.958486,-7.203593],[111.958482,-7.203588],[111.958486,-7.203581],[111.958515,-7.20356],[111.95855,-7.203535],[111.958562,-7.203533],[111.958919,-7.203595],[111.958925,-7.20359],[111.958929,-7.203583],[111.95895,-7.203349],[111.958958,-7.203297],[111.958988,-7.203077],[111.95899,-7.203066],[111.959084,-7.203045],[111.9591,-7.20304],[111.959143,-7.202827],[111.95915,-7.202797],[111.959128,-7.20279],[111.959104,-7.202772],[111.959101,-7.202755],[111.959104,-7.20267],[111.959097,-7.202331],[111.959096,-7.20229],[111.959095,-7.202281],[111.95909,-7.202274],[111.958998,-7.202256],[111.958921,-7.202247],[111.958891,-7.202241],[111.958892,-7.202231],[111.958893,-7.202209],[111.958901,-7.202125],[111.958908,-7.201918],[111.958912,-7.20188],[111.958914,-7.201855],[111.958912,-7.201815],[111.958897,-7.201792],[111.958908,-7.20172],[111.95891,-7.201647],[111.958911,-7.201617],[111.958911,-7.201596],[111.958915,-7.201583],[111.958934,-7.201571],[111.958976,-7.201572],[111.959051,-7.201585],[111.95914,-7.201584],[111.959154,-7.201583],[111.959162,-7.201577],[111.959168,-7.201549],[111.95923,-7.201235],[111.959256,-7.201106],[111.959283,-7.200917],[111.959294,-7.200857],[111.959293,-7.200694],[111.959301,-7.200593],[111.95931,-7.200545],[111.95934,-7.200445],[111.959368,-7.200357],[111.959401,-7.200285],[111.959423,-7.20023],[111.959445,-7.200134],[111.959478,-7.199968],[111.959505,-7.199853],[111.959529,-7.199778],[111.959589,-7.199594],[111.959649,-7.199415],[111.962933,-7.199956],[111.9641,-7.200149],[111.964819,-7.200265],[111.964829,-7.200188],[111.964392,-7.200118],[111.964157,-7.200073],[111.963883,-7.200032],[111.963443,-7.19996],[111.962963,-7.199875],[111.962654,-7.199822],[111.962442,-7.199782],[111.962184,-7.199737],[111.961984,-7.199713],[111.961547,-7.199643],[111.961544,-7.199634],[111.961549,-7.199609],[111.961563,-7.199535],[111.961559,-7.19953],[111.961553,-7.199527],[111.961313,-7.199499],[111.961298,-7.199487],[111.961294,-7.199476],[111.961293,-7.19946],[111.96132,-7.199279],[111.961318,-7.199271],[111.961299,-7.199259],[111.961269,-7.199244],[111.961266,-7.199237],[111.961267,-7.199229],[111.961285,-7.199138],[111.961285,-7.199134],[111.961282,-7.199133],[111.961167,-7.199118],[111.961161,-7.199119],[111.961159,-7.199123],[111.961096,-7.199397],[111.961088,-7.199398],[111.961075,-7.199396],[111.960972,-7.19937],[111.960962,-7.199368],[111.960956,-7.199375],[111.960899,-7.199537],[111.960038,-7.19939],[111.959661,-7.199323],[111.959785,-7.198957],[111.959556,-7.19888],[111.959478,-7.198858],[111.959458,-7.19885],[111.95945,-7.198837],[111.959451,-7.198824],[111.959472,-7.198744],[111.959476,-7.198702],[111.959471,-7.198687],[111.959463,-7.198678],[111.959428,-7.19867],[111.959372,-7.198664],[111.959351,-7.198651],[111.959344,-7.198641],[111.95936,-7.198501],[111.9594,-7.198154],[111.959432,-7.197871],[111.959465,-7.197669],[111.95949,-7.197548],[111.959556,-7.197434],[111.959565,-7.197392],[111.959568,-7.197364],[111.959571,-7.197338],[111.959573,-7.197313],[111.959584,-7.197279],[111.959608,-7.197233],[111.959808,-7.197288],[111.959832,-7.197231],[111.959853,-7.197155],[111.959874,-7.197076],[111.959917,-7.196934],[111.959942,-7.196865],[111.959976,-7.196798],[111.960047,-7.196656],[111.960078,-7.196594],[111.960139,-7.196477],[111.960172,-7.196426],[111.960213,-7.196393],[111.960235,-7.196356],[111.96024,-7.196327],[111.960238,-7.196295],[111.960253,-7.196235],[111.960286,-7.196107],[111.960302,-7.196061],[111.960298,-7.196023],[111.960298,-7.195989],[111.960299,-7.19596],[111.960304,-7.195931],[111.960321,-7.195905],[111.96034,-7.195893],[111.960355,-7.195881],[111.960366,-7.195859],[111.960427,-7.195641],[111.96043,-7.195635],[111.960427,-7.195631],[111.960396,-7.195624],[111.959886,-7.195469],[111.959885,-7.195462],[111.959885,-7.195449],[111.95995,-7.195283],[111.959979,-7.19529],[111.959999,-7.195284],[111.960016,-7.195242],[111.960072,-7.19514],[111.9601,-7.195037],[111.960124,-7.194957],[111.960129,-7.194945],[111.960139,-7.194936],[111.960144,-7.194935],[111.960159,-7.194937],[111.960323,-7.194976],[111.960324,-7.194972],[111.960327,-7.194961],[111.960347,-7.194841],[111.960357,-7.194811],[111.960367,-7.194811],[111.960494,-7.19484],[111.960494,-7.194844],[111.960492,-7.194855],[111.960484,-7.194891],[111.960486,-7.194897],[111.960506,-7.194903],[111.96055,-7.194916],[111.96055,-7.194923],[111.960535,-7.194982],[111.960529,-7.194981],[111.960492,-7.194972],[111.96049,-7.194974],[111.960482,-7.195006],[111.960658,-7.195065],[111.960664,-7.195066],[111.960668,-7.195061],[111.960736,-7.194893],[111.96077,-7.194815],[111.960861,-7.194448],[111.960867,-7.194425],[111.960862,-7.194416],[111.960852,-7.194409],[111.960845,-7.194401],[111.960875,-7.194303],[111.960904,-7.194225],[111.960906,-7.194219],[111.960914,-7.194219],[111.961204,-7.194293],[111.961222,-7.194287],[111.961233,-7.194271],[111.961328,-7.194048],[111.961364,-7.193908],[111.961378,-7.19387],[111.961369,-7.19386],[111.961353,-7.193857],[111.961019,-7.193808],[111.961003,-7.1938],[111.960994,-7.193786],[111.961117,-7.193353],[111.961117,-7.193341],[111.961111,-7.193337],[111.961106,-7.193331],[111.960897,-7.193274],[111.960826,-7.193247],[111.960814,-7.193231],[111.960805,-7.193213],[111.960801,-7.193198],[111.960844,-7.193098],[111.960864,-7.19306],[111.960872,-7.193045],[111.960886,-7.193046],[111.960898,-7.193046],[111.961035,-7.193069],[111.961048,-7.193064],[111.961069,-7.193055],[111.961092,-7.193045],[111.961114,-7.193037],[111.961125,-7.193034],[111.961119,-7.193013],[111.961109,-7.192985],[111.961108,-7.192972],[111.961118,-7.19296],[111.961127,-7.192949],[111.961138,-7.192831],[111.961143,-7.192714],[111.962099,-7.192391],[111.962987,-7.192092],[111.963579,-7.191874],[111.963756,-7.191816],[111.963732,-7.191755],[111.964171,-7.191612],[111.964721,-7.191415],[111.964822,-7.191382],[111.964856,-7.191468],[111.965078,-7.1914],[111.965564,-7.191277],[111.965837,-7.191221],[111.966154,-7.191144],[111.966652,-7.191031],[111.966685,-7.191022],[111.966693,-7.191026],[111.966697,-7.191033],[111.966717,-7.191216],[111.966718,-7.191347],[111.966724,-7.191561],[111.966731,-7.191577],[111.966749,-7.1916],[111.966776,-7.191607],[111.966893,-7.191611],[111.966979,-7.191619],[111.967015,-7.19162],[111.967038,-7.19163],[111.967045,-7.191643],[111.967049,-7.191664],[111.96703,-7.191878],[111.967036,-7.191885],[111.967074,-7.191885],[111.967127,-7.191892],[111.967129,-7.191895],[111.967128,-7.191901],[111.967113,-7.192103],[111.967114,-7.192107],[111.96712,-7.192107],[111.967174,-7.192122],[111.967182,-7.192136],[111.967191,-7.192176],[111.967195,-7.192205],[111.967141,-7.192433],[111.967047,-7.192746],[111.967054,-7.192754],[111.967072,-7.192761],[111.967219,-7.192791],[111.967391,-7.192825],[111.967394,-7.194289],[111.967394,-7.194366],[111.967375,-7.194399],[111.967355,-7.194434],[111.967336,-7.194557],[111.967316,-7.194744],[111.967242,-7.195116],[111.967191,-7.195428],[111.967143,-7.195601],[111.967086,-7.195836],[111.967052,-7.196084],[111.96701,-7.196236],[111.966933,-7.196661],[111.966811,-7.19728],[111.966696,-7.197883],[111.966552,-7.198575],[111.966526,-7.19872],[111.966477,-7.198853],[111.966418,-7.198941],[111.966324,-7.19911],[111.966235,-7.199355],[111.966195,-7.199459],[111.9661,-7.199638],[111.966033,-7.199776],[111.965998,-7.200045],[111.966018,-7.2],[111.966094,-7.199843],[111.966146,-7.199748],[111.96619,-7.199647],[111.966246,-7.199521],[111.966293,-7.199418],[111.966313,-7.199366],[111.966342,-7.199278],[111.966381,-7.199185],[111.966446,-7.199036],[111.96649,-7.19898],[111.966503,-7.198975],[111.966548,-7.198844],[111.966573,-7.198832],[111.966611,-7.19872],[111.966623,-7.198609],[111.966645,-7.198478],[111.966674,-7.198302],[111.966723,-7.198049],[111.966817,-7.19762],[111.966861,-7.197421],[111.966918,-7.197069],[111.966976,-7.196819],[111.967069,-7.196333],[111.967123,-7.196101],[111.967129,-7.196098],[111.967136,-7.196084],[111.967168,-7.195902],[111.967183,-7.195798],[111.96725,-7.195505],[111.9673,-7.195334],[111.967318,-7.195203],[111.967395,-7.194772],[111.967407,-7.200556],[111.966733,-7.200467],[111.966312,-7.200404],[111.965959,-7.200349],[111.965947,-7.200447],[111.967407,-7.200661],[111.967487,-7.200676],[111.967594,-7.200693],[111.967951,-7.200736],[111.968245,-7.200769],[111.968553,-7.200826],[111.968748,-7.200861],[111.968697,-7.201096],[111.968812,-7.201116],[111.96886,-7.200879],[111.969045,-7.200898],[111.968994,-7.201183],[111.969187,-7.201208],[111.969221,-7.20095]],[[111.966359,-7.203117],[111.966346,-7.202866],[111.966337,-7.202782],[111.966324,-7.202751],[111.966297,-7.20274],[111.966253,-7.202739],[111.966106,-7.202773],[111.965989,-7.202814],[111.965964,-7.202815],[111.965933,-7.202804],[111.965808,-7.202749],[111.965806,-7.20274],[111.965828,-7.202727],[111.965862,-7.202704],[111.965883,-7.202666],[111.965893,-7.202609],[111.965883,-7.202581],[111.965865,-7.202558],[111.965822,-7.202541],[111.965744,-7.202502],[111.965715,-7.202472],[111.965705,-7.202446],[111.965713,-7.202402],[111.965749,-7.202291],[111.965769,-7.202236],[111.965768,-7.202082],[111.965789,-7.201957],[111.965835,-7.201826],[111.965911,-7.201545],[111.965926,-7.20148],[111.965923,-7.201446],[111.96594,-7.201393],[111.965972,-7.201299],[111.96599,-7.20118],[111.966004,-7.200961],[111.966006,-7.200881],[111.965987,-7.200847],[111.965956,-7.200822],[111.965901,-7.200799],[111.965891,-7.200879],[111.965907,-7.20089],[111.965932,-7.200906],[111.965941,-7.200926],[111.965913,-7.201273],[111.965845,-7.201544],[111.965812,-7.2017],[111.965768,-7.201835],[111.965679,-7.202527],[111.965724,-7.20256],[111.965791,-7.202603],[111.965811,-7.202616],[111.965815,-7.202633],[111.965805,-7.202653],[111.965736,-7.202708],[111.965731,-7.202717],[111.965726,-7.202741],[111.965726,-7.202781],[111.965745,-7.202808],[111.965927,-7.202886],[111.965991,-7.202902],[111.966052,-7.202888],[111.966124,-7.202847],[111.966173,-7.202826],[111.966221,-7.202811],[111.966259,-7.202803],[111.966281,-7.202806],[111.966287,-7.202818],[111.966298,-7.202917],[111.966309,-7.203211],[111.966312,-7.203259],[111.966325,-7.203316],[111.966324,-7.203386],[111.966325,-7.203432],[111.96623,-7.203698],[111.966211,-7.203767],[111.966198,-7.203871],[111.966192,-7.203941],[111.966195,-7.20404],[111.966195,-7.20408],[111.966186,-7.204162],[111.966177,-7.204247],[111.966158,-7.204307],[111.966077,-7.204467],[111.966008,-7.204681],[111.966007,-7.204728],[111.96605,-7.204767],[111.966118,-7.204812],[111.966124,-7.204824],[111.966093,-7.204891],[111.966068,-7.205085],[111.966059,-7.205092],[111.966035,-7.205094],[111.965999,-7.205083],[111.965967,-7.205075],[111.965943,-7.205084],[111.965863,-7.205192],[111.965759,-7.205352],[111.965717,-7.205376],[111.965659,-7.205405],[111.965598,-7.205482],[111.965595,-7.20551],[111.965603,-7.205535],[111.965627,-7.205554],[111.965682,-7.205584],[111.96575,-7.205614],[111.965779,-7.205632],[111.965786,-7.20565],[111.965763,-7.2057],[111.965736,-7.205762],[111.965729,-7.205799],[111.965717,-7.205863],[111.965654,-7.205972],[111.965528,-7.206147],[111.965467,-7.206244],[111.965397,-7.206312],[111.965317,-7.206458],[111.965316,-7.206486],[111.965345,-7.206511],[111.965467,-7.206596],[111.9656,-7.206658],[111.965625,-7.20667],[111.965653,-7.206684],[111.96566,-7.206695],[111.965659,-7.206712],[111.965573,-7.206887],[111.965567,-7.206908],[111.965573,-7.206925],[111.965589,-7.20694],[111.965668,-7.206999],[111.965684,-7.207014],[111.965686,-7.207024],[111.965685,-7.207033],[111.965554,-7.207205],[111.965309,-7.207526],[111.965218,-7.207658],[111.965214,-7.207674],[111.96522,-7.207696],[111.965278,-7.207742],[111.965435,-7.207838],[111.96552,-7.207884],[111.965528,-7.207891],[111.965535,-7.2079],[111.965536,-7.207911],[111.965311,-7.208208],[111.965023,-7.208527],[111.965003,-7.208547],[111.964982,-7.208554],[111.964891,-7.208651],[111.964864,-7.208703],[111.96485,-7.208769],[111.964837,-7.208795],[111.964808,-7.208819],[111.964772,-7.208838],[111.964664,-7.208881],[111.964641,-7.208896],[111.96442,-7.209105],[111.964195,-7.209347],[111.964223,-7.209378],[111.964237,-7.209379],[111.964263,-7.20935],[111.964363,-7.209256],[111.964529,-7.209108],[111.964681,-7.208954],[111.964709,-7.208929],[111.964796,-7.208891],[111.964853,-7.208864],[111.964893,-7.208835],[111.964911,-7.208809],[111.964919,-7.208791],[111.964936,-7.208728],[111.964972,-7.208677],[111.965035,-7.208612],[111.965294,-7.208335],[111.965407,-7.208207],[111.965621,-7.2079],[111.965629,-7.20788],[111.96561,-7.207859],[111.965572,-7.207837],[111.965436,-7.207766],[111.965309,-7.207693],[111.965291,-7.207678],[111.965294,-7.207653],[111.965387,-7.20753],[111.965645,-7.207193],[111.965724,-7.207091],[111.965748,-7.207049],[111.965751,-7.207017],[111.96574,-7.206988],[111.965725,-7.206968],[111.965669,-7.206936],[111.965639,-7.206918],[111.965631,-7.206906],[111.965625,-7.20689],[111.965723,-7.206694],[111.965728,-7.206675],[111.96572,-7.206649],[111.965697,-7.206627],[111.96561,-7.206587],[111.965445,-7.206507],[111.96541,-7.206487],[111.965396,-7.206469],[111.965393,-7.206452],[111.965399,-7.206429],[111.965449,-7.206339],[111.965493,-7.206304],[111.965539,-7.206263],[111.965615,-7.206121],[111.965672,-7.206059],[111.96571,-7.206022],[111.965733,-7.205993],[111.965791,-7.205878],[111.965811,-7.20581],[111.965814,-7.205769],[111.965821,-7.205742],[111.965864,-7.205668],[111.965869,-7.205633],[111.965856,-7.205607],[111.965828,-7.205579],[111.965777,-7.205552],[111.965715,-7.205521],[111.965688,-7.205503],[111.965684,-7.205492],[111.965683,-7.205481],[111.965702,-7.205466],[111.965727,-7.205454],[111.965761,-7.205438],[111.965805,-7.205415],[111.965889,-7.205296],[111.965889,-7.205287],[111.965886,-7.205278],[111.96597,-7.205157],[111.965984,-7.205152],[111.966016,-7.205157],[111.966046,-7.205161],[111.966083,-7.205157],[111.966114,-7.205136],[111.966126,-7.20512],[111.966172,-7.204873],[111.966194,-7.204789],[111.966181,-7.204772],[111.966132,-7.20474],[111.966092,-7.204712],[111.966081,-7.204691],[111.966099,-7.204606],[111.966134,-7.204495],[111.966213,-7.204301],[111.966235,-7.204253],[111.966265,-7.204061],[111.966258,-7.203929],[111.966265,-7.203836],[111.966267,-7.203816],[111.966351,-7.203554],[111.966372,-7.203503],[111.966387,-7.203431],[111.966393,-7.203382],[111.966393,-7.203333],[111.966395,-7.203283],[111.966359,-7.203117]]]]}},{"type":"Feature","properties":{"GM_LAYER":"Unknown Area Type","id":null,"LAYER":"Unknown Area Type","MAP_NAME":"Sawah","PERIMETER":"1.075 km","ENCLOSED_A":"2.441 ha","ISLAND_ARE":null,"LENGTH":null,"WIDTH":null},"geometry":{"type":"MultiPolygon","coordinates":[[[[111.943032,-7.198232],[111.943038,-7.198235],[111.943044,-7.198235],[111.94307,-7.198229],[111.943129,-7.198224],[111.94318,-7.198222],[111.943245,-7.198221],[111.943259,-7.198221],[111.943263,-7.198223],[111.943265,-7.198226],[111.943266,-7.198246],[111.943268,-7.198249],[111.943271,-7.198251],[111.943344,-7.198251],[111.943348,-7.198251],[111.94335,-7.198248],[111.94335,-7.198231],[111.943353,-7.198227],[111.943355,-7.198225],[111.943438,-7.198219],[111.943529,-7.198226],[111.943535,-7.198228],[111.943544,-7.198235],[111.943549,-7.198246],[111.943546,-7.198256],[111.94353,-7.198265],[111.943471,-7.198288],[111.943404,-7.198306],[111.943292,-7.198333],[111.943262,-7.198347],[111.943211,-7.198375],[111.943183,-7.1984],[111.943145,-7.198451],[111.942752,-7.198588],[111.942468,-7.198704],[111.942152,-7.198833],[111.94182,-7.198952],[111.94169,-7.198997],[111.941644,-7.198814],[111.941671,-7.199003],[111.941643,-7.199013],[111.941335,-7.19912],[111.941051,-7.199209],[111.940749,-7.199289],[111.940537,-7.199337],[111.940523,-7.199231],[111.941716,-7.198763],[111.941717,-7.198752],[111.941727,-7.198631],[111.941721,-7.19862],[111.941711,-7.198612],[111.9417,-7.198608],[111.941582,-7.198615],[111.941578,-7.198612],[111.941576,-7.198607],[111.941566,-7.198515],[111.941564,-7.198364],[111.94157,-7.198329],[111.941569,-7.198326],[111.941566,-7.198324],[111.941472,-7.198302],[111.941464,-7.198299],[111.941461,-7.198292],[111.941459,-7.198285],[111.941461,-7.198278],[111.941463,-7.198269],[111.941469,-7.198262],[111.941511,-7.198223],[111.941539,-7.198168],[111.941558,-7.198114],[111.941574,-7.198059],[111.941578,-7.197954],[111.941573,-7.197881],[111.941568,-7.197853],[111.941562,-7.197836],[111.941527,-7.19781],[111.941506,-7.197787],[111.941503,-7.197753],[111.941506,-7.197655],[111.941511,-7.197528],[111.941516,-7.197504],[111.941525,-7.197495],[111.941562,-7.197492],[111.941805,-7.197512],[111.941947,-7.197512],[111.942033,-7.197508],[111.942052,-7.197505],[111.942057,-7.197497],[111.942058,-7.197414],[111.942053,-7.197386],[111.942051,-7.197365],[111.942052,-7.197357],[111.942056,-7.197352],[111.942149,-7.197357],[111.942207,-7.19736],[111.942212,-7.197367],[111.942212,-7.197382],[111.942193,-7.197528],[111.942197,-7.197533],[111.94221,-7.197543],[111.942274,-7.197552],[111.942355,-7.197556],[111.942371,-7.197553],[111.942377,-7.197547],[111.942404,-7.197546],[111.942519,-7.197552],[111.942519,-7.197552],[111.94252,-7.197552],[111.94255,-7.19755],[111.942578,-7.197541],[111.942599,-7.197527],[111.942637,-7.197501],[111.942645,-7.197493],[111.942673,-7.197491],[111.942697,-7.197489],[111.942724,-7.197487],[111.942749,-7.19749],[111.942807,-7.197501],[111.942841,-7.197513],[111.942867,-7.197525],[111.942885,-7.197553],[111.942888,-7.197574],[111.942814,-7.198074],[111.942816,-7.198086],[111.942829,-7.198094],[111.943023,-7.198118],[111.943036,-7.198122],[111.943042,-7.198132],[111.943032,-7.198232]]]]}},{"type":"Feature","properties":{"GM_LAYER":"Unknown Area Type","id":null,"LAYER":"Unknown Area Type","MAP_NAME":"Sawah","PERIMETER":"729.12 m","ENCLOSED_A":"1.257 ha","ISLAND_ARE":null,"LENGTH":null,"WIDTH":null},"geometry":{"type":"MultiPolygon","coordinates":[[[[111.904329,-7.17831],[111.904574,-7.178508],[111.904556,-7.178526],[111.904478,-7.178663],[111.904464,-7.178724],[111.904406,-7.178802],[111.904406,-7.178802],[111.904358,-7.178765],[111.904353,-7.178761],[111.904297,-7.178717],[111.904218,-7.178655],[111.904157,-7.178608],[111.904106,-7.178568],[111.904192,-7.178611],[111.904106,-7.178568],[111.904101,-7.178564],[111.904101,-7.178564],[111.903967,-7.1785],[111.903818,-7.178435],[111.903692,-7.178394],[111.90343,-7.178316],[111.903449,-7.178187],[111.903323,-7.17816],[111.903181,-7.178116],[111.902847,-7.178025],[111.902906,-7.17784],[111.902927,-7.177786],[111.90294,-7.177748],[111.90292,-7.177732],[111.902919,-7.177732],[111.902916,-7.177729],[111.902915,-7.177729],[111.902855,-7.177683],[111.902827,-7.177661],[111.90273,-7.177558],[111.902669,-7.17743],[111.902651,-7.17729],[111.902653,-7.177278],[111.902615,-7.177209],[111.902589,-7.17707],[111.902607,-7.17693],[111.902614,-7.176916],[111.903172,-7.177371],[111.903156,-7.177385],[111.903073,-7.177473],[111.903048,-7.177567],[111.903106,-7.177621],[111.903234,-7.177725],[111.903258,-7.177732],[111.903379,-7.177593],[111.903408,-7.177562],[111.904329,-7.17831]]]]}},{"type":"Feature","properties":{"GM_LAYER":"Unknown Area Type","id":null,"LAYER":"Unknown Area Type","MAP_NAME":"Sawah","PERIMETER":"3.188 km","ENCLOSED_A":"25.518 ha","ISLAND_ARE":null,"LENGTH":null,"WIDTH":null},"geometry":{"type":"MultiPolygon","coordinates":[[[[111.858089,-7.202318],[111.858092,-7.202304],[111.858105,-7.202293],[111.858123,-7.202276],[111.858136,-7.202253],[111.858138,-7.202216],[111.858136,-7.202208],[111.85813,-7.202206],[111.858008,-7.202195],[111.857979,-7.20219],[111.857873,-7.202138],[111.857732,-7.202083],[111.857649,-7.202055],[111.857529,-7.202021],[111.857523,-7.202025],[111.857489,-7.202147],[111.857485,-7.202152],[111.857479,-7.202153],[111.857058,-7.202014],[111.857037,-7.202013],[111.857023,-7.202023],[111.856947,-7.202316],[111.856948,-7.20232],[111.856951,-7.202323],[111.857048,-7.20235],[111.857077,-7.202361],[111.857131,-7.202397],[111.857141,-7.20241],[111.857145,-7.202421],[111.857139,-7.202444],[111.857131,-7.202468],[111.857127,-7.202487],[111.857127,-7.202492],[111.857135,-7.2025],[111.857293,-7.202553],[111.857303,-7.202558],[111.857311,-7.202565],[111.857314,-7.202576],[111.857315,-7.202589],[111.857312,-7.202619],[111.857264,-7.202738],[111.857265,-7.202747],[111.857272,-7.202752],[111.857284,-7.202757],[111.857288,-7.202761],[111.85729,-7.202767],[111.857143,-7.203041],[111.857133,-7.203046],[111.857122,-7.203047],[111.856856,-7.202934],[111.856854,-7.202931],[111.856853,-7.202927],[111.856899,-7.202652],[111.856897,-7.202631],[111.85688,-7.202615],[111.856478,-7.202516],[111.856468,-7.202517],[111.856457,-7.202522],[111.856418,-7.202572],[111.856403,-7.202579],[111.856382,-7.202585],[111.856362,-7.202586],[111.856153,-7.202518],[111.856141,-7.202519],[111.856131,-7.202524],[111.856074,-7.202731],[111.856066,-7.202739],[111.856053,-7.202744],[111.856033,-7.202744],[111.855945,-7.202731],[111.855931,-7.20274],[111.855925,-7.202756],[111.855836,-7.203119],[111.85584,-7.203127],[111.856253,-7.203355],[111.856294,-7.203377],[111.856354,-7.203401],[111.856452,-7.203419],[111.856534,-7.203427],[111.856607,-7.203408],[111.856703,-7.203347],[111.856746,-7.203307],[111.856837,-7.203003],[111.85684,-7.202997],[111.856848,-7.202995],[111.857022,-7.203067],[111.857051,-7.203081],[111.857065,-7.20309],[111.857072,-7.203098],[111.857071,-7.203107],[111.856082,-7.204194],[111.856431,-7.203812],[111.856455,-7.203816],[111.856445,-7.203827],[111.856357,-7.203922],[111.856357,-7.203922],[111.856357,-7.203922],[111.856344,-7.203935],[111.856285,-7.203999],[111.856223,-7.204064],[111.85608,-7.204217],[111.856057,-7.204228],[111.856027,-7.204231],[111.855995,-7.204224],[111.855954,-7.204215],[111.855899,-7.204201],[111.855846,-7.204189],[111.855769,-7.204173],[111.855702,-7.204161],[111.855594,-7.204145],[111.8555,-7.20413],[111.85543,-7.204116],[111.855362,-7.2041],[111.855335,-7.204085],[111.855305,-7.204065],[111.855278,-7.20405],[111.855247,-7.204035],[111.855206,-7.204017],[111.855169,-7.204005],[111.855128,-7.203997],[111.855088,-7.203992],[111.855042,-7.203985],[111.854974,-7.203979],[111.854919,-7.203972],[111.854869,-7.203963],[111.85483,-7.203953],[111.85476,-7.203936],[111.854684,-7.203916],[111.854547,-7.203884],[111.854513,-7.203875],[111.854426,-7.20385],[111.85435,-7.203827],[111.854212,-7.20378],[111.854123,-7.203748],[111.85412,-7.203747],[111.854097,-7.203738],[111.854102,-7.203726],[111.854109,-7.203729],[111.854079,-7.203718],[111.854078,-7.203715],[111.854078,-7.203711],[111.854088,-7.203681],[111.85409,-7.203665],[111.854087,-7.20365],[111.854079,-7.20363],[111.854068,-7.203599],[111.854059,-7.203559],[111.854055,-7.20352],[111.854046,-7.203462],[111.854035,-7.203425],[111.854013,-7.203399],[111.853998,-7.203375],[111.85399,-7.203344],[111.85398,-7.203299],[111.85398,-7.203251],[111.853982,-7.20319],[111.854026,-7.203002],[111.854022,-7.202988],[111.854007,-7.202979],[111.853874,-7.202948],[111.85387,-7.202946],[111.853868,-7.202939],[111.853916,-7.202704],[111.853917,-7.202692],[111.853911,-7.20268],[111.853895,-7.202661],[111.853873,-7.202646],[111.853854,-7.202639],[111.853843,-7.202625],[111.853835,-7.202605],[111.853837,-7.202572],[111.85389,-7.202365],[111.853887,-7.202354],[111.853878,-7.202348],[111.853807,-7.202335],[111.853797,-7.202325],[111.853789,-7.202313],[111.853787,-7.20229],[111.853789,-7.202266],[111.853864,-7.202141],[111.853869,-7.202126],[111.853863,-7.202112],[111.853849,-7.202099],[111.853682,-7.202045],[111.853671,-7.202036],[111.853664,-7.202024],[111.853661,-7.202009],[111.853785,-7.201677],[111.853788,-7.201662],[111.853782,-7.201651],[111.853554,-7.201587],[111.853543,-7.20158],[111.853536,-7.201575],[111.853531,-7.201567],[111.853683,-7.201129],[111.853791,-7.200832],[111.853867,-7.200568],[111.853902,-7.200425],[111.853913,-7.200409],[111.853926,-7.200402],[111.853978,-7.200398],[111.854029,-7.200397],[111.854393,-7.200483],[111.854402,-7.200481],[111.85441,-7.200477],[111.854497,-7.200107],[111.854507,-7.200095],[111.85452,-7.200095],[111.854911,-7.200238],[111.854919,-7.200238],[111.854924,-7.200232],[111.854948,-7.200163],[111.854971,-7.200119],[111.854982,-7.200104],[111.854998,-7.200096],[111.855014,-7.200095],[111.85503,-7.200099],[111.855111,-7.200163],[111.855123,-7.200162],[111.855137,-7.200154],[111.855147,-7.200145],[111.855155,-7.200134],[111.855162,-7.200117],[111.855169,-7.200102],[111.855192,-7.200067],[111.855209,-7.200043],[111.855216,-7.20004],[111.855221,-7.200041],[111.855345,-7.200142],[111.85544,-7.200197],[111.855521,-7.200235],[111.855531,-7.200234],[111.85554,-7.200231],[111.85561,-7.200124],[111.85568,-7.199983],[111.855709,-7.199924],[111.85575,-7.199822],[111.855775,-7.199745],[111.855795,-7.199673],[111.85579,-7.199657],[111.855774,-7.19965],[111.855622,-7.199603],[111.855611,-7.199597],[111.855608,-7.199587],[111.855646,-7.199333],[111.855653,-7.199271],[111.855641,-7.19918],[111.855625,-7.199112],[111.855603,-7.199052],[111.855597,-7.199012],[111.855604,-7.198968],[111.855609,-7.198952],[111.855613,-7.198932],[111.855608,-7.198854],[111.855609,-7.198844],[111.855616,-7.198839],[111.855708,-7.198811],[111.855718,-7.198877],[111.855945,-7.19884],[111.85596,-7.198738],[111.855964,-7.198726],[111.855978,-7.198721],[111.856675,-7.198468],[111.856748,-7.198447],[111.856808,-7.198429],[111.856851,-7.198406],[111.856979,-7.198319],[111.857089,-7.198274],[111.857183,-7.19824],[111.857217,-7.198231],[111.857228,-7.198231],[111.857236,-7.198237],[111.857242,-7.198252],[111.85724,-7.198269],[111.857329,-7.198265],[111.857334,-7.198264],[111.857337,-7.198261],[111.857337,-7.198211],[111.857341,-7.198203],[111.857714,-7.198029],[111.85786,-7.197972],[111.857919,-7.197971],[111.857991,-7.197947],[111.858118,-7.197898],[111.858129,-7.197886],[111.858151,-7.197883],[111.858274,-7.197881],[111.85828,-7.197874],[111.858278,-7.197841],[111.85828,-7.197837],[111.858291,-7.197835],[111.858318,-7.197822],[111.858334,-7.19781],[111.85836,-7.197805],[111.858702,-7.197853],[111.858815,-7.19787],[111.858841,-7.197879],[111.85886,-7.197896],[111.858866,-7.19791],[111.858765,-7.202879],[111.858724,-7.202891],[111.858705,-7.202511],[111.858679,-7.202465],[111.858641,-7.202438],[111.858577,-7.202421],[111.858348,-7.202385],[111.85812,-7.202365],[111.858101,-7.202358],[111.858094,-7.202343],[111.858089,-7.202318]],[[111.854169,-7.20375],[111.854296,-7.203796],[111.854296,-7.203796],[111.854169,-7.20375]],[[111.854985,-7.20378],[111.854981,-7.203778],[111.854976,-7.203585],[111.854973,-7.203576],[111.854964,-7.203572],[111.854916,-7.203576],[111.854909,-7.203581],[111.854904,-7.203588],[111.854866,-7.203939],[111.854864,-7.203944],[111.85487,-7.203952],[111.854985,-7.203971],[111.85498,-7.203967],[111.854975,-7.203958],[111.854984,-7.203874],[111.854984,-7.203853],[111.854984,-7.203853],[111.854986,-7.203785],[111.854985,-7.20378]],[[111.855991,-7.203957],[111.855885,-7.203923],[111.855878,-7.203916],[111.855875,-7.203909],[111.855904,-7.203718],[111.855902,-7.203705],[111.855887,-7.203698],[111.855168,-7.203604],[111.855153,-7.203609],[111.855148,-7.203618],[111.85515,-7.203973],[111.855146,-7.203982],[111.85514,-7.203986],[111.855206,-7.204008],[111.855261,-7.204033],[111.855362,-7.204089],[111.855408,-7.204103],[111.855657,-7.204143],[111.8559,-7.204196],[111.855941,-7.204201],[111.855946,-7.204184],[111.855947,-7.204177],[111.855948,-7.20417],[111.855992,-7.203968],[111.855991,-7.203957]],[[111.855885,-7.203923],[111.855908,-7.20393],[111.855908,-7.20393],[111.855885,-7.203923]]]]}},{"type":"Feature","properties":{"GM_LAYER":"Unknown Area Type","id":null,"LAYER":"Unknown Area Type","MAP_NAME":"Sawah","PERIMETER":"179.06 m","ENCLOSED_A":"0.1901 ha","ISLAND_ARE":null,"LENGTH":null,"WIDTH":null},"geometry":{"type":"MultiPolygon","coordinates":[[[[111.85961,-7.208332],[111.859618,-7.208338],[111.859526,-7.2088],[111.859522,-7.208805],[111.859513,-7.208813],[111.859497,-7.208821],[111.859484,-7.208841],[111.859458,-7.208852],[111.859421,-7.208861],[111.859276,-7.208858],[111.859253,-7.208851],[111.859238,-7.208836],[111.859237,-7.208821],[111.859321,-7.208314],[111.859324,-7.208309],[111.85933,-7.208307],[111.8596,-7.208329],[111.85961,-7.208332]]]]}},{"type":"Feature","properties":{"GM_LAYER":"Unknown Area Type","id":null,"LAYER":"Unknown Area Type","MAP_NAME":"Sawah","PERIMETER":"3.736 km","ENCLOSED_A":"40.28 ha","ISLAND_ARE":null,"LENGTH":null,"WIDTH":null},"geometry":{"type":"MultiPolygon","coordinates":[[[[111.926252,-7.215019],[111.926513,-7.21511],[111.926488,-7.215205],[111.926411,-7.215432],[111.926401,-7.215481],[111.92636,-7.215487],[111.92633,-7.215493],[111.926269,-7.215621],[111.926257,-7.215671],[111.926286,-7.215743],[111.926319,-7.215823],[111.926307,-7.215895],[111.92626,-7.215948],[111.926191,-7.215976],[111.926142,-7.215963],[111.926079,-7.215924],[111.925995,-7.215902],[111.92589,-7.215848],[111.925837,-7.215782],[111.925794,-7.215753],[111.925763,-7.215783],[111.925725,-7.215868],[111.925684,-7.215938],[111.925568,-7.215947],[111.925468,-7.215949],[111.925396,-7.215965],[111.925342,-7.215988],[111.925235,-7.216061],[111.925175,-7.216126],[111.92501,-7.216273],[111.924973,-7.216281],[111.924936,-7.216273],[111.924926,-7.216284],[111.924828,-7.216373],[111.924739,-7.216447],[111.924711,-7.216457],[111.924674,-7.216423],[111.924602,-7.216336],[111.924544,-7.216239],[111.924535,-7.216219],[111.92451,-7.216213],[111.924469,-7.216236],[111.924403,-7.216315],[111.924319,-7.216409],[111.92428,-7.216446],[111.924265,-7.216449],[111.924196,-7.216413],[111.924029,-7.216331],[111.923912,-7.216279],[111.923835,-7.216249],[111.923687,-7.21621],[111.923412,-7.216143],[111.923162,-7.21609],[111.922902,-7.216031],[111.922678,-7.215971],[111.922632,-7.215956],[111.922618,-7.215932],[111.922596,-7.215904],[111.922551,-7.215885],[111.922458,-7.215864],[111.922323,-7.215836],[111.922212,-7.215805],[111.922157,-7.2158],[111.922124,-7.215815],[111.922099,-7.215829],[111.922058,-7.215833],[111.921953,-7.215808],[111.921709,-7.215744],[111.921521,-7.215691],[111.921392,-7.215672],[111.921279,-7.215652],[111.921221,-7.215641],[111.921191,-7.215631],[111.921163,-7.215601],[111.921147,-7.215571],[111.921121,-7.215538],[111.921105,-7.215531],[111.921047,-7.21552],[111.921001,-7.215518],[111.920906,-7.21551],[111.920795,-7.215499],[111.920571,-7.215472],[111.920337,-7.21544],[111.920131,-7.215415],[111.919998,-7.215402],[111.919866,-7.215394],[111.919697,-7.215391],[111.919498,-7.215385],[111.919489,-7.215378],[111.919495,-7.215336],[111.919494,-7.215315],[111.919477,-7.215309],[111.919378,-7.215285],[111.919249,-7.215259],[111.919192,-7.215251],[111.919181,-7.215258],[111.919154,-7.215319],[111.919137,-7.215343],[111.919108,-7.215347],[111.919006,-7.215342],[111.918895,-7.215335],[111.918802,-7.215335],[111.918744,-7.215336],[111.918843,-7.215086],[111.918856,-7.215022],[111.918894,-7.214981],[111.918992,-7.214947],[111.919037,-7.214918],[111.919037,-7.21487],[111.918997,-7.214838],[111.918936,-7.214815],[111.918866,-7.21476],[111.918838,-7.21468],[111.918862,-7.214612],[111.91902,-7.214456],[111.919083,-7.214377],[111.919116,-7.214338],[111.919146,-7.214344],[111.919193,-7.214351],[111.919239,-7.214319],[111.919235,-7.214286],[111.919182,-7.214249],[111.919118,-7.214247],[111.919097,-7.214221],[111.919101,-7.214158],[111.919137,-7.214098],[111.919203,-7.214055],[111.919269,-7.214059],[111.919301,-7.214043],[111.919308,-7.214017],[111.91926,-7.213989],[111.919218,-7.213966],[111.919192,-7.213943],[111.919185,-7.213906],[111.919213,-7.213864],[111.919262,-7.213778],[111.919289,-7.213675],[111.919315,-7.213602],[111.919347,-7.213581],[111.919414,-7.213565],[111.919476,-7.213509],[111.919486,-7.213473],[111.919478,-7.213439],[111.919491,-7.213406],[111.919527,-7.213357],[111.919595,-7.213288],[111.919649,-7.213202],[111.919649,-7.213202],[111.919674,-7.213163],[111.919741,-7.213127],[111.919817,-7.213115],[111.919937,-7.213116],[111.919992,-7.213106],[111.920043,-7.213066],[111.920089,-7.212977],[111.920146,-7.21289],[111.920174,-7.212838],[111.920331,-7.212376],[111.920366,-7.212306],[111.920371,-7.212267],[111.92039,-7.212239],[111.920431,-7.212224],[111.92046,-7.212231],[111.920527,-7.212239],[111.920566,-7.212217],[111.920576,-7.21217],[111.92056,-7.212127],[111.920542,-7.212078],[111.920541,-7.212026],[111.920551,-7.211985],[111.920604,-7.211915],[111.920675,-7.21182],[111.920745,-7.211725],[111.920793,-7.211688],[111.920812,-7.211657],[111.920812,-7.211613],[111.920773,-7.211573],[111.920724,-7.21154],[111.920703,-7.211497],[111.920763,-7.211319],[111.920777,-7.211295],[111.920777,-7.211295],[111.920813,-7.211238],[111.920845,-7.211187],[111.920845,-7.211187],[111.920851,-7.211178],[111.920953,-7.211013],[111.921003,-7.210893],[111.921046,-7.210792],[111.921081,-7.210734],[111.921132,-7.210672],[111.921162,-7.210636],[111.92118,-7.210604],[111.921188,-7.210579],[111.92122,-7.210538],[111.92126,-7.210488],[111.921276,-7.210452],[111.921316,-7.210356],[111.921354,-7.210291],[111.921381,-7.210255],[111.921413,-7.210226],[111.921432,-7.210195],[111.921429,-7.210183],[111.921402,-7.210167],[111.921382,-7.210155],[111.921437,-7.210065],[111.921445,-7.210029],[111.921452,-7.21],[111.921492,-7.209936],[111.92147,-7.209928],[111.921465,-7.209917],[111.92149,-7.209847],[111.921515,-7.209802],[111.921532,-7.209771],[111.921533,-7.209729],[111.921558,-7.209668],[111.921574,-7.209627],[111.921608,-7.209574],[111.921684,-7.209493],[111.921722,-7.209443],[111.921792,-7.209347],[111.921879,-7.209367],[111.9219,-7.209261],[111.921912,-7.209233],[111.921943,-7.20919],[111.92198,-7.209138],[111.922022,-7.209079],[111.922076,-7.209024],[111.922015,-7.208965],[111.922009,-7.208943],[111.922203,-7.208577],[111.922246,-7.208511],[111.922281,-7.208473],[111.922319,-7.208463],[111.922387,-7.208477],[111.922395,-7.208442],[111.923272,-7.208626],[111.923222,-7.208861],[111.923381,-7.208894],[111.923431,-7.208657],[111.923728,-7.208719],[111.923718,-7.208938],[111.923726,-7.209092],[111.923746,-7.209458],[111.923758,-7.209469],[111.923882,-7.209478],[111.924077,-7.209493],[111.924246,-7.209518],[111.924381,-7.209549],[111.924375,-7.209636],[111.924335,-7.209913],[111.924214,-7.209894],[111.924104,-7.209879],[111.923931,-7.209853],[111.923835,-7.20985],[111.923782,-7.209851],[111.923808,-7.209875],[111.923818,-7.209913],[111.923827,-7.210062],[111.924264,-7.210141],[111.924241,-7.210291],[111.924276,-7.210299],[111.924276,-7.210299],[111.924539,-7.210358],[111.924482,-7.210743],[111.924893,-7.2108],[111.924895,-7.210928],[111.924499,-7.210876],[111.924452,-7.211079],[111.924985,-7.211155],[111.925031,-7.211432],[111.925046,-7.211525],[111.924814,-7.211511],[111.924805,-7.211638],[111.925075,-7.211693],[111.925104,-7.211968],[111.925121,-7.212108],[111.924999,-7.212087],[111.924951,-7.21208],[111.924915,-7.212093],[111.92489,-7.21215],[111.924869,-7.212348],[111.924839,-7.21254],[111.924833,-7.212654],[111.924836,-7.212719],[111.924674,-7.212703],[111.924651,-7.21289],[111.924649,-7.212907],[111.924658,-7.212949],[111.924764,-7.213013],[111.924837,-7.213036],[111.924866,-7.213056],[111.924862,-7.213111],[111.924818,-7.213211],[111.924781,-7.213301],[111.924754,-7.213349],[111.924695,-7.213367],[111.924625,-7.213361],[111.924568,-7.213353],[111.924531,-7.213547],[111.924544,-7.213566],[111.924573,-7.213577],[111.924615,-7.21359],[111.924628,-7.213616],[111.924612,-7.213727],[111.924599,-7.213799],[111.924511,-7.213784],[111.924256,-7.213743],[111.924241,-7.213903],[111.924237,-7.213979],[111.924562,-7.214025],[111.924634,-7.214034],[111.924652,-7.214041],[111.924722,-7.214055],[111.924883,-7.214084],[111.92498,-7.214099],[111.925078,-7.214115],[111.925158,-7.214124],[111.925295,-7.214146],[111.925451,-7.214184],[111.925518,-7.213956],[111.925724,-7.214203],[111.926029,-7.214542],[111.925921,-7.214877],[111.926252,-7.215019]]]]}},{"type":"Feature","properties":{"GM_LAYER":"Unknown Area Type","id":null,"LAYER":"Unknown Area Type","MAP_NAME":"Sawah","PERIMETER":"1.312 km","ENCLOSED_A":"0.3795 ha","ISLAND_ARE":null,"LENGTH":null,"WIDTH":null},"geometry":{"type":"MultiPolygon","coordinates":[[[[111.863851,-7.210505],[111.863866,-7.210399],[111.864032,-7.209213],[111.86411,-7.208612],[111.86411,-7.208612],[111.864138,-7.208392],[111.864209,-7.207693],[111.864371,-7.206322],[111.864371,-7.206322],[111.864449,-7.20563],[111.864522,-7.205023],[111.86456,-7.204674],[111.864603,-7.204679],[111.864572,-7.204964],[111.864451,-7.205959],[111.864394,-7.206443],[111.864372,-7.206746],[111.864345,-7.206891],[111.864334,-7.207041],[111.864339,-7.20705],[111.864314,-7.207415],[111.864286,-7.20755],[111.864249,-7.207886],[111.864225,-7.208101],[111.864213,-7.208217],[111.864215,-7.208413],[111.864195,-7.208503],[111.864173,-7.208566],[111.86417,-7.208626],[111.86417,-7.208626],[111.864169,-7.208643],[111.864109,-7.209063],[111.864094,-7.209141],[111.864088,-7.209228],[111.864084,-7.209283],[111.864088,-7.209348],[111.864085,-7.209399],[111.864075,-7.209424],[111.864039,-7.209584],[111.864017,-7.209652],[111.864006,-7.209723],[111.864012,-7.209777],[111.864012,-7.209783],[111.864009,-7.209828],[111.864001,-7.209892],[111.863947,-7.210228],[111.863904,-7.210519],[111.863851,-7.210505]]]]}},{"type":"Feature","properties":{"GM_LAYER":"Unknown Area Type","id":null,"LAYER":"Unknown Area Type","MAP_NAME":"Sawah","PERIMETER":"3.878 km","ENCLOSED_A":"39.359 ha","ISLAND_ARE":"0.541 ha","LENGTH":null,"WIDTH":null},"geometry":{"type":"MultiPolygon","coordinates":[[[[111.859528,-7.209371],[111.859534,-7.209382],[111.859551,-7.209393],[111.859579,-7.209405],[111.859608,-7.209415],[111.859634,-7.209424],[111.859667,-7.209432],[111.859706,-7.209438],[111.85974,-7.20944],[111.859781,-7.209441],[111.859792,-7.209446],[111.859797,-7.209453],[111.859796,-7.209894],[111.858778,-7.209716],[111.858784,-7.21259],[111.858784,-7.21271],[111.858186,-7.212591],[111.858186,-7.212591],[111.856219,-7.2122],[111.855517,-7.212065],[111.8555,-7.212064],[111.855492,-7.212073],[111.855484,-7.2121],[111.855473,-7.212108],[111.855458,-7.21211],[111.855361,-7.212097],[111.855328,-7.2121],[111.855267,-7.212106],[111.854946,-7.212174],[111.854722,-7.212233],[111.854552,-7.21229],[111.8543,-7.212393],[111.854201,-7.212452],[111.854107,-7.212523],[111.854014,-7.212599],[111.852001,-7.212603],[111.852206,-7.211837],[111.85226,-7.211633],[111.852282,-7.211548],[111.852295,-7.211483],[111.852316,-7.211386],[111.852335,-7.211281],[111.852344,-7.211222],[111.852347,-7.211197],[111.852346,-7.211178],[111.852342,-7.211162],[111.852324,-7.211109],[111.852299,-7.211047],[111.852254,-7.210935],[111.852239,-7.210902],[111.852225,-7.210879],[111.852196,-7.210844],[111.852158,-7.210803],[111.852104,-7.210858],[111.852108,-7.210755],[111.852119,-7.210669],[111.852129,-7.21061],[111.85214,-7.210543],[111.852169,-7.210431],[111.852189,-7.210366],[111.85227,-7.210125],[111.85233,-7.209933],[111.852384,-7.209752],[111.852419,-7.209628],[111.852462,-7.209483],[111.852481,-7.20944],[111.852497,-7.209407],[111.852517,-7.209373],[111.852542,-7.209337],[111.852572,-7.209303],[111.852626,-7.209255],[111.852672,-7.209214],[111.852793,-7.209104],[111.852864,-7.209041],[111.852864,-7.209041],[111.852865,-7.20904],[111.852959,-7.208953],[111.853026,-7.208896],[111.853127,-7.208804],[111.853212,-7.20872],[111.85331,-7.208625],[111.853384,-7.208551],[111.853454,-7.208481],[111.853524,-7.208412],[111.853608,-7.208333],[111.853654,-7.208294],[111.853686,-7.208269],[111.853759,-7.208206],[111.853845,-7.208131],[111.853914,-7.208064],[111.853965,-7.208008],[111.854024,-7.207949],[111.854076,-7.207891],[111.854145,-7.207818],[111.854229,-7.207725],[111.854292,-7.207649],[111.854337,-7.207588],[111.854379,-7.207523],[111.854404,-7.207483],[111.854459,-7.207403],[111.854467,-7.207384],[111.854471,-7.207363],[111.854476,-7.207298],[111.854476,-7.207297],[111.854486,-7.207296],[111.854486,-7.207296],[111.854491,-7.207295],[111.854491,-7.207295],[111.854491,-7.207296],[111.854491,-7.207296],[111.85448,-7.20739],[111.854477,-7.207398],[111.854353,-7.207591],[111.854263,-7.207708],[111.854172,-7.207812],[111.8541,-7.207897],[111.854068,-7.207925],[111.854,-7.207995],[111.853888,-7.208112],[111.853834,-7.208165],[111.853791,-7.208204],[111.853756,-7.208234],[111.853703,-7.208282],[111.853646,-7.208332],[111.853525,-7.208435],[111.853437,-7.208521],[111.853436,-7.20852],[111.853423,-7.208533],[111.853413,-7.208545],[111.853411,-7.208544],[111.853334,-7.208626],[111.85325,-7.20871],[111.853195,-7.20877],[111.853139,-7.208821],[111.85289,-7.209039],[111.85289,-7.209039],[111.852602,-7.209291],[111.852578,-7.209315],[111.852554,-7.209346],[111.852541,-7.209365],[111.852541,-7.209365],[111.852532,-7.209377],[111.852516,-7.209396],[111.852501,-7.209427],[111.852485,-7.209463],[111.85243,-7.209631],[111.852386,-7.209793],[111.85234,-7.209943],[111.852322,-7.210016],[111.852289,-7.21011],[111.852234,-7.210259],[111.8522,-7.210377],[111.852177,-7.210446],[111.852161,-7.210507],[111.852149,-7.210556],[111.852128,-7.210673],[111.85212,-7.210733],[111.852118,-7.210762],[111.852129,-7.210758],[111.852136,-7.210689],[111.852152,-7.2106],[111.852167,-7.210526],[111.852221,-7.210349],[111.852255,-7.21024],[111.8523,-7.210115],[111.85236,-7.209926],[111.852415,-7.209741],[111.852445,-7.209631],[111.852472,-7.209529],[111.852496,-7.209461],[111.852512,-7.209431],[111.852533,-7.209389],[111.852573,-7.209334],[111.852619,-7.209289],[111.852647,-7.209266],[111.852797,-7.209128],[111.853147,-7.208831],[111.853236,-7.20874],[111.853298,-7.208676],[111.853356,-7.208616],[111.853419,-7.20855],[111.853421,-7.208552],[111.853448,-7.208527],[111.853485,-7.208488],[111.853532,-7.208444],[111.853566,-7.208414],[111.853668,-7.20833],[111.853749,-7.208258],[111.853813,-7.208206],[111.853892,-7.20813],[111.853928,-7.208094],[111.854025,-7.207988],[111.854094,-7.207921],[111.854166,-7.207844],[111.854193,-7.20781],[111.854291,-7.207696],[111.854373,-7.207585],[111.854458,-7.207454],[111.85449,-7.207401],[111.854492,-7.207393],[111.854505,-7.207294],[111.854562,-7.207291],[111.854859,-7.20728],[111.855033,-7.207269],[111.85503,-7.207288],[111.855985,-7.20724],[111.856176,-7.207276],[111.856199,-7.20729],[111.856215,-7.207308],[111.856221,-7.20731],[111.856226,-7.207308],[111.856229,-7.2073],[111.856231,-7.207217],[111.856236,-7.207211],[111.85642,-7.207161],[111.857056,-7.207088],[111.857711,-7.207004],[111.857774,-7.206989],[111.857928,-7.206976],[111.85816,-7.206972],[111.858675,-7.206916],[111.859144,-7.206845],[111.859171,-7.206844],[111.859188,-7.206849],[111.859271,-7.206882],[111.85936,-7.206927],[111.859387,-7.206947],[111.859415,-7.206978],[111.859439,-7.207033],[111.859443,-7.207069],[111.859442,-7.207097],[111.859438,-7.207122],[111.859423,-7.207145],[111.859395,-7.207167],[111.859375,-7.207177],[111.859332,-7.207187],[111.859292,-7.207188],[111.859244,-7.207195],[111.859206,-7.207212],[111.859154,-7.207246],[111.85911,-7.207278],[111.859074,-7.207326],[111.859055,-7.207375],[111.859032,-7.207468],[111.859013,-7.207574],[111.859011,-7.207602],[111.859007,-7.207676],[111.858932,-7.208509],[111.858931,-7.208706],[111.858935,-7.208726],[111.858946,-7.208742],[111.858974,-7.208761],[111.859036,-7.208788],[111.859075,-7.208799],[111.859146,-7.208842],[111.859201,-7.208881],[111.859243,-7.208914],[111.859257,-7.208917],[111.859538,-7.208923],[111.859551,-7.208929],[111.859565,-7.208945],[111.859572,-7.208968],[111.859528,-7.209371]],[[111.852141,-7.210773],[111.852141,-7.210773],[111.852145,-7.210782],[111.852141,-7.210773]],[[111.853286,-7.208992],[111.853127,-7.208879],[111.853125,-7.208871],[111.853115,-7.208866],[111.8528,-7.209127],[111.852748,-7.20918],[111.85265,-7.209275],[111.852584,-7.209334],[111.852535,-7.209398],[111.852503,-7.209462],[111.852391,-7.209856],[111.8524,-7.209858],[111.852417,-7.209854],[111.852674,-7.209929],[111.852676,-7.20993],[111.852676,-7.20993],[111.852769,-7.209956],[111.852774,-7.209951],[111.852837,-7.20979],[111.852948,-7.209564],[111.852964,-7.209548],[111.852981,-7.209538],[111.853009,-7.209525],[111.853023,-7.20951],[111.853028,-7.20949],[111.853027,-7.209477],[111.853018,-7.209468],[111.853012,-7.209454],[111.853014,-7.209439],[111.853019,-7.209422],[111.853023,-7.209403],[111.8531,-7.209256],[111.853096,-7.209252],[111.853036,-7.209224],[111.853032,-7.209218],[111.853033,-7.209212],[111.853099,-7.209133],[111.853104,-7.209129],[111.853109,-7.209129],[111.853135,-7.209139],[111.853154,-7.209147],[111.853164,-7.20915],[111.85317,-7.209147],[111.853286,-7.209006],[111.853289,-7.208999],[111.853286,-7.208992]],[[111.85421,-7.208113],[111.854207,-7.208109],[111.854042,-7.208012],[111.854039,-7.208],[111.854027,-7.207991],[111.85394,-7.208099],[111.853948,-7.208101],[111.854131,-7.208219],[111.854143,-7.208221],[111.85415,-7.208218],[111.854211,-7.208124],[111.85421,-7.208113]]]]}},{"type":"Feature","properties":{"GM_LAYER":"Unknown Area Type","id":null,"LAYER":"Unknown Area Type","MAP_NAME":"Sawah","PERIMETER":"247.22 m","ENCLOSED_A":"0.3233 ha","ISLAND_ARE":null,"LENGTH":null,"WIDTH":null},"geometry":{"type":"MultiPolygon","coordinates":[[[[111.929547,-7.212375],[111.929551,-7.212314],[111.929566,-7.212228],[111.929582,-7.212174],[111.929603,-7.212109],[111.92964,-7.212017],[111.929686,-7.211959],[111.929728,-7.211851],[111.929804,-7.211762],[111.930025,-7.211816],[111.930032,-7.21183],[111.929939,-7.212202],[111.929904,-7.212388],[111.929878,-7.212624],[111.929858,-7.212662],[111.929828,-7.212669],[111.929772,-7.212653],[111.929722,-7.212629],[111.929699,-7.212616],[111.929683,-7.212549],[111.929648,-7.212485],[111.929578,-7.212404],[111.929547,-7.212375]]]]}},{"type":"Feature","properties":{"GM_LAYER":"Unknown Area Type","id":null,"LAYER":"Unknown Area Type","MAP_NAME":"Sawah","PERIMETER":"4.479 km","ENCLOSED_A":"29.178 ha","ISLAND_ARE":"1.636 ha","LENGTH":null,"WIDTH":null},"geometry":{"type":"MultiPolygon","coordinates":[[[[111.861653,-7.206943],[111.861654,-7.206937],[111.861651,-7.206936],[111.861646,-7.206936],[111.861641,-7.206939],[111.861632,-7.206941],[111.861621,-7.20694],[111.861586,-7.206933],[111.861538,-7.206926],[111.861463,-7.206915],[111.861423,-7.206907],[111.861392,-7.206899],[111.861356,-7.206886],[111.861318,-7.206876],[111.86129,-7.206867],[111.861258,-7.206865],[111.861231,-7.206866],[111.861204,-7.206873],[111.861197,-7.206884],[111.861183,-7.206894],[111.860837,-7.20699],[111.860783,-7.206996],[111.860738,-7.206996],[111.860717,-7.206996],[111.860704,-7.206991],[111.860696,-7.206986],[111.860652,-7.206787],[111.860639,-7.20678],[111.860627,-7.20678],[111.860603,-7.206784],[111.860556,-7.206812],[111.860522,-7.206836],[111.860498,-7.206858],[111.860468,-7.206864],[111.86044,-7.20687],[111.860412,-7.20687],[111.860398,-7.206868],[111.860383,-7.206865],[111.860373,-7.206852],[111.86037,-7.206835],[111.860389,-7.206693],[111.860392,-7.20668],[111.860389,-7.206675],[111.860376,-7.20667],[111.860369,-7.206663],[111.860365,-7.206654],[111.860371,-7.20657],[111.860387,-7.206491],[111.860395,-7.206454],[111.860408,-7.206384],[111.860424,-7.206368],[111.860432,-7.206326],[111.860438,-7.206267],[111.860459,-7.205986],[111.860461,-7.205941],[111.860484,-7.20594],[111.860367,-7.205945],[111.860285,-7.205948],[111.860255,-7.205947],[111.860223,-7.205947],[111.860187,-7.205946],[111.860128,-7.205943],[111.860031,-7.205924],[111.860031,-7.205924],[111.860031,-7.205924],[111.859954,-7.205908],[111.859954,-7.205907],[111.859799,-7.205874],[111.859746,-7.205864],[111.8596,-7.205849],[111.859401,-7.205808],[111.859219,-7.206737],[111.859217,-7.206769],[111.859151,-7.206761],[111.859169,-7.206734],[111.859275,-7.206272],[111.859358,-7.205819],[111.85947,-7.205321],[111.859426,-7.205308],[111.859166,-7.20526],[111.859121,-7.205261],[111.859097,-7.205263],[111.859083,-7.205268],[111.8587,-7.205407],[111.858687,-7.205418],[111.858683,-7.205432],[111.858666,-7.205622],[111.858666,-7.205633],[111.858667,-7.20565],[111.858686,-7.205763],[111.858687,-7.205834],[111.85868,-7.205845],[111.858672,-7.205848],[111.858663,-7.20585],[111.858636,-7.205851],[111.858503,-7.20585],[111.858462,-7.205853],[111.858452,-7.205857],[111.858442,-7.205866],[111.858437,-7.205897],[111.858428,-7.205951],[111.858423,-7.206041],[111.858421,-7.206078],[111.858397,-7.206206],[111.858371,-7.2065],[111.858367,-7.206507],[111.858358,-7.20651],[111.85814,-7.206502],[111.858136,-7.206503],[111.858135,-7.206506],[111.858106,-7.206821],[111.858102,-7.20683],[111.858097,-7.206835],[111.858079,-7.206837],[111.858019,-7.20684],[111.857646,-7.206893],[111.85735,-7.206916],[111.857063,-7.206948],[111.857055,-7.206946],[111.857051,-7.20694],[111.857051,-7.206932],[111.857053,-7.206877],[111.85705,-7.206872],[111.857043,-7.206869],[111.85703,-7.206867],[111.856882,-7.206857],[111.856863,-7.206852],[111.856843,-7.20684],[111.856833,-7.206817],[111.85683,-7.206797],[111.856827,-7.206766],[111.85683,-7.206743],[111.856887,-7.206548],[111.856885,-7.206545],[111.856881,-7.206542],[111.856519,-7.206404],[111.856502,-7.206404],[111.856488,-7.20642],[111.856482,-7.206431],[111.856474,-7.206431],[111.856284,-7.206377],[111.856268,-7.206379],[111.856104,-7.206401],[111.856088,-7.206411],[111.856078,-7.206427],[111.856046,-7.206567],[111.856043,-7.206576],[111.856034,-7.206581],[111.856018,-7.206579],[111.855995,-7.206573],[111.855977,-7.20657],[111.855956,-7.206576],[111.855947,-7.206584],[111.855943,-7.206597],[111.855941,-7.20661],[111.855944,-7.206625],[111.855941,-7.206639],[111.855936,-7.206655],[111.855884,-7.20665],[111.855832,-7.206645],[111.855821,-7.206646],[111.855812,-7.206652],[111.855807,-7.206663],[111.855799,-7.206689],[111.855791,-7.206701],[111.855777,-7.20671],[111.855665,-7.20668],[111.855646,-7.206671],[111.855592,-7.20668],[111.85557,-7.206679],[111.855548,-7.206672],[111.855477,-7.206653],[111.855473,-7.206653],[111.855469,-7.206657],[111.855419,-7.206852],[111.855412,-7.206862],[111.855405,-7.206864],[111.855281,-7.206846],[111.855275,-7.206847],[111.855272,-7.206852],[111.855228,-7.207119],[111.855225,-7.207124],[111.855219,-7.207126],[111.855197,-7.207126],[111.85515,-7.207128],[111.855072,-7.207139],[111.855042,-7.207141],[111.855028,-7.20714],[111.855014,-7.207134],[111.854997,-7.207131],[111.854982,-7.207133],[111.854963,-7.207142],[111.854953,-7.207145],[111.854927,-7.207138],[111.854906,-7.207129],[111.85489,-7.207126],[111.854876,-7.207133],[111.854868,-7.207147],[111.854855,-7.207148],[111.8545,-7.207158],[111.854487,-7.207153],[111.854479,-7.207147],[111.854471,-7.207139],[111.854465,-7.207129],[111.854464,-7.207117],[111.854464,-7.207107],[111.854503,-7.206867],[111.854508,-7.20686],[111.854516,-7.206859],[111.854775,-7.20693],[111.854795,-7.206927],[111.854808,-7.206915],[111.854873,-7.206706],[111.854875,-7.206699],[111.854867,-7.206694],[111.854494,-7.206597],[111.854091,-7.206478],[111.854078,-7.206468],[111.854078,-7.206456],[111.854116,-7.206406],[111.854162,-7.206348],[111.8542,-7.206308],[111.854298,-7.206204],[111.854502,-7.205971],[111.854623,-7.205828],[111.854801,-7.205642],[111.854922,-7.205525],[111.854999,-7.205439],[111.854978,-7.205437],[111.855107,-7.205295],[111.855107,-7.205295],[111.855138,-7.205261],[111.855311,-7.205071],[111.855413,-7.204958],[111.855547,-7.204815],[111.855602,-7.204757],[111.855761,-7.204589],[111.855945,-7.204396],[111.856075,-7.204255],[111.85619,-7.204137],[111.856265,-7.204056],[111.856332,-7.203986],[111.85635,-7.203966],[111.85635,-7.203966],[111.856407,-7.203903],[111.856453,-7.203855],[111.856484,-7.203821],[111.856495,-7.203823],[111.856363,-7.203967],[111.856363,-7.203967],[111.856861,-7.203422],[111.857062,-7.203201],[111.857118,-7.203138],[111.857141,-7.203149],[111.857208,-7.203067],[111.857216,-7.203064],[111.857227,-7.203066],[111.857394,-7.20312],[111.857402,-7.203131],[111.857414,-7.20314],[111.857416,-7.203148],[111.85738,-7.203272],[111.857378,-7.203282],[111.857383,-7.203289],[111.85764,-7.203382],[111.857822,-7.203428],[111.85802,-7.20346],[111.858597,-7.203558],[111.858609,-7.203557],[111.858616,-7.203548],[111.858622,-7.203296],[111.858626,-7.203292],[111.858631,-7.203292],[111.858714,-7.203292],[111.858718,-7.203261],[111.858744,-7.203254],[111.858752,-7.203245],[111.858733,-7.20293],[111.858733,-7.202925],[111.858773,-7.202907],[111.858793,-7.202901],[111.858825,-7.202895],[111.858879,-7.202887],[111.858925,-7.202882],[111.859007,-7.202876],[111.859043,-7.20287],[111.859073,-7.202859],[111.859101,-7.202843],[111.859115,-7.202811],[111.859128,-7.202794],[111.859135,-7.202787],[111.859144,-7.202785],[111.859178,-7.202784],[111.859189,-7.202789],[111.859192,-7.202796],[111.859191,-7.202948],[111.859194,-7.202958],[111.859204,-7.202963],[111.859335,-7.202981],[111.859343,-7.202985],[111.859346,-7.202989],[111.859356,-7.203081],[111.859363,-7.203137],[111.859365,-7.203149],[111.859337,-7.203437],[111.85933,-7.203445],[111.859322,-7.203448],[111.859151,-7.203438],[111.859142,-7.203441],[111.859133,-7.20345],[111.859128,-7.203459],[111.859132,-7.203776],[111.859135,-7.203785],[111.859142,-7.203793],[111.859387,-7.203832],[111.859398,-7.20384],[111.859403,-7.20385],[111.859392,-7.204008],[111.85939,-7.204013],[111.859385,-7.204014],[111.85936,-7.204012],[111.859354,-7.204015],[111.859354,-7.20402],[111.859351,-7.204074],[111.859342,-7.204137],[111.859328,-7.2042],[111.859313,-7.204243],[111.859313,-7.204243],[111.859292,-7.204302],[111.85928,-7.204346],[111.859277,-7.204399],[111.859281,-7.204616],[111.859272,-7.204685],[111.859242,-7.204895],[111.859247,-7.204907],[111.859256,-7.204914],[111.859337,-7.204918],[111.859419,-7.204928],[111.85947,-7.204936],[111.859516,-7.204945],[111.859557,-7.204955],[111.859588,-7.204837],[111.859742,-7.204244],[111.859835,-7.203926],[111.859791,-7.203909],[111.859568,-7.20385],[111.859367,-7.203824],[111.859156,-7.203788],[111.85916,-7.203771],[111.859382,-7.203806],[111.859573,-7.203831],[111.859841,-7.203899],[111.859856,-7.203811],[111.859853,-7.203628],[111.859846,-7.203417],[111.85988,-7.203421],[111.859877,-7.20348],[111.859885,-7.203796],[111.859882,-7.20384],[111.859962,-7.20389],[111.860133,-7.203992],[111.860133,-7.203992],[111.860424,-7.204176],[111.860715,-7.20432],[111.860746,-7.204334],[111.860757,-7.204301],[111.860758,-7.204301],[111.860748,-7.204328],[111.860858,-7.204015],[111.860855,-7.204006],[111.860849,-7.204002],[111.860488,-7.203881],[111.860479,-7.203875],[111.860476,-7.203869],[111.860506,-7.203785],[111.860534,-7.203695],[111.860558,-7.203611],[111.860578,-7.203567],[111.860583,-7.203565],[111.860593,-7.203567],[111.86065,-7.203591],[111.86072,-7.203617],[111.860783,-7.203628],[111.860866,-7.203658],[111.860928,-7.203675],[111.86095,-7.203669],[111.860962,-7.203648],[111.860997,-7.203544],[111.864126,-7.203538],[111.864123,-7.203552],[111.864112,-7.203576],[111.864097,-7.20361],[111.864067,-7.203669],[111.864051,-7.203716],[111.864047,-7.203743],[111.864048,-7.203798],[111.864054,-7.203853],[111.864058,-7.203881],[111.864046,-7.203933],[111.864043,-7.204033],[111.864042,-7.204046],[111.864016,-7.204128],[111.863987,-7.204226],[111.863957,-7.204356],[111.863948,-7.204449],[111.863913,-7.204626],[111.863885,-7.204756],[111.863875,-7.204771],[111.863859,-7.204792],[111.863825,-7.204839],[111.863816,-7.204858],[111.863816,-7.204858],[111.863795,-7.204899],[111.863787,-7.204922],[111.86378,-7.204938],[111.863774,-7.204966],[111.863771,-7.205009],[111.86377,-7.205037],[111.863773,-7.205061],[111.863782,-7.205101],[111.863803,-7.205168],[111.863806,-7.205195],[111.863821,-7.205395],[111.863846,-7.205637],[111.863844,-7.20571],[111.86384,-7.205772],[111.86382,-7.205799],[111.863765,-7.205854],[111.863713,-7.205884],[111.863651,-7.205916],[111.863631,-7.205932],[111.863521,-7.206163],[111.863513,-7.206174],[111.86348,-7.206257],[111.86347,-7.206312],[111.863376,-7.206535],[111.863311,-7.206647],[111.863224,-7.206737],[111.863141,-7.206799],[111.862978,-7.206875],[111.862896,-7.206904],[111.862817,-7.206921],[111.862762,-7.206927],[111.862744,-7.206926],[111.862729,-7.206918],[111.862696,-7.206924],[111.862649,-7.206927],[111.862636,-7.206921],[111.862616,-7.206915],[111.86259,-7.206912],[111.862526,-7.206915],[111.862299,-7.206932],[111.862061,-7.206968],[111.861978,-7.206986],[111.861902,-7.206987],[111.861843,-7.206981],[111.86175,-7.206967],[111.861668,-7.206957],[111.861657,-7.206953],[111.861655,-7.206949],[111.861653,-7.206943]],[[111.860746,-7.204334],[111.860743,-7.204343],[111.860748,-7.204328],[111.860746,-7.204334]],[[111.860525,-7.204877],[111.860286,-7.204797],[111.860002,-7.204699],[111.859942,-7.204689],[111.859831,-7.204682],[111.859813,-7.204684],[111.859684,-7.204648],[111.859677,-7.204647],[111.859671,-7.204648],[111.859603,-7.204912],[111.859604,-7.204912],[111.859497,-7.205338],[111.859434,-7.205641],[111.859407,-7.205776],[111.859604,-7.205821],[111.859747,-7.205836],[111.860072,-7.20591],[111.860061,-7.205908],[111.860063,-7.205895],[111.860052,-7.205884],[111.860048,-7.20587],[111.860042,-7.20585],[111.860042,-7.205821],[111.860146,-7.205225],[111.860148,-7.205221],[111.860152,-7.205216],[111.860168,-7.205218],[111.860178,-7.20522],[111.860184,-7.205219],[111.860189,-7.205214],[111.860236,-7.204926],[111.86024,-7.204918],[111.860252,-7.204915],[111.860263,-7.204918],[111.860501,-7.20498],[111.860512,-7.204983],[111.860521,-7.204979],[111.860526,-7.204972],[111.860549,-7.204884],[111.860525,-7.204877]],[[111.860413,-7.204188],[111.860247,-7.204087],[111.860099,-7.203996],[111.859932,-7.2039],[111.859887,-7.203874],[111.859881,-7.203873],[111.859877,-7.203875],[111.859857,-7.203962],[111.859762,-7.204299],[111.859762,-7.204299],[111.859744,-7.204364],[111.859677,-7.204624],[111.85968,-7.20463],[111.859686,-7.204633],[111.859813,-7.204668],[111.859834,-7.204667],[111.859945,-7.204672],[111.860009,-7.204683],[111.860223,-7.204756],[111.860409,-7.204819],[111.86041,-7.204818],[111.860532,-7.204857],[111.86067,-7.204418],[111.86067,-7.204418],[111.860699,-7.204327],[111.86071,-7.204333],[111.860413,-7.204188]],[[111.86069,-7.204421],[111.86069,-7.204421],[111.860714,-7.204349],[111.86069,-7.204421]]],[[[111.861817,-7.205857],[111.861812,-7.205868],[111.861817,-7.205857],[111.861817,-7.205857]]]]}},{"type":"Feature","properties":{"GM_LAYER":"Unknown Area Type","id":null,"LAYER":"Unknown Area Type","MAP_NAME":"Sawah","PERIMETER":"4.295 km","ENCLOSED_A":"57.153 ha","ISLAND_ARE":null,"LENGTH":null,"WIDTH":null},"geometry":{"type":"MultiPolygon","coordinates":[[[[111.97479,-7.20408],[111.974818,-7.204273],[111.974721,-7.20426],[111.974532,-7.204256],[111.97453,-7.204399],[111.974522,-7.204544],[111.974506,-7.204664],[111.974491,-7.204785],[111.974515,-7.204835],[111.974577,-7.204861],[111.974818,-7.204878],[111.974803,-7.205026],[111.974465,-7.204968],[111.974418,-7.205269],[111.974771,-7.205323],[111.974735,-7.205568],[111.974692,-7.20595],[111.974598,-7.206734],[111.974299,-7.20669],[111.974228,-7.207122],[111.974043,-7.207082],[111.9739,-7.207031],[111.973772,-7.206996],[111.973719,-7.207021],[111.973667,-7.207057],[111.973642,-7.207107],[111.973627,-7.207174],[111.97363,-7.207257],[111.973632,-7.207353],[111.973645,-7.207446],[111.973635,-7.207516],[111.973613,-7.207624],[111.973574,-7.207814],[111.973538,-7.207973],[111.973507,-7.208037],[111.973475,-7.208093],[111.973469,-7.208149],[111.973477,-7.20822],[111.973493,-7.208302],[111.973507,-7.208357],[111.973479,-7.208365],[111.973326,-7.208338],[111.973294,-7.208352],[111.973177,-7.209218],[111.97343,-7.209245],[111.9734,-7.209452],[111.973795,-7.209523],[111.97389,-7.209594],[111.973935,-7.20969],[111.973931,-7.209807],[111.973879,-7.209883],[111.973855,-7.209938],[111.973893,-7.209996],[111.973895,-7.210038],[111.973834,-7.21009],[111.973778,-7.210161],[111.973762,-7.210231],[111.973772,-7.210303],[111.973789,-7.210396],[111.973819,-7.210486],[111.973849,-7.210555],[111.974086,-7.210594],[111.97399,-7.211384],[111.973681,-7.211333],[111.973604,-7.211787],[111.973666,-7.211801],[111.973623,-7.212026],[111.973886,-7.212059],[111.973829,-7.212447],[111.973544,-7.212418],[111.973499,-7.212766],[111.973437,-7.212778],[111.97331,-7.212759],[111.973092,-7.212729],[111.972682,-7.212645],[111.972419,-7.212589],[111.972285,-7.212566],[111.972166,-7.212556],[111.972056,-7.212566],[111.971978,-7.212572],[111.971839,-7.212565],[111.971596,-7.21251],[111.971291,-7.212441],[111.971165,-7.212413],[111.970889,-7.212342],[111.970778,-7.212331],[111.970623,-7.212326],[111.970528,-7.21234],[111.970259,-7.212428],[111.970008,-7.212516],[111.969855,-7.212568],[111.969676,-7.212642],[111.96958,-7.212678],[111.969469,-7.21269],[111.969307,-7.212669],[111.969078,-7.212643],[111.968727,-7.21258],[111.968291,-7.212464],[111.968463,-7.211813],[111.968574,-7.211843],[111.968678,-7.211834],[111.968795,-7.211786],[111.968843,-7.211721],[111.968851,-7.211649],[111.968807,-7.211562],[111.968771,-7.211422],[111.968768,-7.211327],[111.968779,-7.211269],[111.968779,-7.211269],[111.968829,-7.211002],[111.969016,-7.210415],[111.969103,-7.210272],[111.969122,-7.210142],[111.969106,-7.210035],[111.969037,-7.209989],[111.968949,-7.209978],[111.968883,-7.20998],[111.968837,-7.21002],[111.968802,-7.210097],[111.968781,-7.210116],[111.968781,-7.210116],[111.968778,-7.210119],[111.968702,-7.210115],[111.968618,-7.210082],[111.968612,-7.21],[111.96865,-7.209839],[111.968697,-7.209598],[111.968757,-7.209584],[111.968807,-7.209618],[111.968865,-7.209683],[111.968934,-7.209745],[111.969004,-7.209757],[111.969104,-7.209733],[111.969171,-7.209689],[111.969235,-7.209593],[111.969312,-7.209408],[111.969373,-7.209187],[111.969423,-7.208932],[111.96947,-7.208745],[111.969571,-7.20852],[111.969597,-7.208363],[111.969574,-7.20811],[111.969576,-7.207943],[111.969604,-7.207782],[111.969625,-7.207664],[111.969302,-7.20759],[111.96934,-7.207387],[111.969457,-7.207402],[111.969531,-7.20738],[111.969581,-7.207334],[111.969591,-7.207285],[111.969622,-7.207024],[111.969237,-7.206967],[111.96929,-7.206531],[111.969567,-7.206564],[111.969618,-7.206242],[111.969044,-7.206172],[111.96933,-7.204717],[111.96975,-7.202233],[111.970055,-7.202288],[111.97034,-7.202335],[111.970545,-7.202384],[111.970796,-7.20241],[111.971,-7.202429],[111.971165,-7.202461],[111.971279,-7.202506],[111.971295,-7.202614],[111.971345,-7.202697],[111.971409,-7.202725],[111.97152,-7.202764],[111.971656,-7.202804],[111.971795,-7.202805],[111.971871,-7.202722],[111.971974,-7.202648],[111.97209,-7.202584],[111.972173,-7.202574],[111.972279,-7.202615],[111.972341,-7.202655],[111.972466,-7.202693],[111.972652,-7.202736],[111.972799,-7.202766],[111.972925,-7.202795],[111.973003,-7.202835],[111.973031,-7.202884],[111.973045,-7.202962],[111.973099,-7.203047],[111.973147,-7.203103],[111.97324,-7.203145],[111.973354,-7.203144],[111.973449,-7.20313],[111.973501,-7.203142],[111.973561,-7.203178],[111.973611,-7.203233],[111.973669,-7.203357],[111.973721,-7.203392],[111.973669,-7.203571],[111.973644,-7.203707],[111.973516,-7.203689],[111.973477,-7.203956],[111.973941,-7.204018],[111.974109,-7.204024],[111.974392,-7.204063],[111.974681,-7.204075],[111.97479,-7.20408]]]]}},{"type":"Feature","properties":{"GM_LAYER":"Unknown Area Type","id":null,"LAYER":"Unknown Area Type","MAP_NAME":"Sawah","PERIMETER":"4.505 km","ENCLOSED_A":"51.247 ha","ISLAND_ARE":"0.837 ha","LENGTH":null,"WIDTH":null},"geometry":{"type":"MultiPolygon","coordinates":[[[[111.87034,-7.204109],[111.870593,-7.204152],[111.870392,-7.205706],[111.870415,-7.205709],[111.870403,-7.2058],[111.870381,-7.205797],[111.869744,-7.205697],[111.869725,-7.205816],[111.870368,-7.205903],[111.870388,-7.205906],[111.870188,-7.2074],[111.87017,-7.207398],[111.869828,-7.209942],[111.86985,-7.209948],[111.869779,-7.210496],[111.869754,-7.210493],[111.869064,-7.210395],[111.869045,-7.210524],[111.868948,-7.210511],[111.868923,-7.210657],[111.86972,-7.210792],[111.86974,-7.210794],[111.869707,-7.211046],[111.869689,-7.211043],[111.869021,-7.210931],[111.869019,-7.210943],[111.869019,-7.210943],[111.868996,-7.211084],[111.869667,-7.211189],[111.869654,-7.21133],[111.868961,-7.211212],[111.868938,-7.211357],[111.868194,-7.211226],[111.868174,-7.211348],[111.869596,-7.211604],[111.869545,-7.212031],[111.864918,-7.210959],[111.863935,-7.210731],[111.863961,-7.210534],[111.863919,-7.210523],[111.863974,-7.21015],[111.86402,-7.209861],[111.864025,-7.209786],[111.864025,-7.209786],[111.864027,-7.209745],[111.86405,-7.209627],[111.864099,-7.209392],[111.864098,-7.209353],[111.864097,-7.209273],[111.864109,-7.20915],[111.864129,-7.209037],[111.864173,-7.208714],[111.864188,-7.20857],[111.864208,-7.208523],[111.864232,-7.208396],[111.864235,-7.208345],[111.864234,-7.208232],[111.864247,-7.208188],[111.864255,-7.208119],[111.864258,-7.208078],[111.864407,-7.208104],[111.864407,-7.208104],[111.864286,-7.208083],[111.864451,-7.208112],[111.864467,-7.207943],[111.864398,-7.207933],[111.864272,-7.207914],[111.864276,-7.207866],[111.864303,-7.207567],[111.864327,-7.207432],[111.864376,-7.206957],[111.864412,-7.206553],[111.864421,-7.206422],[111.864428,-7.206329],[111.864428,-7.206329],[111.864447,-7.206145],[111.864598,-7.204956],[111.864613,-7.204817],[111.864631,-7.204821],[111.864928,-7.204878],[111.864944,-7.204788],[111.864868,-7.204771],[111.864961,-7.204485],[111.864907,-7.204476],[111.864912,-7.204451],[111.864658,-7.204413],[111.864709,-7.204044],[111.864784,-7.204053],[111.864786,-7.204036],[111.864789,-7.20402],[111.864797,-7.204],[111.864806,-7.203989],[111.864798,-7.203985],[111.864777,-7.20398],[111.864757,-7.203969],[111.864748,-7.203955],[111.864741,-7.203935],[111.864742,-7.203905],[111.864749,-7.203842],[111.864755,-7.2038],[111.86476,-7.20378],[111.864766,-7.203771],[111.864779,-7.203769],[111.864843,-7.203782],[111.864955,-7.203807],[111.865095,-7.203846],[111.865135,-7.203859],[111.865136,-7.203864],[111.865136,-7.203879],[111.865114,-7.203965],[111.865094,-7.204025],[111.865086,-7.204034],[111.865078,-7.204041],[111.865075,-7.204053],[111.865076,-7.204065],[111.865071,-7.204086],[111.865546,-7.204142],[111.865678,-7.203664],[111.866101,-7.203729],[111.866106,-7.203739],[111.866109,-7.204113],[111.866136,-7.204126],[111.866156,-7.204135],[111.866169,-7.204172],[111.866168,-7.204221],[111.866406,-7.204251],[111.866429,-7.204319],[111.866442,-7.204348],[111.866476,-7.204375],[111.866485,-7.204425],[111.866497,-7.204473],[111.866501,-7.204505],[111.866498,-7.204569],[111.866417,-7.204556],[111.866372,-7.204812],[111.866362,-7.204857],[111.866347,-7.204855],[111.866332,-7.204973],[111.866343,-7.204974],[111.866364,-7.205127],[111.866283,-7.205437],[111.866281,-7.205512],[111.866335,-7.205522],[111.866438,-7.20557],[111.866532,-7.205648],[111.866605,-7.205741],[111.86662,-7.205774],[111.866657,-7.205784],[111.866706,-7.205783],[111.866742,-7.205765],[111.866765,-7.205737],[111.866792,-7.205679],[111.866824,-7.205597],[111.866875,-7.205494],[111.86694,-7.205353],[111.866951,-7.205305],[111.866949,-7.205269],[111.866948,-7.205233],[111.866944,-7.205158],[111.867014,-7.20478],[111.867031,-7.204623],[111.867053,-7.204419],[111.867076,-7.204255],[111.867093,-7.204178],[111.867113,-7.204098],[111.867111,-7.204032],[111.867134,-7.203957],[111.86714,-7.203867],[111.867201,-7.203696],[111.86721,-7.203596],[111.867222,-7.203532],[111.869748,-7.203527],[111.86971,-7.203689],[111.869873,-7.203716],[111.869747,-7.203895],[111.870358,-7.203963],[111.87034,-7.204109]],[[111.864525,-7.209843],[111.864549,-7.209752],[111.864081,-7.209635],[111.86406,-7.209794],[111.86406,-7.209794],[111.863976,-7.210425],[111.864964,-7.210577],[111.864936,-7.210314],[111.864988,-7.210009],[111.864988,-7.210009],[111.865001,-7.209934],[111.864525,-7.209843]],[[111.864265,-7.208376],[111.864265,-7.208374],[111.864262,-7.208374],[111.864255,-7.208446],[111.864344,-7.208453],[111.864348,-7.208382],[111.864265,-7.208376]]]]}},{"type":"Feature","properties":{"GM_LAYER":"Unknown Area Type","id":null,"LAYER":"Unknown Area Type","MAP_NAME":"Sawah","PERIMETER":"742.75 m","ENCLOSED_A":"2.996 ha","ISLAND_ARE":null,"LENGTH":null,"WIDTH":null},"geometry":{"type":"MultiPolygon","coordinates":[[[[111.862662,-7.209527],[111.862667,-7.209539],[111.862542,-7.210538],[111.862535,-7.210559],[111.862527,-7.210566],[111.862008,-7.210459],[111.861692,-7.210385],[111.861684,-7.210397],[111.86167,-7.210508],[111.860425,-7.21019],[111.860393,-7.210183],[111.860382,-7.210172],[111.860402,-7.209816],[111.86044,-7.209474],[111.860438,-7.209468],[111.860423,-7.209454],[111.860454,-7.209201],[111.860454,-7.209201],[111.860469,-7.209082],[111.860477,-7.209065],[111.860502,-7.209067],[111.861622,-7.209306],[111.861622,-7.209306],[111.862662,-7.209527]]]]}},{"type":"Feature","properties":{"GM_LAYER":"Unknown Area Type","id":null,"LAYER":"Unknown Area Type","MAP_NAME":"Sawah","PERIMETER":"1.277 km","ENCLOSED_A":"5.073 ha","ISLAND_ARE":null,"LENGTH":null,"WIDTH":null},"geometry":{"type":"MultiPolygon","coordinates":[[[[111.884525,-7.20625],[111.884586,-7.206263],[111.884586,-7.206277],[111.884469,-7.206787],[111.884464,-7.206793],[111.884452,-7.206791],[111.88426,-7.206755],[111.884255,-7.206758],[111.884253,-7.206764],[111.884245,-7.206853],[111.88424,-7.206857],[111.884232,-7.206857],[111.884125,-7.206852],[111.884117,-7.206862],[111.884111,-7.206883],[111.884092,-7.207055],[111.8841,-7.207066],[111.884118,-7.207073],[111.884125,-7.20708],[111.88413,-7.207091],[111.884126,-7.207245],[111.884124,-7.207263],[111.884132,-7.207271],[111.884254,-7.207293],[111.884263,-7.207312],[111.884269,-7.20733],[111.884252,-7.207381],[111.884198,-7.207481],[111.884138,-7.207669],[111.884052,-7.207863],[111.884028,-7.207973],[111.884009,-7.208058],[111.883986,-7.208154],[111.883947,-7.208373],[111.883958,-7.208393],[111.883975,-7.208401],[111.883984,-7.208387],[111.883989,-7.208356],[111.883992,-7.208337],[111.884023,-7.208348],[111.884186,-7.20841],[111.884194,-7.208418],[111.884194,-7.208429],[111.88414,-7.208626],[111.884123,-7.208628],[111.884092,-7.208629],[111.88391,-7.208616],[111.883906,-7.208623],[111.883888,-7.208734],[111.883885,-7.208742],[111.883876,-7.208742],[111.883579,-7.208649],[111.883514,-7.208618],[111.883496,-7.2086],[111.88348,-7.208574],[111.883472,-7.208565],[111.883137,-7.208458],[111.883125,-7.208443],[111.883126,-7.208422],[111.883136,-7.208391],[111.883149,-7.208371],[111.883147,-7.208361],[111.883102,-7.208326],[111.883075,-7.208289],[111.883037,-7.208264],[111.883014,-7.208249],[111.882962,-7.208226],[111.882927,-7.208214],[111.882838,-7.208203],[111.882735,-7.208191],[111.882639,-7.208177],[111.882515,-7.208153],[111.882505,-7.208151],[111.882505,-7.208148],[111.882502,-7.208148],[111.882488,-7.208145],[111.882483,-7.208141],[111.882478,-7.208133],[111.882476,-7.208125],[111.882477,-7.208117],[111.882481,-7.20809],[111.882504,-7.20795],[111.882525,-7.207804],[111.882544,-7.207615],[111.882546,-7.207612],[111.882548,-7.207608],[111.882553,-7.207607],[111.882582,-7.207605],[111.882583,-7.207604],[111.882584,-7.207603],[111.882613,-7.207547],[111.882621,-7.20753],[111.882621,-7.207527],[111.882623,-7.207501],[111.882631,-7.207423],[111.882624,-7.207423],[111.882619,-7.207467],[111.882617,-7.207523],[111.882616,-7.207526],[111.882616,-7.207526],[111.882607,-7.207524],[111.882481,-7.207507],[111.882371,-7.207492],[111.882365,-7.207487],[111.882363,-7.20748],[111.882371,-7.20741],[111.882376,-7.207393],[111.882387,-7.207375],[111.882395,-7.207368],[111.882406,-7.207365],[111.882633,-7.207408],[111.88264,-7.207406],[111.882641,-7.207392],[111.882659,-7.207334],[111.882692,-7.207128],[111.882687,-7.207108],[111.88268,-7.207054],[111.882664,-7.20694],[111.882661,-7.206912],[111.882665,-7.206891],[111.882681,-7.206876],[111.88271,-7.206863],[111.882737,-7.206845],[111.882767,-7.206818],[111.882796,-7.206713],[111.882812,-7.206663],[111.882823,-7.206576],[111.882829,-7.20651],[111.882836,-7.206428],[111.882832,-7.206423],[111.882827,-7.206417],[111.882799,-7.206364],[111.882794,-7.206318],[111.882801,-7.206264],[111.882789,-7.206191],[111.882796,-7.20614],[111.882789,-7.206119],[111.882802,-7.206019],[111.882808,-7.205962],[111.88281,-7.205955],[111.882827,-7.205951],[111.882881,-7.205936],[111.882925,-7.205925],[111.882948,-7.205922],[111.883032,-7.205931],[111.883157,-7.20595],[111.883323,-7.205985],[111.883412,-7.206],[111.883425,-7.205996],[111.883435,-7.205991],[111.883436,-7.205986],[111.883442,-7.205896],[111.883449,-7.20582],[111.883459,-7.205764],[111.883411,-7.205757],[111.883456,-7.205481],[111.883467,-7.205473],[111.883485,-7.205453],[111.883498,-7.205428],[111.883509,-7.205398],[111.883522,-7.205355],[111.88353,-7.205343],[111.883544,-7.205336],[111.883568,-7.205332],[111.883598,-7.205333],[111.883663,-7.205347],[111.883745,-7.205364],[111.883807,-7.205374],[111.883742,-7.205715],[111.883738,-7.205755],[111.883743,-7.205762],[111.88375,-7.205762],[111.883811,-7.205794],[111.883887,-7.205835],[111.883912,-7.20584],[111.883912,-7.20584],[111.883924,-7.205842],[111.884073,-7.20585],[111.884078,-7.205851],[111.884208,-7.205864],[111.884176,-7.206209],[111.884292,-7.20622],[111.884525,-7.20625]]]]}},{"type":"Feature","properties":{"GM_LAYER":"Unknown Area Type","id":null,"LAYER":"Unknown Area Type","MAP_NAME":"Sawah","PERIMETER":"3.374 km","ENCLOSED_A":"17.791 ha","ISLAND_ARE":null,"LENGTH":null,"WIDTH":null},"geometry":{"type":"MultiPolygon","coordinates":[[[[111.934987,-7.21039],[111.935386,-7.210462],[111.93538,-7.210507],[111.935376,-7.210532],[111.935361,-7.210598],[111.935015,-7.210539],[111.93498,-7.210776],[111.935036,-7.210786],[111.93518,-7.210816],[111.935315,-7.210838],[111.93528,-7.211138],[111.935248,-7.211299],[111.935111,-7.211275],[111.935078,-7.211427],[111.935005,-7.211416],[111.934901,-7.211408],[111.934847,-7.211405],[111.934754,-7.211398],[111.93471,-7.211408],[111.934686,-7.211498],[111.934666,-7.211541],[111.93461,-7.211571],[111.934465,-7.211565],[111.934394,-7.211553],[111.934345,-7.211723],[111.934335,-7.211807],[111.934318,-7.211889],[111.934291,-7.211918],[111.934232,-7.211898],[111.93416,-7.211869],[111.934126,-7.211837],[111.934091,-7.211789],[111.933999,-7.211735],[111.93387,-7.211686],[111.933792,-7.211651],[111.933722,-7.211624],[111.93364,-7.211627],[111.933584,-7.211641],[111.933505,-7.211675],[111.933406,-7.211704],[111.933347,-7.211748],[111.933317,-7.211823],[111.93332,-7.211901],[111.933381,-7.211935],[111.933493,-7.211955],[111.933578,-7.212009],[111.933653,-7.21209],[111.933755,-7.212143],[111.933891,-7.212161],[111.933993,-7.212146],[111.934183,-7.212104],[111.934254,-7.2121],[111.934395,-7.212139],[111.934563,-7.212197],[111.934667,-7.21223],[111.934704,-7.212253],[111.934717,-7.212291],[111.9347,-7.212354],[111.934679,-7.21243],[111.934766,-7.212482],[111.934832,-7.212524],[111.934815,-7.212596],[111.934815,-7.212596],[111.934697,-7.213079],[111.934687,-7.213103],[111.93467,-7.213115],[111.934643,-7.213111],[111.934575,-7.213099],[111.934548,-7.213097],[111.934525,-7.213113],[111.934503,-7.213227],[111.934477,-7.213218],[111.934438,-7.213174],[111.934404,-7.213125],[111.934379,-7.213076],[111.934309,-7.213052],[111.934241,-7.213034],[111.934178,-7.213034],[111.934139,-7.213051],[111.933995,-7.213622],[111.933954,-7.213777],[111.933901,-7.213763],[111.933911,-7.213724],[111.933916,-7.213682],[111.933904,-7.213635],[111.933885,-7.213603],[111.933854,-7.213549],[111.933868,-7.213507],[111.933919,-7.213457],[111.933941,-7.213396],[111.933929,-7.21333],[111.9339,-7.213286],[111.933861,-7.213237],[111.933847,-7.213156],[111.933865,-7.213042],[111.933875,-7.212974],[111.933909,-7.212893],[111.933957,-7.212843],[111.934036,-7.212833],[111.934103,-7.212843],[111.934106,-7.212791],[111.93388,-7.212759],[111.933846,-7.212935],[111.933776,-7.213191],[111.933709,-7.213258],[111.933609,-7.213295],[111.933538,-7.213297],[111.933452,-7.213276],[111.933325,-7.213221],[111.933157,-7.213162],[111.933091,-7.213161],[111.933049,-7.213189],[111.933014,-7.213212],[111.932884,-7.213203],[111.932784,-7.213187],[111.932676,-7.213162],[111.93266,-7.213243],[111.932633,-7.213315],[111.932576,-7.213308],[111.932402,-7.213257],[111.932406,-7.213229],[111.93243,-7.213161],[111.932445,-7.213083],[111.932455,-7.213036],[111.932428,-7.212986],[111.932404,-7.212964],[111.932377,-7.212954],[111.93234,-7.212959],[111.932308,-7.212967],[111.932261,-7.212966],[111.932228,-7.212949],[111.932192,-7.212905],[111.932159,-7.212857],[111.932086,-7.212762],[111.932032,-7.21272],[111.931955,-7.212695],[111.931899,-7.212659],[111.931885,-7.212617],[111.931882,-7.21261],[111.931854,-7.212621],[111.931806,-7.212627],[111.931814,-7.212659],[111.931814,-7.212659],[111.931828,-7.21272],[111.931809,-7.212721],[111.931756,-7.212719],[111.931681,-7.212716],[111.931663,-7.212719],[111.931657,-7.212733],[111.931647,-7.212734],[111.931645,-7.212823],[111.931639,-7.212837],[111.931625,-7.212857],[111.93157,-7.212858],[111.931524,-7.212933],[111.931515,-7.212954],[111.931439,-7.213354],[111.931414,-7.21335],[111.93127,-7.213325],[111.931087,-7.213292],[111.930891,-7.213257],[111.93074,-7.21322],[111.930746,-7.213191],[111.930606,-7.213164],[111.930601,-7.213191],[111.930583,-7.213191],[111.930326,-7.213138],[111.930094,-7.213089],[111.929845,-7.213042],[111.929901,-7.212851],[111.929941,-7.212699],[111.929941,-7.212699],[111.929944,-7.212685],[111.929971,-7.212584],[111.929982,-7.212511],[111.929995,-7.212306],[111.930001,-7.212136],[111.930039,-7.212005],[111.930119,-7.211771],[111.930043,-7.21175],[111.93017,-7.211427],[111.930206,-7.211363],[111.93024,-7.211334],[111.930252,-7.21132],[111.930265,-7.211304],[111.93029,-7.211256],[111.930419,-7.211283],[111.930388,-7.211423],[111.930432,-7.211434],[111.930782,-7.21152],[111.930852,-7.211096],[111.930858,-7.211063],[111.931198,-7.211119],[111.931583,-7.211176],[111.931655,-7.211186],[111.931748,-7.211145],[111.931753,-7.211143],[111.931865,-7.211152],[111.931867,-7.211148],[111.931872,-7.21112],[111.931903,-7.210865],[111.931903,-7.210865],[111.93191,-7.2108],[111.932147,-7.210852],[111.932161,-7.21086],[111.932154,-7.21092],[111.93213,-7.211037],[111.932116,-7.211138],[111.93213,-7.211159],[111.932242,-7.211206],[111.932394,-7.211281],[111.932449,-7.211317],[111.932462,-7.211316],[111.932525,-7.211255],[111.932586,-7.211182],[111.932625,-7.211138],[111.932655,-7.211077],[111.932684,-7.210989],[111.932705,-7.210923],[111.932723,-7.210848],[111.932723,-7.210848],[111.932723,-7.210846],[111.932419,-7.210729],[111.932366,-7.210708],[111.932293,-7.210684],[111.932258,-7.210678],[111.932189,-7.21067],[111.932129,-7.210648],[111.932085,-7.210631],[111.93205,-7.210611],[111.932024,-7.210593],[111.931977,-7.210561],[111.931933,-7.210538],[111.93191,-7.210668],[111.931742,-7.210665],[111.931749,-7.210295],[111.931787,-7.210305],[111.931851,-7.210324],[111.931926,-7.210337],[111.931996,-7.210334],[111.932063,-7.210317],[111.932085,-7.210295],[111.932091,-7.210258],[111.932117,-7.210184],[111.93215,-7.210149],[111.932184,-7.210108],[111.932194,-7.210064],[111.932195,-7.210025],[111.932198,-7.209986],[111.932211,-7.209945],[111.932224,-7.209919],[111.932251,-7.209899],[111.932272,-7.209863],[111.932281,-7.209833],[111.932279,-7.20981],[111.932271,-7.209791],[111.93227,-7.209755],[111.932293,-7.209691],[111.932316,-7.209641],[111.932369,-7.209649],[111.932424,-7.209666],[111.932522,-7.209699],[111.932606,-7.209747],[111.932675,-7.209767],[111.932716,-7.209766],[111.932734,-7.209742],[111.932743,-7.209711],[111.932747,-7.209675],[111.932752,-7.209606],[111.932777,-7.209552],[111.932804,-7.209515],[111.932847,-7.209486],[111.932907,-7.209466],[111.932971,-7.209445],[111.933022,-7.209428],[111.933046,-7.209401],[111.93306,-7.209337],[111.933084,-7.209283],[111.933111,-7.209221],[111.933144,-7.209145],[111.933183,-7.209103],[111.933231,-7.209083],[111.933304,-7.209074],[111.933383,-7.209049],[111.93351,-7.209005],[111.933616,-7.208981],[111.933652,-7.208987],[111.933694,-7.208982],[111.933723,-7.208967],[111.933769,-7.208936],[111.933843,-7.208903],[111.933921,-7.208874],[111.933993,-7.208852],[111.93401,-7.20892],[111.934091,-7.208908],[111.934299,-7.208843],[111.934316,-7.208957],[111.934332,-7.208954],[111.934462,-7.20894],[111.934556,-7.208919],[111.934651,-7.208914],[111.934692,-7.208917],[111.934741,-7.2089],[111.934817,-7.208856],[111.934973,-7.208824],[111.935017,-7.208856],[111.935062,-7.208871],[111.935036,-7.209015],[111.935011,-7.209192],[111.934973,-7.209406],[111.934979,-7.209412],[111.935216,-7.209463],[111.935228,-7.209471],[111.935222,-7.209551],[111.935201,-7.209714],[111.935181,-7.209719],[111.935064,-7.209699],[111.934952,-7.209677],[111.934942,-7.209724],[111.934991,-7.209739],[111.934967,-7.20991],[111.935334,-7.209961],[111.935308,-7.210181],[111.935171,-7.210161],[111.935155,-7.210318],[111.935004,-7.210297],[111.934987,-7.21039]]]]}},{"type":"Feature","properties":{"GM_LAYER":"Unknown Area Type","id":null,"LAYER":"Unknown Area Type","MAP_NAME":"Sawah","PERIMETER":"7.347 km","ENCLOSED_A":"72.392 ha","ISLAND_ARE":null,"LENGTH":null,"WIDTH":null},"geometry":{"type":"MultiPolygon","coordinates":[[[[111.984314,-7.20338],[111.984346,-7.203431],[111.984344,-7.203476],[111.984293,-7.203538],[111.984243,-7.203585],[111.984211,-7.203652],[111.984178,-7.203709],[111.984166,-7.203767],[111.984171,-7.203839],[111.984156,-7.20393],[111.984168,-7.203994],[111.984184,-7.204048],[111.984207,-7.204103],[111.984212,-7.204169],[111.984201,-7.204242],[111.984185,-7.204308],[111.984149,-7.20436],[111.98408,-7.204366],[111.983967,-7.20435],[111.983914,-7.204333],[111.983836,-7.204507],[111.983864,-7.20456],[111.983899,-7.204607],[111.983891,-7.204687],[111.983858,-7.20476],[111.983821,-7.204815],[111.983746,-7.204847],[111.983657,-7.204824],[111.983558,-7.2048],[111.983433,-7.204776],[111.983307,-7.204781],[111.983215,-7.204801],[111.983147,-7.204836],[111.983104,-7.204881],[111.983003,-7.204888],[111.982924,-7.204887],[111.982838,-7.204888],[111.982802,-7.204904],[111.982785,-7.204944],[111.982758,-7.205117],[111.982675,-7.205164],[111.982537,-7.205252],[111.982426,-7.205284],[111.982338,-7.205277],[111.982272,-7.205221],[111.982229,-7.205115],[111.982176,-7.205054],[111.982093,-7.205054],[111.982043,-7.205092],[111.982038,-7.205182],[111.982041,-7.205277],[111.982049,-7.205373],[111.982051,-7.205424],[111.982041,-7.205459],[111.981977,-7.205504],[111.981903,-7.205519],[111.981812,-7.205523],[111.98173,-7.205521],[111.981674,-7.2055],[111.981626,-7.20544],[111.981591,-7.205403],[111.98153,-7.205391],[111.981471,-7.205404],[111.981379,-7.205438],[111.981297,-7.205514],[111.981264,-7.205584],[111.981264,-7.20566],[111.981306,-7.20582],[111.981319,-7.205926],[111.981372,-7.206011],[111.981444,-7.206117],[111.981508,-7.206204],[111.981561,-7.206265],[111.981593,-7.206329],[111.981602,-7.206437],[111.981597,-7.206536],[111.981536,-7.206565],[111.981448,-7.206557],[111.98135,-7.206581],[111.981289,-7.206618],[111.981236,-7.206677],[111.981214,-7.206717],[111.98113,-7.20673],[111.981098,-7.206709],[111.981068,-7.206606],[111.981015,-7.206545],[111.980938,-7.206518],[111.980837,-7.206545],[111.980805,-7.206598],[111.980732,-7.20661],[111.98061,-7.206581],[111.980504,-7.206546],[111.980377,-7.206475],[111.980327,-7.206427],[111.980247,-7.206398],[111.980155,-7.206362],[111.980064,-7.206327],[111.98001,-7.206348],[111.979992,-7.206401],[111.979987,-7.206495],[111.979964,-7.206566],[111.979922,-7.206625],[111.979866,-7.206677],[111.979831,-7.206746],[111.979843,-7.206794],[111.979892,-7.206827],[111.979965,-7.206826],[111.980033,-7.206849],[111.980055,-7.206897],[111.980049,-7.207003],[111.980027,-7.207125],[111.979996,-7.207227],[111.979936,-7.207391],[111.979904,-7.207493],[111.979854,-7.207614],[111.9798,-7.207753],[111.979704,-7.207957],[111.979596,-7.20813],[111.979501,-7.208284],[111.979477,-7.208406],[111.97948,-7.208616],[111.97948,-7.208775],[111.979497,-7.208862],[111.979462,-7.208998],[111.979415,-7.20908],[111.979335,-7.209096],[111.979263,-7.209094],[111.979181,-7.209152],[111.979131,-7.209258],[111.979105,-7.209375],[111.97902,-7.209444],[111.978951,-7.209479],[111.978847,-7.209591],[111.978848,-7.209678],[111.97888,-7.209811],[111.978912,-7.209848],[111.978957,-7.209927],[111.979002,-7.210005],[111.979075,-7.210045],[111.979147,-7.210101],[111.979227,-7.210168],[111.979286,-7.210175],[111.979381,-7.210188],[111.979453,-7.210243],[111.979536,-7.21038],[111.979552,-7.210469],[111.979544,-7.210544],[111.979539,-7.210709],[111.979505,-7.210868],[111.97942,-7.210932],[111.979316,-7.210953],[111.979197,-7.210964],[111.979123,-7.210993],[111.979027,-7.21107],[111.978974,-7.211209],[111.978985,-7.211323],[111.97897,-7.211415],[111.978893,-7.211522],[111.978826,-7.211562],[111.978771,-7.211514],[111.978749,-7.211464],[111.978701,-7.211437],[111.9786,-7.211443],[111.978545,-7.211427],[111.978494,-7.211382],[111.978388,-7.211337],[111.978281,-7.211316],[111.97817,-7.211322],[111.978117,-7.211354],[111.978064,-7.21142],[111.978013,-7.211444],[111.977928,-7.211423],[111.977814,-7.211386],[111.977697,-7.211347],[111.977583,-7.211323],[111.977508,-7.211326],[111.977466,-7.211387],[111.977395,-7.211501],[111.977339,-7.211512],[111.977214,-7.211472],[111.977081,-7.211459],[111.977056,-7.211425],[111.977034,-7.21128],[111.977033,-7.211156],[111.977058,-7.211004],[111.977055,-7.210926],[111.977044,-7.210843],[111.977012,-7.21079],[111.97698,-7.210734],[111.976951,-7.210678],[111.976942,-7.210612],[111.976956,-7.210506],[111.976966,-7.210412],[111.976987,-7.210359],[111.977035,-7.210271],[111.977086,-7.210216],[111.977118,-7.210166],[111.977118,-7.210102],[111.977099,-7.210027],[111.977055,-7.209939],[111.976999,-7.209853],[111.976965,-7.209796],[111.976935,-7.209726],[111.976927,-7.209652],[111.976946,-7.20956],[111.976964,-7.209486],[111.976966,-7.209416],[111.97695,-7.209349],[111.976905,-7.209219],[111.976864,-7.209155],[111.976812,-7.209092],[111.976786,-7.209062],[111.976753,-7.209008],[111.976738,-7.208944],[111.976767,-7.208882],[111.976803,-7.208811],[111.976855,-7.208743],[111.976908,-7.208678],[111.976961,-7.208591],[111.977008,-7.208507],[111.977068,-7.208425],[111.977112,-7.20837],[111.977162,-7.208332],[111.977246,-7.2083],[111.977328,-7.208254],[111.977407,-7.208212],[111.97748,-7.208177],[111.977533,-7.208119],[111.977561,-7.208047],[111.97756,-7.20797],[111.977528,-7.207889],[111.977515,-7.207878],[111.977438,-7.20796],[111.977433,-7.207966],[111.97743,-7.207969],[111.977424,-7.207974],[111.977417,-7.207982],[111.977436,-7.208011],[111.977441,-7.20807],[111.977393,-7.208131],[111.977319,-7.208163],[111.977208,-7.208221],[111.977145,-7.20825],[111.976962,-7.20842],[111.976956,-7.208426],[111.976953,-7.208428],[111.976947,-7.208434],[111.976945,-7.208436],[111.976834,-7.20862],[111.97672,-7.208787],[111.976649,-7.208926],[111.976649,-7.20901],[111.976686,-7.209082],[111.976734,-7.209135],[111.976785,-7.209188],[111.976811,-7.209224],[111.976847,-7.209296],[111.976887,-7.209383],[111.976889,-7.209467],[111.976855,-7.209576],[111.976836,-7.209678],[111.976848,-7.209747],[111.976902,-7.209857],[111.976956,-7.209936],[111.976994,-7.210024],[111.977012,-7.210103],[111.976986,-7.210177],[111.976938,-7.210247],[111.976905,-7.210324],[111.976879,-7.21041],[111.976855,-7.210535],[111.976844,-7.210623],[111.97685,-7.21071],[111.976872,-7.2108],[111.976912,-7.210861],[111.97694,-7.210935],[111.976942,-7.211013],[111.976922,-7.211074],[111.976904,-7.21118],[111.976905,-7.211265],[111.976921,-7.211365],[111.976939,-7.211456],[111.976947,-7.211506],[111.976949,-7.211525],[111.976495,-7.211379],[111.976447,-7.211484],[111.9764,-7.211556],[111.976336,-7.211622],[111.976284,-7.211672],[111.976201,-7.211721],[111.976125,-7.211773],[111.976127,-7.211794],[111.97614,-7.211806],[111.976176,-7.21179],[111.976229,-7.211763],[111.976276,-7.211746],[111.976338,-7.211728],[111.976384,-7.211726],[111.976443,-7.211739],[111.976567,-7.211804],[111.976533,-7.211834],[111.97642,-7.211937],[111.976354,-7.211997],[111.97628,-7.212065],[111.97622,-7.212106],[111.976131,-7.212156],[111.976047,-7.212176],[111.975966,-7.212193],[111.975901,-7.212221],[111.975849,-7.212249],[111.975779,-7.212274],[111.975683,-7.212286],[111.975636,-7.212282],[111.975621,-7.212134],[111.97551,-7.212153],[111.975401,-7.212182],[111.975339,-7.212216],[111.975312,-7.212247],[111.975303,-7.212259],[111.975313,-7.212314],[111.975247,-7.212337],[111.975159,-7.21239],[111.975089,-7.212438],[111.974997,-7.212495],[111.974962,-7.212517],[111.974938,-7.212534],[111.974904,-7.212547],[111.974857,-7.212557],[111.97481,-7.212562],[111.974747,-7.212559],[111.974677,-7.212547],[111.974591,-7.212534],[111.974526,-7.212521],[111.974435,-7.212527],[111.974314,-7.212511],[111.974172,-7.212485],[111.97396,-7.212447],[111.973974,-7.212295],[111.973972,-7.212181],[111.973991,-7.212008],[111.974021,-7.211853],[111.974037,-7.211661],[111.974046,-7.21162],[111.974346,-7.211643],[111.974366,-7.211367],[111.974149,-7.211341],[111.974157,-7.211259],[111.974094,-7.211254],[111.974138,-7.210832],[111.974205,-7.210391],[111.974536,-7.210433],[111.974542,-7.210402],[111.97482,-7.210443],[111.974855,-7.210226],[111.974558,-7.21018],[111.97455,-7.210103],[111.974562,-7.210007],[111.974562,-7.210007],[111.97457,-7.209941],[111.974274,-7.209899],[111.974389,-7.209032],[111.974795,-7.209092],[111.974825,-7.208887],[111.974439,-7.208808],[111.97444,-7.208796],[111.97444,-7.208796],[111.974478,-7.208463],[111.974734,-7.2085],[111.974752,-7.208381],[111.974944,-7.208417],[111.974971,-7.208295],[111.97453,-7.208197],[111.974555,-7.208009],[111.974931,-7.20806],[111.974948,-7.208041],[111.975015,-7.207639],[111.975066,-7.207384],[111.975278,-7.207422],[111.975352,-7.207049],[111.974716,-7.206917],[111.974832,-7.205877],[111.974926,-7.205128],[111.974989,-7.204728],[111.974985,-7.204633],[111.974924,-7.204251],[111.974817,-7.203629],[111.974756,-7.203173],[111.97476,-7.202413],[111.975056,-7.202417],[111.975064,-7.20237],[111.975121,-7.202369],[111.975181,-7.202373],[111.975241,-7.202376],[111.975278,-7.202381],[111.975307,-7.202392],[111.975356,-7.202417],[111.975444,-7.202443],[111.975405,-7.20261],[111.975524,-7.202631],[111.975565,-7.202468],[111.97567,-7.202485],[111.975681,-7.20244],[111.975805,-7.202462],[111.97577,-7.202643],[111.975738,-7.202641],[111.975714,-7.202766],[111.975764,-7.202773],[111.975728,-7.202827],[111.975672,-7.202883],[111.975621,-7.202944],[111.975597,-7.203],[111.97559,-7.203048],[111.97559,-7.203117],[111.975589,-7.20315],[111.975804,-7.203148],[111.975822,-7.203173],[111.975824,-7.203216],[111.975812,-7.203251],[111.975818,-7.203295],[111.975834,-7.203384],[111.975857,-7.203486],[111.975881,-7.203571],[111.975898,-7.203636],[111.975917,-7.203691],[111.975938,-7.20376],[111.975968,-7.20382],[111.975992,-7.203873],[111.97603,-7.203931],[111.97606,-7.203958],[111.976114,-7.204003],[111.97617,-7.204048],[111.976245,-7.20409],[111.976295,-7.204116],[111.976372,-7.204148],[111.976433,-7.204164],[111.976497,-7.20419],[111.976554,-7.204221],[111.976609,-7.204263],[111.976661,-7.204321],[111.976674,-7.204352],[111.976684,-7.204374],[111.976705,-7.204433],[111.976721,-7.204495],[111.976747,-7.204532],[111.976801,-7.204587],[111.976863,-7.204652],[111.976921,-7.204702],[111.976992,-7.20475],[111.977037,-7.204776],[111.977075,-7.204812],[111.977091,-7.20485],[111.977098,-7.204915],[111.977092,-7.204988],[111.977092,-7.205062],[111.977108,-7.205123],[111.977128,-7.205182],[111.977153,-7.205244],[111.977183,-7.205351],[111.977236,-7.205486],[111.9773,-7.205619],[111.977346,-7.20572],[111.977372,-7.205805],[111.977373,-7.205889],[111.977351,-7.205961],[111.977317,-7.20603],[111.977267,-7.206073],[111.977169,-7.206174],[111.977129,-7.206232],[111.977116,-7.206349],[111.977113,-7.206426],[111.977132,-7.206484],[111.977174,-7.20653],[111.977184,-7.206518],[111.977187,-7.206514],[111.977187,-7.206513],[111.977257,-7.206421],[111.977235,-7.206366],[111.977233,-7.206286],[111.977245,-7.206223],[111.977285,-7.206168],[111.977343,-7.206124],[111.9774,-7.206059],[111.977437,-7.206011],[111.977465,-7.205933],[111.977478,-7.205804],[111.977459,-7.205739],[111.977433,-7.205651],[111.977399,-7.205552],[111.977328,-7.205354],[111.977252,-7.205173],[111.977223,-7.205081],[111.977211,-7.205002],[111.977204,-7.204872],[111.9772,-7.204794],[111.97718,-7.204749],[111.977118,-7.20469],[111.977051,-7.20465],[111.97698,-7.204606],[111.976916,-7.204561],[111.976868,-7.204511],[111.976822,-7.204448],[111.976783,-7.204369],[111.976746,-7.204302],[111.976718,-7.204233],[111.976676,-7.204181],[111.976601,-7.204128],[111.976515,-7.204095],[111.976406,-7.204051],[111.976336,-7.20401],[111.976272,-7.203984],[111.97621,-7.203963],[111.976134,-7.203907],[111.976077,-7.203832],[111.976021,-7.203721],[111.975987,-7.203635],[111.975955,-7.203521],[111.975924,-7.20339],[111.975917,-7.203257],[111.975912,-7.203119],[111.975955,-7.203038],[111.976024,-7.202933],[111.976092,-7.202859],[111.976206,-7.202787],[111.976325,-7.20271],[111.976495,-7.202663],[111.97658,-7.202677],[111.976693,-7.20266],[111.976789,-7.202628],[111.976909,-7.20261],[111.977001,-7.202608],[111.977075,-7.202566],[111.977116,-7.202512],[111.977149,-7.20248],[111.9772,-7.202473],[111.977269,-7.202502],[111.977354,-7.202501],[111.977471,-7.202479],[111.97754,-7.202482],[111.97761,-7.202474],[111.977674,-7.202483],[111.97773,-7.20251],[111.977802,-7.202566],[111.977842,-7.202566],[111.977877,-7.202506],[111.97788,-7.202411],[111.977839,-7.202047],[111.977858,-7.202025],[111.978295,-7.202021],[111.978857,-7.201996],[111.978962,-7.201994],[111.978966,-7.201958],[111.978966,-7.201956],[111.978969,-7.201916],[111.979051,-7.201912],[111.979149,-7.20191],[111.979265,-7.201908],[111.979477,-7.201908],[111.979478,-7.201908],[111.979658,-7.201901],[111.979658,-7.201901],[111.979739,-7.201898],[111.97997,-7.201899],[111.979971,-7.201899],[111.980104,-7.201893],[111.980104,-7.201893],[111.980116,-7.201892],[111.980113,-7.201921],[111.980379,-7.201921],[111.980563,-7.201916],[111.98063,-7.201913],[111.980634,-7.202079],[111.980578,-7.202129],[111.980539,-7.202201],[111.980491,-7.202331],[111.980478,-7.202433],[111.980511,-7.202475],[111.980589,-7.202486],[111.980723,-7.2025],[111.980848,-7.202517],[111.981015,-7.202539],[111.98121,-7.202547],[111.981323,-7.202549],[111.981469,-7.202512],[111.981583,-7.202435],[111.981657,-7.202331],[111.981684,-7.202225],[111.981697,-7.202148],[111.981744,-7.202097],[111.981803,-7.202097],[111.981848,-7.202108],[111.981888,-7.20215],[111.981907,-7.202211],[111.981894,-7.202277],[111.98188,-7.202352],[111.981902,-7.202397],[111.981934,-7.202429],[111.982011,-7.202447],[111.982154,-7.202463],[111.982348,-7.20247],[111.98247,-7.202483],[111.982614,-7.202499],[111.982787,-7.202509],[111.982933,-7.202564],[111.983058,-7.202604],[111.983201,-7.202649],[111.983305,-7.202694],[111.983424,-7.202725],[111.983549,-7.202778],[111.983664,-7.202908],[111.983728,-7.203024],[111.983717,-7.203083],[111.983707,-7.203189],[111.983789,-7.203263],[111.983925,-7.203268],[111.984035,-7.203258],[111.984157,-7.203275],[111.984239,-7.203323],[111.984314,-7.20338]]]]}},{"type":"Feature","properties":{"GM_LAYER":"Unknown Area Type","id":null,"LAYER":"Unknown Area Type","MAP_NAME":"Sawah","PERIMETER":"252.33 m","ENCLOSED_A":"0.3659 ha","ISLAND_ARE":null,"LENGTH":"81.466 m","WIDTH":"45.613 m"},"geometry":{"type":"MultiPolygon","coordinates":[[[[111.944829,-7.196239],[111.945551,-7.196328],[111.945502,-7.196738],[111.944771,-7.196641],[111.944829,-7.196239]]]]}},{"type":"Feature","properties":{"GM_LAYER":"Unknown Area Type","id":null,"LAYER":"Unknown Area Type","MAP_NAME":"Sawah","PERIMETER":"131.01 m","ENCLOSED_A":"0.0992 ha","ISLAND_ARE":null,"LENGTH":null,"WIDTH":null},"geometry":{"type":"MultiPolygon","coordinates":[[[[111.944327,-7.196548],[111.944378,-7.196246],[111.944633,-7.196181],[111.94468,-7.196414],[111.944327,-7.196548]]]]}},{"type":"Feature","properties":{"GM_LAYER":"Unknown Area Type","id":null,"LAYER":"Unknown Area Type","MAP_NAME":"Sawah","PERIMETER":"615.71 m","ENCLOSED_A":"1.01 ha","ISLAND_ARE":null,"LENGTH":null,"WIDTH":null},"geometry":{"type":"MultiPolygon","coordinates":[[[[111.940898,-7.197155],[111.9409,-7.197175],[111.940896,-7.197197],[111.940732,-7.197575],[111.940649,-7.197728],[111.940442,-7.198169],[111.940391,-7.198275],[111.940339,-7.198383],[111.940341,-7.198417],[111.940354,-7.198463],[111.940393,-7.198512],[111.940459,-7.198558],[111.940483,-7.198569],[111.9405,-7.198582],[111.940507,-7.198597],[111.940512,-7.198615],[111.940464,-7.198803],[111.940464,-7.198803],[111.940441,-7.19889],[111.940331,-7.199305],[111.940327,-7.199318],[111.940317,-7.199331],[111.940304,-7.199344],[111.940085,-7.199387],[111.940077,-7.199387],[111.940067,-7.199382],[111.940058,-7.199369],[111.940033,-7.199274],[111.940027,-7.199155],[111.940024,-7.199151],[111.939938,-7.199097],[111.939932,-7.199089],[111.93993,-7.19908],[111.940083,-7.198571],[111.940082,-7.198535],[111.940077,-7.198496],[111.940062,-7.198448],[111.940034,-7.198397],[111.940023,-7.198374],[111.940022,-7.198371],[111.940022,-7.198368],[111.940035,-7.198315],[111.940036,-7.198308],[111.940022,-7.198195],[111.940027,-7.198166],[111.940038,-7.198136],[111.940184,-7.197762],[111.940184,-7.197762],[111.94024,-7.197619],[111.940257,-7.197602],[111.940276,-7.197594],[111.940305,-7.197594],[111.940345,-7.197602],[111.940376,-7.197605],[111.940404,-7.197601],[111.940434,-7.197587],[111.940504,-7.197541],[111.940544,-7.197507],[111.940563,-7.197469],[111.940581,-7.1974],[111.94063,-7.197173],[111.940635,-7.197165],[111.940646,-7.19716],[111.940858,-7.1971],[111.940874,-7.197102],[111.940886,-7.197117],[111.940894,-7.197138],[111.940898,-7.197155]]]]}},{"type":"Feature","properties":{"GM_LAYER":"Unknown Area Type","id":null,"LAYER":"Unknown Area Type","MAP_NAME":"Sawah","PERIMETER":"531.85 m","ENCLOSED_A":"0.687 ha","ISLAND_ARE":null,"LENGTH":null,"WIDTH":null},"geometry":{"type":"MultiPolygon","coordinates":[[[[111.940666,-7.196148],[111.940685,-7.195972],[111.940462,-7.195935],[111.940447,-7.196014],[111.940443,-7.196023],[111.940429,-7.196026],[111.940225,-7.195962],[111.940219,-7.195964],[111.940216,-7.195967],[111.940155,-7.196169],[111.940149,-7.196174],[111.940142,-7.196175],[111.939959,-7.196124],[111.939956,-7.196117],[111.939957,-7.196107],[111.940042,-7.195808],[111.940048,-7.195791],[111.940094,-7.195663],[111.940094,-7.195655],[111.94009,-7.195653],[111.940025,-7.19562],[111.939917,-7.195567],[111.939917,-7.195558],[111.939925,-7.19554],[111.939962,-7.195451],[111.939967,-7.195444],[111.939974,-7.195442],[111.940002,-7.195454],[111.940002,-7.195454],[111.940212,-7.195545],[111.940256,-7.195579],[111.94027,-7.195605],[111.940279,-7.195629],[111.940295,-7.195653],[111.940329,-7.195662],[111.940596,-7.195705],[111.940605,-7.195703],[111.940611,-7.195639],[111.940614,-7.195631],[111.940624,-7.195628],[111.940787,-7.195639],[111.940848,-7.195634],[111.940858,-7.195628],[111.940861,-7.195623],[111.940859,-7.195451],[111.941133,-7.195474],[111.941326,-7.195485],[111.941334,-7.195494],[111.941299,-7.195628],[111.941202,-7.195719],[111.941011,-7.195853],[111.941009,-7.196113],[111.94099,-7.196166],[111.940869,-7.196165],[111.940666,-7.196148]]]]}},{"type":"Feature","properties":{"GM_LAYER":"Unknown Area Type","id":null,"LAYER":"Unknown Area Type","MAP_NAME":"Sawah","PERIMETER":"238.84 m","ENCLOSED_A":"0.3224 ha","ISLAND_ARE":null,"LENGTH":null,"WIDTH":null},"geometry":{"type":"MultiPolygon","coordinates":[[[[111.944924,-7.195287],[111.945066,-7.195737],[111.944956,-7.195786],[111.944966,-7.195833],[111.944702,-7.195887],[111.944623,-7.195611],[111.944527,-7.195528],[111.944444,-7.195193],[111.944747,-7.195231],[111.944924,-7.195287]]]]}},{"type":"Feature","properties":{"GM_LAYER":"Unknown Area Type","id":null,"LAYER":"Unknown Area Type","MAP_NAME":"Sawah","PERIMETER":"365.17 m","ENCLOSED_A":"0.535 ha","ISLAND_ARE":null,"LENGTH":null,"WIDTH":null},"geometry":{"type":"MultiPolygon","coordinates":[[[[111.942493,-7.195595],[111.942494,-7.195603],[111.942484,-7.196022],[111.942481,-7.196034],[111.942465,-7.196039],[111.94219,-7.196036],[111.942183,-7.196039],[111.942179,-7.196047],[111.942177,-7.196092],[111.942176,-7.1961],[111.94217,-7.196105],[111.94196,-7.196155],[111.941955,-7.196158],[111.941952,-7.196162],[111.941954,-7.196219],[111.941951,-7.196227],[111.941941,-7.196231],[111.941797,-7.196207],[111.941792,-7.196204],[111.941787,-7.196201],[111.941782,-7.196194],[111.941789,-7.196084],[111.941793,-7.196077],[111.941803,-7.196071],[111.941812,-7.196069],[111.941817,-7.196067],[111.941837,-7.195795],[111.941838,-7.195784],[111.941834,-7.195777],[111.941825,-7.195771],[111.941649,-7.195747],[111.941482,-7.195713],[111.941476,-7.195711],[111.941473,-7.195708],[111.941495,-7.195549],[111.941498,-7.19554],[111.941505,-7.195538],[111.941674,-7.195532],[111.942042,-7.195543],[111.942051,-7.195542],[111.942059,-7.195536],[111.942061,-7.195529],[111.942065,-7.195526],[111.94216,-7.195527],[111.942174,-7.19553],[111.942181,-7.195536],[111.942185,-7.195574],[111.94219,-7.195582],[111.942198,-7.195587],[111.942323,-7.195586],[111.942486,-7.195586],[111.94249,-7.195589],[111.942493,-7.195595]]]]}},{"type":"Feature","properties":{"GM_LAYER":"Unknown Area Type","id":null,"LAYER":"Unknown Area Type","MAP_NAME":"Sawah","PERIMETER":"421.46 m","ENCLOSED_A":"0.3877 ha","ISLAND_ARE":null,"LENGTH":null,"WIDTH":null},"geometry":{"type":"MultiPolygon","coordinates":[[[[111.941126,-7.195383],[111.941129,-7.195398],[111.941127,-7.195407],[111.941121,-7.19541],[111.94097,-7.195396],[111.940964,-7.195391],[111.940962,-7.195384],[111.940956,-7.195331],[111.940954,-7.195283],[111.940951,-7.195206],[111.940931,-7.195096],[111.940907,-7.194998],[111.940863,-7.194917],[111.940806,-7.194843],[111.940756,-7.194806],[111.940747,-7.194801],[111.940733,-7.1948],[111.940722,-7.194805],[111.94071,-7.194816],[111.940658,-7.194944],[111.940649,-7.19495],[111.940633,-7.19495],[111.940558,-7.1949],[111.940516,-7.194863],[111.940489,-7.194831],[111.94047,-7.194798],[111.940468,-7.194771],[111.94047,-7.194746],[111.940475,-7.194725],[111.940497,-7.194688],[111.940498,-7.194684],[111.940497,-7.19468],[111.940448,-7.194632],[111.940418,-7.194586],[111.940269,-7.19449],[111.9402,-7.194461],[111.940193,-7.194447],[111.940197,-7.194425],[111.940214,-7.194386],[111.940218,-7.194366],[111.940218,-7.194356],[111.940158,-7.194338],[111.940156,-7.194331],[111.940156,-7.194325],[111.940163,-7.194287],[111.940212,-7.194201],[111.94022,-7.194195],[111.94023,-7.194197],[111.940593,-7.19434],[111.940597,-7.194349],[111.940595,-7.194357],[111.94056,-7.194421],[111.940549,-7.194429],[111.940542,-7.194439],[111.940538,-7.194448],[111.940537,-7.194456],[111.94084,-7.194668],[111.940875,-7.194702],[111.940935,-7.194769],[111.940993,-7.194852],[111.941025,-7.194906],[111.941049,-7.194962],[111.941072,-7.195039],[111.94109,-7.195181],[111.941102,-7.195312],[111.941126,-7.195383]]]]}},{"type":"Feature","properties":{"GM_LAYER":"Unknown Area Type","id":null,"LAYER":"Unknown Area Type","MAP_NAME":"Sawah","PERIMETER":"8.344 km","ENCLOSED_A":"115.98 ha","ISLAND_ARE":null,"LENGTH":null,"WIDTH":null},"geometry":{"type":"MultiPolygon","coordinates":[[[[111.984171,-7.19308],[111.984194,-7.19317],[111.984177,-7.193271],[111.984146,-7.193333],[111.984092,-7.193374],[111.984023,-7.19347],[111.983943,-7.19352],[111.983869,-7.193586],[111.98381,-7.193666],[111.983762,-7.19374],[111.983714,-7.193854],[111.983669,-7.193954],[111.983605,-7.194076],[111.983448,-7.194189],[111.983294,-7.19432],[111.983223,-7.19439],[111.983146,-7.194448],[111.983095,-7.194504],[111.983066,-7.194562],[111.983021,-7.194618],[111.982934,-7.194661],[111.982898,-7.194666],[111.982825,-7.194694],[111.982763,-7.194704],[111.982732,-7.194692],[111.982703,-7.194651],[111.98261,-7.194611],[111.982504,-7.194587],[111.982345,-7.194578],[111.982266,-7.194621],[111.98221,-7.194689],[111.982189,-7.194787],[111.982209,-7.194862],[111.982214,-7.19491],[111.982186,-7.19499],[111.982171,-7.195069],[111.982171,-7.195112],[111.982203,-7.195189],[111.982224,-7.195245],[111.982242,-7.19535],[111.982261,-7.195454],[111.982281,-7.195542],[111.98231,-7.195738],[111.982322,-7.195887],[111.982327,-7.196003],[111.982334,-7.196157],[111.982332,-7.196319],[111.982308,-7.196412],[111.982194,-7.196402],[111.982064,-7.196388],[111.981903,-7.19636],[111.981801,-7.196345],[111.98173,-7.196341],[111.981696,-7.196379],[111.981682,-7.196471],[111.981663,-7.196543],[111.981692,-7.196586],[111.981766,-7.196622],[111.981801,-7.196662],[111.981784,-7.19675],[111.981763,-7.196829],[111.981754,-7.196888],[111.981725,-7.196971],[111.981698,-7.19704],[111.98164,-7.197106],[111.981563,-7.197113],[111.981458,-7.197091],[111.981386,-7.197081],[111.981331,-7.197112],[111.981319,-7.197158],[111.981338,-7.197216],[111.98143,-7.197245],[111.981491,-7.197351],[111.981501,-7.1974],[111.981487,-7.197471],[111.981469,-7.197506],[111.981551,-7.197516],[111.981654,-7.19752],[111.981704,-7.197548],[111.981739,-7.19761],[111.981768,-7.197668],[111.981831,-7.197727],[111.981939,-7.197717],[111.982073,-7.197688],[111.982175,-7.197712],[111.982307,-7.197748],[111.982397,-7.197796],[111.982438,-7.197774],[111.982486,-7.197692],[111.982557,-7.197626],[111.982619,-7.197598],[111.982701,-7.197602],[111.982743,-7.197629],[111.982766,-7.197666],[111.982743,-7.197727],[111.982687,-7.197768],[111.982683,-7.197855],[111.982742,-7.19791],[111.98281,-7.197903],[111.982872,-7.197861],[111.982957,-7.19785],[111.983036,-7.197867],[111.983128,-7.197918],[111.983157,-7.197963],[111.983172,-7.198059],[111.983144,-7.198137],[111.983095,-7.198196],[111.982992,-7.198223],[111.982926,-7.198225],[111.982852,-7.198216],[111.982798,-7.198242],[111.982772,-7.198288],[111.982746,-7.198357],[111.982766,-7.198434],[111.982837,-7.198482],[111.982883,-7.198496],[111.982914,-7.198532],[111.982948,-7.198604],[111.982946,-7.198708],[111.982914,-7.198809],[111.982857,-7.198886],[111.982778,-7.19897],[111.9827,-7.199012],[111.982602,-7.199038],[111.982549,-7.199091],[111.982522,-7.199147],[111.982454,-7.199179],[111.982382,-7.199212],[111.982311,-7.199263],[111.982254,-7.199323],[111.982199,-7.199405],[111.982161,-7.199469],[111.98209,-7.199589],[111.982057,-7.19967],[111.982049,-7.199759],[111.982041,-7.199875],[111.982046,-7.199936],[111.982043,-7.200021],[111.982042,-7.200085],[111.982008,-7.200178],[111.98204,-7.20017],[111.982079,-7.200101],[111.982099,-7.200016],[111.982155,-7.199942],[111.98222,-7.199878],[111.982358,-7.199812],[111.98243,-7.199804],[111.982539,-7.199835],[111.982668,-7.199885],[111.98275,-7.199931],[111.982827,-7.199989],[111.982859,-7.200047],[111.982831,-7.200117],[111.982781,-7.200141],[111.982649,-7.200108],[111.982578,-7.200084],[111.98252,-7.200083],[111.982469,-7.200118],[111.982439,-7.200185],[111.982405,-7.20028],[111.982375,-7.20038],[111.982383,-7.200442],[111.982353,-7.200545],[111.98228,-7.200581],[111.982212,-7.200585],[111.982183,-7.200618],[111.982167,-7.200698],[111.982139,-7.200772],[111.982116,-7.200842],[111.982096,-7.200887],[111.98207,-7.200912],[111.98192,-7.200918],[111.98182,-7.20092],[111.98177,-7.20093],[111.981701,-7.200967],[111.981644,-7.201033],[111.981602,-7.201092],[111.981562,-7.201137],[111.981528,-7.201171],[111.981483,-7.201181],[111.981437,-7.201166],[111.981385,-7.201118],[111.98133,-7.201075],[111.981269,-7.20105],[111.981142,-7.201018],[111.981049,-7.201002],[111.981009,-7.200959],[111.98097,-7.200922],[111.980924,-7.200925],[111.980893,-7.200977],[111.98088,-7.201034],[111.980889,-7.201073],[111.98091,-7.201121],[111.980882,-7.201152],[111.980828,-7.201193],[111.980746,-7.201214],[111.980675,-7.201232],[111.980614,-7.20126],[111.980553,-7.201269],[111.980468,-7.201268],[111.980391,-7.201257],[111.980303,-7.201272],[111.980166,-7.201302],[111.980079,-7.201327],[111.979986,-7.20134],[111.979885,-7.201354],[111.979797,-7.201375],[111.979777,-7.201425],[111.979788,-7.201618],[111.979777,-7.201751],[111.979778,-7.201871],[111.979739,-7.201871],[111.979657,-7.201874],[111.979477,-7.201881],[111.979265,-7.201881],[111.979254,-7.201757],[111.979273,-7.201609],[111.979294,-7.201465],[111.979279,-7.201404],[111.979238,-7.201394],[111.979117,-7.20138],[111.979009,-7.201379],[111.978876,-7.201374],[111.978772,-7.201373],[111.978664,-7.20137],[111.97856,-7.20138],[111.978441,-7.201396],[111.978328,-7.201403],[111.978196,-7.201409],[111.978074,-7.201409],[111.977939,-7.201415],[111.977837,-7.201421],[111.977832,-7.201421],[111.97774,-7.201413],[111.977623,-7.20142],[111.97753,-7.201435],[111.977448,-7.201449],[111.977351,-7.201462],[111.977258,-7.201464],[111.977194,-7.20145],[111.977094,-7.201445],[111.977008,-7.201434],[111.976895,-7.201425],[111.976826,-7.201436],[111.976779,-7.201417],[111.976742,-7.20139],[111.976693,-7.201358],[111.976596,-7.201321],[111.97653,-7.201283],[111.976416,-7.201204],[111.976335,-7.20114],[111.976279,-7.201078],[111.97619,-7.201003],[111.976075,-7.200944],[111.975944,-7.200907],[111.975842,-7.200893],[111.975727,-7.200859],[111.975639,-7.200816],[111.975631,-7.200773],[111.975682,-7.200519],[111.975617,-7.200494],[111.975502,-7.200462],[111.975413,-7.200416],[111.975358,-7.200353],[111.9753,-7.200283],[111.975238,-7.200262],[111.975207,-7.200227],[111.975217,-7.20015],[111.975239,-7.200071],[111.975261,-7.199955],[111.975272,-7.199845],[111.975258,-7.199747],[111.975227,-7.199694],[111.975211,-7.199625],[111.975218,-7.19948],[111.975247,-7.199352],[111.97528,-7.199206],[111.975298,-7.199074],[111.975307,-7.199044],[111.975479,-7.199087],[111.975616,-7.199109],[111.975733,-7.199112],[111.975798,-7.199094],[111.975826,-7.199065],[111.975852,-7.198881],[111.975877,-7.198693],[111.975898,-7.198584],[111.975941,-7.198426],[111.975956,-7.198157],[111.975946,-7.198051],[111.975837,-7.198009],[111.975625,-7.197974],[111.97548,-7.19793],[111.975413,-7.197891],[111.975396,-7.197734],[111.97537,-7.197604],[111.975355,-7.197455],[111.97535,-7.197361],[111.975352,-7.197263],[111.975365,-7.197232],[111.975437,-7.197234],[111.975503,-7.197249],[111.975549,-7.197216],[111.97556,-7.197171],[111.975578,-7.197148],[111.975626,-7.197151],[111.975681,-7.19715],[111.975707,-7.197101],[111.975711,-7.197031],[111.975716,-7.196989],[111.975762,-7.19691],[111.97579,-7.196827],[111.975793,-7.196779],[111.975794,-7.196748],[111.975818,-7.196689],[111.975824,-7.19662],[111.975826,-7.196581],[111.97586,-7.196551],[111.975921,-7.196523],[111.975961,-7.196514],[111.976006,-7.196485],[111.976017,-7.196461],[111.976063,-7.196409],[111.976097,-7.196398],[111.976165,-7.196404],[111.9762,-7.19637],[111.976251,-7.196243],[111.976243,-7.196162],[111.976252,-7.196105],[111.976329,-7.196051],[111.976413,-7.195993],[111.976504,-7.195898],[111.9766,-7.195846],[111.976695,-7.195795],[111.976762,-7.195753],[111.976833,-7.195689],[111.976894,-7.195627],[111.976997,-7.19556],[111.977066,-7.195505],[111.97712,-7.195442],[111.977194,-7.19538],[111.977271,-7.195322],[111.977316,-7.195262],[111.977349,-7.195198],[111.97738,-7.195113],[111.977405,-7.195001],[111.977415,-7.194938],[111.97744,-7.194869],[111.977485,-7.194811],[111.977535,-7.194779],[111.977642,-7.194727],[111.977729,-7.194689],[111.977812,-7.194644],[111.977894,-7.194602],[111.977994,-7.19455],[111.978056,-7.194486],[111.978088,-7.194415],[111.978088,-7.194341],[111.978081,-7.194281],[111.978078,-7.194243],[111.978089,-7.194174],[111.978106,-7.194126],[111.978148,-7.194076],[111.978197,-7.194027],[111.978234,-7.193961],[111.978252,-7.193865],[111.978255,-7.193788],[111.978254,-7.193726],[111.978259,-7.193655],[111.978278,-7.193553],[111.978338,-7.193421],[111.978443,-7.193219],[111.97854,-7.193069],[111.978589,-7.192995],[111.978615,-7.192939],[111.978661,-7.192867],[111.9787,-7.192828],[111.978728,-7.192793],[111.978816,-7.192728],[111.978879,-7.192668],[111.978921,-7.192611],[111.978988,-7.192484],[111.979079,-7.192304],[111.979125,-7.192187],[111.979173,-7.192083],[111.979181,-7.192064],[111.979181,-7.192062],[111.979179,-7.192056],[111.979151,-7.191969],[111.97914,-7.191991],[111.979068,-7.192145],[111.979017,-7.192256],[111.978956,-7.19237],[111.978913,-7.192468],[111.97887,-7.192542],[111.978817,-7.19261],[111.978755,-7.192658],[111.978707,-7.192692],[111.978669,-7.192729],[111.978626,-7.192772],[111.97858,-7.192826],[111.978539,-7.192893],[111.978517,-7.192932],[111.97849,-7.192978],[111.978452,-7.193026],[111.978404,-7.193097],[111.978364,-7.193165],[111.978307,-7.193275],[111.978264,-7.193361],[111.978219,-7.193464],[111.978196,-7.193513],[111.978176,-7.193567],[111.978158,-7.193652],[111.978027,-7.193629],[111.977829,-7.193596],[111.977508,-7.193531],[111.977664,-7.193089],[111.977636,-7.193069],[111.977581,-7.193029],[111.97754,-7.193001],[111.977488,-7.192977],[111.977416,-7.19295],[111.977361,-7.19293],[111.977297,-7.19291],[111.977274,-7.192903],[111.977223,-7.193053],[111.97725,-7.193093],[111.977286,-7.193122],[111.97733,-7.193151],[111.977338,-7.193173],[111.977295,-7.193255],[111.977329,-7.193295],[111.977353,-7.193322],[111.977357,-7.193357],[111.977309,-7.193486],[111.976892,-7.193372],[111.976925,-7.193264],[111.976943,-7.193178],[111.976938,-7.193158],[111.976906,-7.193131],[111.976871,-7.193093],[111.976876,-7.193057],[111.976875,-7.193018],[111.976847,-7.192994],[111.976803,-7.192966],[111.976761,-7.192953],[111.976694,-7.192948],[111.976615,-7.192951],[111.976524,-7.192955],[111.976532,-7.192779],[111.976552,-7.192689],[111.976561,-7.192599],[111.976585,-7.192505],[111.976606,-7.192384],[111.976617,-7.192297],[111.97664,-7.192184],[111.97667,-7.192094],[111.976688,-7.192008],[111.976729,-7.191961],[111.976805,-7.19191],[111.976821,-7.191812],[111.976797,-7.191723],[111.976726,-7.191679],[111.976663,-7.191591],[111.97664,-7.191484],[111.97661,-7.191373],[111.976592,-7.191288],[111.976598,-7.191197],[111.976622,-7.191057],[111.97663,-7.190929],[111.976644,-7.190844],[111.976697,-7.190782],[111.976756,-7.190755],[111.976775,-7.190684],[111.976743,-7.190588],[111.976687,-7.190553],[111.976679,-7.190515],[111.976682,-7.19045],[111.97668,-7.190383],[111.976659,-7.190339],[111.976614,-7.190302],[111.976569,-7.190296],[111.976495,-7.190316],[111.976371,-7.19034],[111.9763,-7.190341],[111.976234,-7.190343],[111.976215,-7.190231],[111.976183,-7.189971],[111.976023,-7.189965],[111.975993,-7.189816],[111.975905,-7.189804],[111.975816,-7.189785],[111.975719,-7.189761],[111.975644,-7.189752],[111.975481,-7.18975],[111.975376,-7.189747],[111.975257,-7.189768],[111.975153,-7.189777],[111.975049,-7.18976],[111.974972,-7.189739],[111.974933,-7.189696],[111.974909,-7.189613],[111.974931,-7.189401],[111.974925,-7.189266],[111.974918,-7.189168],[111.975058,-7.18915],[111.975116,-7.189141],[111.975108,-7.189054],[111.9751,-7.188959],[111.975079,-7.188776],[111.975023,-7.188767],[111.97494,-7.188762],[111.974912,-7.18876],[111.974883,-7.188625],[111.974917,-7.188553],[111.974949,-7.188488],[111.974941,-7.188456],[111.97628,-7.18801],[111.97719,-7.187707],[111.978067,-7.187413],[111.979513,-7.186871],[111.980671,-7.186417],[111.980672,-7.186417],[111.981518,-7.186091],[111.981519,-7.186091],[111.981611,-7.186058],[111.982491,-7.185701],[111.982503,-7.18576],[111.982501,-7.185775],[111.982521,-7.185867],[111.982507,-7.186008],[111.98245,-7.186137],[111.982356,-7.186243],[111.982233,-7.186314],[111.9822,-7.186327],[111.982083,-7.186373],[111.981914,-7.186439],[111.981746,-7.186504],[111.981695,-7.186524],[111.981694,-7.186524],[111.981682,-7.186529],[111.981679,-7.18653],[111.981666,-7.186535],[111.981664,-7.186536],[111.981569,-7.186571],[111.981399,-7.186634],[111.98123,-7.186698],[111.98106,-7.186761],[111.980999,-7.186784],[111.980993,-7.186787],[111.98097,-7.186798],[111.980958,-7.186834],[111.980962,-7.186891],[111.980991,-7.186932],[111.981012,-7.186974],[111.981045,-7.187003],[111.981085,-7.187016],[111.981133,-7.187015],[111.98117,-7.187013],[111.981226,-7.186996],[111.981286,-7.18698],[111.981395,-7.186972],[111.981474,-7.186958],[111.981506,-7.186924],[111.981552,-7.186864],[111.981654,-7.18678],[111.981748,-7.186758],[111.98179,-7.186713],[111.981829,-7.186617],[111.981866,-7.186548],[111.98191,-7.186548],[111.982002,-7.186551],[111.982148,-7.186578],[111.982246,-7.186602],[111.982364,-7.186616],[111.982475,-7.186623],[111.982565,-7.18662],[111.98267,-7.186623],[111.982783,-7.18662],[111.98287,-7.186626],[111.982938,-7.186654],[111.982953,-7.186696],[111.98297,-7.186731],[111.983015,-7.186766],[111.983058,-7.186776],[111.983141,-7.186775],[111.983216,-7.186774],[111.983256,-7.186796],[111.98329,-7.186831],[111.983306,-7.186881],[111.98332,-7.186923],[111.983341,-7.186953],[111.983414,-7.186966],[111.983463,-7.186958],[111.983508,-7.186966],[111.983525,-7.186992],[111.98353,-7.187026],[111.983535,-7.187074],[111.983534,-7.187119],[111.983515,-7.187218],[111.98349,-7.187311],[111.98348,-7.187389],[111.983478,-7.187452],[111.983475,-7.187509],[111.98349,-7.187559],[111.983512,-7.187631],[111.983536,-7.187699],[111.983529,-7.187788],[111.983502,-7.187892],[111.98349,-7.187958],[111.983496,-7.188062],[111.983508,-7.188143],[111.983509,-7.188203],[111.983502,-7.188282],[111.983484,-7.188345],[111.983452,-7.188387],[111.983414,-7.188426],[111.983362,-7.188461],[111.983335,-7.188508],[111.983328,-7.188554],[111.983314,-7.188629],[111.983286,-7.188688],[111.983254,-7.188749],[111.983213,-7.18879],[111.983173,-7.188851],[111.983134,-7.188915],[111.983105,-7.188973],[111.983082,-7.189019],[111.983069,-7.189064],[111.983054,-7.189087],[111.983014,-7.189084],[111.982977,-7.189071],[111.982944,-7.189054],[111.982911,-7.189064],[111.982873,-7.189086],[111.982839,-7.18912],[111.982815,-7.189163],[111.982805,-7.189207],[111.982801,-7.189256],[111.982806,-7.189318],[111.982821,-7.189358],[111.982858,-7.189381],[111.982925,-7.189396],[111.982974,-7.189416],[111.983032,-7.189414],[111.98311,-7.189399],[111.983148,-7.189394],[111.983186,-7.189421],[111.983225,-7.189468],[111.983254,-7.189521],[111.983269,-7.189582],[111.983257,-7.189655],[111.983208,-7.189724],[111.983131,-7.189833],[111.983096,-7.189926],[111.983088,-7.19004],[111.983092,-7.190127],[111.983081,-7.190212],[111.983046,-7.190271],[111.982948,-7.190324],[111.982827,-7.190361],[111.982761,-7.19041],[111.982758,-7.190453],[111.982819,-7.190485],[111.982908,-7.190498],[111.982942,-7.190533],[111.982926,-7.190587],[111.98286,-7.190653],[111.982814,-7.190713],[111.982765,-7.190774],[111.982716,-7.190819],[111.98261,-7.19084],[111.982494,-7.19085],[111.982382,-7.190853],[111.982313,-7.190839],[111.982211,-7.190826],[111.982115,-7.190828],[111.982046,-7.19086],[111.981969,-7.19093],[111.981913,-7.190988],[111.981776,-7.190996],[111.981683,-7.191011],[111.981598,-7.191041],[111.981537,-7.191059],[111.981445,-7.191061],[111.981378,-7.191075],[111.981368,-7.191107],[111.981405,-7.191147],[111.98151,-7.191165],[111.981619,-7.191147],[111.981738,-7.19111],[111.981846,-7.191114],[111.981924,-7.191119],[111.982003,-7.191085],[111.982115,-7.191003],[111.98216,-7.190984],[111.982271,-7.190988],[111.982361,-7.191009],[111.982486,-7.191046],[111.982554,-7.191073],[111.982626,-7.191111],[111.982726,-7.191127],[111.982774,-7.191087],[111.982825,-7.191014],[111.982918,-7.1909],[111.982995,-7.190764],[111.983056,-7.190629],[111.983097,-7.190505],[111.983176,-7.190415],[111.983264,-7.190375],[111.983319,-7.190291],[111.983315,-7.190192],[111.983309,-7.190092],[111.983345,-7.189991],[111.983405,-7.189945],[111.983487,-7.189911],[111.983565,-7.189899],[111.98363,-7.189922],[111.983675,-7.189992],[111.983691,-7.190059],[111.983703,-7.190228],[111.983679,-7.190327],[111.983604,-7.190483],[111.983541,-7.190588],[111.983525,-7.190706],[111.983538,-7.190772],[111.983534,-7.190867],[111.983453,-7.190941],[111.983396,-7.191004],[111.983335,-7.191044],[111.983266,-7.191066],[111.983208,-7.191091],[111.983176,-7.191152],[111.983165,-7.191224],[111.983173,-7.191277],[111.983191,-7.191331],[111.983181,-7.19141],[111.983146,-7.191474],[111.983085,-7.191494],[111.983005,-7.191499],[111.98296,-7.191531],[111.982939,-7.191581],[111.982905,-7.191595],[111.98288,-7.191605],[111.98287,-7.191651],[111.982861,-7.191732],[111.982834,-7.191799],[111.982829,-7.191871],[111.98281,-7.191932],[111.982824,-7.192043],[111.982828,-7.192114],[111.982805,-7.192173],[111.982797,-7.19222],[111.982807,-7.192295],[111.982836,-7.192356],[111.982875,-7.192386],[111.982928,-7.192389],[111.98296,-7.192421],[111.982986,-7.1925],[111.98297,-7.192542],[111.982909,-7.192572],[111.982883,-7.192616],[111.982892,-7.192683],[111.982946,-7.192681],[111.983033,-7.192622],[111.983083,-7.192524],[111.983102,-7.192394],[111.983064,-7.192206],[111.98309,-7.192137],[111.983122,-7.192041],[111.983196,-7.192127],[111.983291,-7.192243],[111.98336,-7.192305],[111.983468,-7.192403],[111.983543,-7.192457],[111.983634,-7.192518],[111.98379,-7.192617],[111.983833,-7.192644],[111.983848,-7.192687],[111.983853,-7.192752],[111.983885,-7.192813],[111.983906,-7.192881],[111.983911,-7.192954],[111.983911,-7.19306],[111.983921,-7.193082],[111.984075,-7.193078],[111.984171,-7.19308]],[[111.980491,-7.186926],[111.980463,-7.187],[111.980431,-7.187105],[111.980398,-7.187214],[111.980389,-7.187252],[111.980375,-7.187325],[111.980358,-7.187434],[111.980342,-7.187594],[111.980339,-7.187688],[111.980322,-7.187794],[111.980304,-7.187881],[111.980258,-7.187958],[111.980199,-7.188038],[111.980152,-7.188154],[111.980136,-7.188231],[111.980145,-7.188319],[111.980146,-7.188401],[111.980155,-7.188478],[111.980135,-7.18856],[111.980094,-7.188676],[111.980025,-7.188803],[111.979985,-7.188913],[111.979953,-7.188998],[111.979941,-7.189092],[111.979938,-7.189189],[111.979939,-7.189266],[111.979941,-7.18942],[111.979951,-7.189546],[111.979974,-7.189656],[111.979979,-7.189733],[111.979973,-7.189802],[111.979954,-7.189873],[111.979938,-7.189942],[111.979936,-7.190008],[111.979957,-7.190115],[111.979972,-7.190189],[111.979972,-7.190256],[111.979966,-7.190333],[111.979953,-7.19043],[111.979947,-7.190494],[111.979936,-7.190576],[111.979913,-7.190666],[111.979897,-7.1907],[111.97993,-7.190776],[111.979931,-7.190774],[111.979955,-7.19071],[111.97999,-7.190636],[111.980006,-7.190577],[111.980009,-7.190503],[111.98003,-7.190374],[111.98005,-7.190285],[111.980047,-7.190208],[111.980036,-7.190113],[111.980035,-7.18998],[111.980042,-7.189893],[111.980055,-7.189799],[111.980042,-7.18971],[111.980038,-7.189616],[111.980022,-7.189513],[111.980014,-7.189426],[111.980009,-7.189338],[111.979994,-7.189199],[111.980004,-7.189106],[111.980029,-7.188979],[111.980076,-7.188842],[111.98016,-7.188683],[111.980198,-7.188571],[111.980212,-7.188494],[111.980217,-7.188406],[111.980211,-7.188318],[111.980214,-7.188235],[111.980245,-7.188142],[111.980308,-7.188031],[111.980372,-7.187953],[111.980413,-7.187859],[111.980427,-7.187705],[111.980429,-7.18755],[111.980433,-7.187423],[111.980454,-7.187263],[111.980553,-7.186998],[111.980591,-7.186901],[111.980491,-7.186926]]]]}},{"type":"Feature","properties":{"GM_LAYER":"Unknown Area Type","id":null,"LAYER":"Unknown Area Type","MAP_NAME":"Sawah","PERIMETER":"3.045 km","ENCLOSED_A":"42.599 ha","ISLAND_ARE":null,"LENGTH":null,"WIDTH":null},"geometry":{"type":"MultiPolygon","coordinates":[[[[111.967011,-7.189337],[111.967024,-7.189312],[111.967024,-7.189296],[111.966937,-7.189268],[111.966928,-7.189267],[111.966921,-7.189283],[111.966913,-7.189292],[111.966505,-7.189168],[111.966492,-7.189166],[111.966474,-7.189176],[111.966316,-7.189543],[111.966311,-7.189555],[111.966299,-7.189555],[111.965745,-7.189396],[111.965734,-7.189397],[111.965727,-7.189398],[111.965727,-7.189416],[111.965679,-7.189881],[111.965676,-7.189889],[111.965666,-7.189892],[111.965399,-7.18979],[111.965348,-7.18977],[111.96532,-7.189773],[111.96528,-7.189913],[111.965265,-7.189934],[111.965228,-7.189936],[111.964776,-7.189776],[111.964768,-7.189772],[111.964763,-7.189773],[111.964758,-7.189783],[111.964594,-7.190226],[111.964591,-7.190227],[111.964588,-7.190228],[111.964549,-7.190226],[111.964541,-7.190226],[111.964538,-7.190229],[111.964504,-7.190528],[111.964512,-7.190535],[111.964518,-7.190612],[111.964515,-7.190621],[111.964509,-7.190626],[111.964359,-7.190634],[111.964355,-7.190637],[111.964354,-7.190646],[111.964358,-7.190748],[111.964354,-7.190788],[111.96434,-7.190799],[111.964325,-7.19081],[111.963755,-7.190966],[111.963427,-7.191084],[111.963417,-7.191085],[111.963406,-7.191083],[111.963401,-7.191078],[111.963382,-7.190991],[111.963371,-7.190905],[111.963352,-7.190902],[111.96333,-7.190902],[111.963313,-7.190909],[111.96327,-7.190924],[111.963234,-7.190926],[111.963195,-7.19092],[111.96316,-7.190915],[111.963133,-7.190926],[111.963119,-7.190968],[111.963088,-7.191011],[111.963074,-7.191082],[111.963066,-7.191191],[111.963062,-7.191215],[111.963045,-7.191228],[111.96301,-7.191245],[111.962761,-7.191296],[111.962471,-7.19135],[111.962393,-7.191369],[111.962314,-7.191364],[111.962088,-7.191349],[111.961848,-7.191329],[111.961685,-7.191271],[111.961679,-7.191267],[111.961677,-7.191263],[111.961678,-7.191252],[111.961686,-7.191234],[111.961706,-7.191167],[111.96197,-7.190457],[111.961978,-7.190443],[111.961977,-7.190432],[111.961368,-7.190224],[111.961352,-7.190228],[111.961343,-7.190242],[111.961194,-7.190678],[111.961188,-7.190689],[111.961171,-7.19069],[111.960936,-7.190617],[111.960811,-7.19057],[111.960716,-7.19051],[111.960697,-7.190497],[111.960689,-7.190491],[111.960641,-7.190499],[111.960598,-7.190506],[111.960554,-7.190512],[111.960519,-7.190503],[111.960485,-7.190487],[111.960478,-7.190485],[111.960469,-7.190489],[111.960445,-7.190605],[111.960443,-7.190611],[111.960432,-7.190613],[111.960226,-7.190561],[111.960219,-7.190549],[111.960211,-7.19053],[111.960213,-7.190507],[111.960243,-7.190373],[111.960281,-7.190177],[111.960291,-7.190156],[111.960321,-7.190127],[111.960369,-7.190117],[111.960385,-7.19011],[111.960385,-7.190104],[111.960389,-7.190059],[111.960396,-7.190026],[111.960407,-7.190002],[111.96043,-7.189925],[111.960455,-7.189845],[111.960475,-7.189812],[111.96052,-7.189705],[111.960543,-7.189603],[111.960596,-7.189617],[111.960611,-7.189613],[111.960632,-7.189557],[111.960646,-7.189533],[111.960647,-7.189513],[111.960643,-7.189497],[111.960649,-7.189467],[111.960702,-7.189298],[111.960084,-7.189116],[111.960135,-7.188926],[111.960399,-7.187799],[111.960566,-7.187088],[111.960723,-7.186343],[111.960857,-7.185738],[111.960977,-7.185261],[111.967375,-7.185247],[111.967382,-7.188557],[111.967349,-7.18866],[111.967299,-7.188865],[111.967255,-7.189094],[111.967241,-7.189099],[111.967175,-7.189131],[111.967156,-7.189145],[111.967148,-7.189164],[111.967112,-7.189355],[111.967109,-7.189363],[111.967102,-7.189366],[111.967011,-7.189337]]]]}},{"type":"Feature","properties":{"GM_LAYER":"Unknown Area Type","id":null,"LAYER":"Unknown Area Type","MAP_NAME":"Sawah","PERIMETER":"1.941 km","ENCLOSED_A":"17.026 ha","ISLAND_ARE":null,"LENGTH":null,"WIDTH":null},"geometry":{"type":"MultiPolygon","coordinates":[[[[111.976302,-7.187104],[111.976302,-7.187104],[111.9763,-7.186997],[111.976279,-7.186956],[111.97623,-7.186961],[111.976047,-7.186998],[111.975836,-7.187057],[111.975676,-7.187099],[111.975548,-7.187098],[111.975335,-7.187066],[111.975222,-7.187055],[111.97525,-7.186804],[111.97525,-7.186749],[111.975109,-7.186726],[111.97506,-7.186717],[111.975114,-7.186266],[111.975183,-7.185708],[111.975256,-7.185029],[111.975328,-7.184474],[111.975353,-7.184209],[111.97537,-7.183996],[111.975389,-7.183797],[111.975629,-7.18382],[111.975648,-7.183688],[111.975647,-7.183601],[111.975621,-7.183531],[111.975608,-7.183395],[111.975624,-7.183314],[111.975673,-7.183184],[111.97571,-7.183011],[111.975705,-7.182902],[111.975682,-7.182861],[111.975498,-7.182843],[111.975516,-7.182652],[111.97573,-7.182693],[111.97575,-7.182572],[111.975763,-7.182214],[111.975799,-7.182192],[111.975902,-7.182193],[111.97611,-7.182219],[111.976232,-7.182237],[111.976342,-7.182281],[111.976455,-7.182421],[111.976522,-7.182525],[111.976626,-7.182655],[111.976777,-7.182795],[111.976862,-7.182867],[111.976956,-7.182921],[111.977037,-7.182979],[111.977162,-7.183099],[111.977273,-7.183216],[111.977378,-7.183328],[111.977465,-7.183402],[111.977574,-7.183474],[111.977685,-7.183576],[111.977813,-7.18372],[111.977917,-7.183811],[111.978112,-7.183948],[111.97823,-7.184005],[111.978364,-7.184092],[111.978562,-7.184221],[111.978669,-7.184304],[111.978772,-7.184353],[111.978867,-7.18437],[111.979027,-7.184406],[111.979157,-7.184442],[111.979216,-7.184484],[111.979319,-7.184579],[111.979435,-7.184672],[111.979513,-7.18474],[111.979582,-7.184844],[111.979717,-7.184985],[111.9798,-7.185059],[111.979939,-7.18515],[111.980188,-7.185297],[111.980276,-7.185364],[111.980225,-7.185438],[111.98013,-7.185532],[111.979729,-7.185719],[111.979339,-7.185857],[111.978966,-7.185994],[111.978517,-7.186168],[111.977986,-7.186367],[111.977639,-7.186486],[111.977227,-7.186608],[111.977191,-7.186645],[111.977201,-7.186695],[111.977219,-7.186826],[111.977236,-7.187012],[111.977103,-7.187057],[111.977006,-7.187091],[111.976922,-7.187116],[111.976864,-7.187133],[111.976788,-7.187148],[111.976787,-7.187148],[111.976671,-7.187183],[111.976577,-7.187208],[111.976486,-7.187237],[111.976306,-7.187295],[111.976302,-7.187104]]]]}},{"type":"Feature","properties":{"GM_LAYER":"Unknown Area Type","id":null,"LAYER":null,"MAP_NAME":"Sawah","PERIMETER":"1.025 km","ENCLOSED_A":"3.204 ha","ISLAND_ARE":null,"LENGTH":null,"WIDTH":null},"geometry":{"type":"MultiPolygon","coordinates":[[[[111.851495,-7.200292],[111.851907,-7.200359],[111.85191,-7.20036],[111.85191,-7.200362],[111.851866,-7.200703],[111.851844,-7.200801],[111.851849,-7.20082],[111.851861,-7.200831],[111.851873,-7.200843],[111.852073,-7.20095],[111.852122,-7.20098],[111.852132,-7.200981],[111.852139,-7.200969],[111.85216,-7.200928],[111.852169,-7.200919],[111.852179,-7.200916],[111.852195,-7.200916],[111.852206,-7.200924],[111.85228,-7.201022],[111.85238,-7.20115],[111.852471,-7.201232],[111.852502,-7.201242],[111.852606,-7.201276],[111.852658,-7.201287],[111.852664,-7.201303],[111.852664,-7.20133],[111.852418,-7.202158],[111.852346,-7.202409],[111.852217,-7.202738],[111.852082,-7.203005],[111.852055,-7.202991],[111.851975,-7.202964],[111.851942,-7.202959],[111.851893,-7.20297],[111.85182,-7.20299],[111.85176,-7.203006],[111.851687,-7.203029],[111.851615,-7.203084],[111.85156,-7.203121],[111.851536,-7.203137],[111.851487,-7.203146],[111.851373,-7.203136],[111.851176,-7.203102],[111.8511,-7.203085],[111.85107,-7.203072],[111.851031,-7.203046],[111.85101,-7.202993],[111.851002,-7.202954],[111.851009,-7.202779],[111.850996,-7.202707],[111.85096,-7.202609],[111.850901,-7.202451],[111.850885,-7.202395],[111.850886,-7.20237],[111.850964,-7.20211],[111.850975,-7.202094],[111.850996,-7.202087],[111.851082,-7.202065],[111.851237,-7.202031],[111.851344,-7.202018],[111.851478,-7.202023],[111.851533,-7.202033],[111.851609,-7.202049],[111.851743,-7.202094],[111.85179,-7.202108],[111.851807,-7.2021],[111.851821,-7.202091],[111.851825,-7.202073],[111.851755,-7.20169],[111.851712,-7.201605],[111.851654,-7.201536],[111.851593,-7.201471],[111.851426,-7.201339],[111.851247,-7.201216],[111.851245,-7.201199],[111.851246,-7.201191],[111.851264,-7.20111],[111.851267,-7.201109],[111.85127,-7.201108],[111.851312,-7.201124],[111.851347,-7.201141],[111.851356,-7.201142],[111.851373,-7.201131],[111.851466,-7.201043],[111.851533,-7.200988],[111.851577,-7.200962],[111.851632,-7.200943],[111.851634,-7.200934],[111.851629,-7.200924],[111.851597,-7.200894],[111.851557,-7.200873],[111.851469,-7.200842],[111.851372,-7.200817],[111.851348,-7.200811],[111.851342,-7.200806],[111.851342,-7.200797],[111.851492,-7.200293],[111.851494,-7.200292],[111.851495,-7.200292]]]]}},{"type":"Feature","properties":{"GM_LAYER":"Unknown Area Type","id":null,"LAYER":null,"MAP_NAME":"Sawah","PERIMETER":"3.526 km","ENCLOSED_A":"25.532 ha","ISLAND_ARE":null,"LENGTH":null,"WIDTH":null},"geometry":{"type":"MultiPolygon","coordinates":[[[[111.836759,-7.176462],[111.836828,-7.168675],[111.836877,-7.168671],[111.836933,-7.168666],[111.837013,-7.168685],[111.837154,-7.1687],[111.837202,-7.168706],[111.837282,-7.168705],[111.837325,-7.168707],[111.837385,-7.168677],[111.837427,-7.168648],[111.83745,-7.16863],[111.837621,-7.168425],[111.83765,-7.168382],[111.837663,-7.16809],[111.837689,-7.16802],[111.837807,-7.167771],[111.837905,-7.167656],[111.837945,-7.167482],[111.837922,-7.167296],[111.837953,-7.167183],[111.838007,-7.167091],[111.838031,-7.167008],[111.838095,-7.16679],[111.838168,-7.166527],[111.838192,-7.166502],[111.838227,-7.166511],[111.838246,-7.166491],[111.838346,-7.166275],[111.83837,-7.16627],[111.838387,-7.166258],[111.83839,-7.166236],[111.838409,-7.166215],[111.838441,-7.166224],[111.838481,-7.166236],[111.838596,-7.166241],[111.838666,-7.166224],[111.838748,-7.166206],[111.838783,-7.166207],[111.838833,-7.16622],[111.83891,-7.166246],[111.838985,-7.166245],[111.839044,-7.166237],[111.8391,-7.166236],[111.839164,-7.166252],[111.839212,-7.166276],[111.839309,-7.166327],[111.839388,-7.166342],[111.839442,-7.166338],[111.83947,-7.166317],[111.839637,-7.166345],[111.839638,-7.166335],[111.839638,-7.166291],[111.839663,-7.166267],[111.839696,-7.16623],[111.839697,-7.166183],[111.839709,-7.166121],[111.839711,-7.166084],[111.839742,-7.166089],[111.839887,-7.166102],[111.840105,-7.166161],[111.840191,-7.166186],[111.840289,-7.166185],[111.840354,-7.166137],[111.840413,-7.166084],[111.840493,-7.166047],[111.840574,-7.16602],[111.84067,-7.166008],[111.840687,-7.166013],[111.840681,-7.166224],[111.84062,-7.166515],[111.840553,-7.166744],[111.840459,-7.167046],[111.840426,-7.167203],[111.840393,-7.167313],[111.840352,-7.167387],[111.840293,-7.167438],[111.84019,-7.167527],[111.840127,-7.167565],[111.840065,-7.167618],[111.840011,-7.16771],[111.839992,-7.167773],[111.839984,-7.167823],[111.839989,-7.167879],[111.840013,-7.167979],[111.840054,-7.168117],[111.840077,-7.168172],[111.840122,-7.168238],[111.840186,-7.168275],[111.840214,-7.168294],[111.840235,-7.168326],[111.840237,-7.168357],[111.840213,-7.168397],[111.840187,-7.168433],[111.840134,-7.168436],[111.839992,-7.168439],[111.839886,-7.168458],[111.839807,-7.168496],[111.83975,-7.16852],[111.839714,-7.168558],[111.839661,-7.16864],[111.839615,-7.168752],[111.83959,-7.168841],[111.839586,-7.16892],[111.839598,-7.168987],[111.839645,-7.169139],[111.839644,-7.169174],[111.83963,-7.169228],[111.839583,-7.169275],[111.839551,-7.16928],[111.839489,-7.169268],[111.839377,-7.169244],[111.839312,-7.169242],[111.839282,-7.169266],[111.839238,-7.169291],[111.839206,-7.16932],[111.839195,-7.169345],[111.839187,-7.16941],[111.839183,-7.169529],[111.839183,-7.169565],[111.83917,-7.169614],[111.839168,-7.16966],[111.839206,-7.169745],[111.839233,-7.169825],[111.839274,-7.169927],[111.839304,-7.169982],[111.839379,-7.170045],[111.839425,-7.170062],[111.839494,-7.170076],[111.839577,-7.170099],[111.839621,-7.170106],[111.839645,-7.170104],[111.839662,-7.170097],[111.839672,-7.17007],[111.839694,-7.170026],[111.839725,-7.170004],[111.839777,-7.169999],[111.839812,-7.169998],[111.839839,-7.170006],[111.839902,-7.170031],[111.839936,-7.170064],[111.83994,-7.170076],[111.839877,-7.170237],[111.839868,-7.170267],[111.839804,-7.17035],[111.839711,-7.170452],[111.83964,-7.170513],[111.839616,-7.170521],[111.839581,-7.170514],[111.839534,-7.170492],[111.839486,-7.170476],[111.83946,-7.170472],[111.839404,-7.170482],[111.839328,-7.170505],[111.839259,-7.170507],[111.839232,-7.170517],[111.839174,-7.17059],[111.839135,-7.170681],[111.839101,-7.170774],[111.839081,-7.170808],[111.839038,-7.170895],[111.839027,-7.170915],[111.839031,-7.170918],[111.839067,-7.17093],[111.839091,-7.170951],[111.839119,-7.170974],[111.839174,-7.170992],[111.839183,-7.170973],[111.839192,-7.170949],[111.839221,-7.170961],[111.839259,-7.171008],[111.839319,-7.171105],[111.839371,-7.171229],[111.839394,-7.171241],[111.839457,-7.171258],[111.839507,-7.171281],[111.839533,-7.171305],[111.839541,-7.171326],[111.839537,-7.171417],[111.839522,-7.171477],[111.839468,-7.171545],[111.839418,-7.171568],[111.83936,-7.171579],[111.839221,-7.17157],[111.839195,-7.171579],[111.839175,-7.171603],[111.839162,-7.17163],[111.839148,-7.171674],[111.839133,-7.171718],[111.839121,-7.171773],[111.839091,-7.171798],[111.83909,-7.17181],[111.839103,-7.171829],[111.839116,-7.171858],[111.839123,-7.171881],[111.839114,-7.17192],[111.839095,-7.171981],[111.839046,-7.172024],[111.838931,-7.172061],[111.838845,-7.172115],[111.838816,-7.172147],[111.838787,-7.172243],[111.838784,-7.172292],[111.838801,-7.172329],[111.838845,-7.172366],[111.838889,-7.172393],[111.838947,-7.172405],[111.839001,-7.172408],[111.83903,-7.172418],[111.839058,-7.172439],[111.839057,-7.172455],[111.839043,-7.172514],[111.838999,-7.172609],[111.838888,-7.172832],[111.838836,-7.173002],[111.838835,-7.173022],[111.838873,-7.173034],[111.838886,-7.173046],[111.838892,-7.173105],[111.838891,-7.173206],[111.838917,-7.173341],[111.838936,-7.173402],[111.83893,-7.173445],[111.83888,-7.173596],[111.838878,-7.173617],[111.838873,-7.173641],[111.838857,-7.173655],[111.838847,-7.173668],[111.838844,-7.173684],[111.838862,-7.173748],[111.838862,-7.173801],[111.838851,-7.17386],[111.838839,-7.173867],[111.838817,-7.173863],[111.838802,-7.173865],[111.838788,-7.173883],[111.838772,-7.173897],[111.838795,-7.173904],[111.838827,-7.17391],[111.838839,-7.173918],[111.838839,-7.173925],[111.838824,-7.173954],[111.838808,-7.173992],[111.838768,-7.173995],[111.838584,-7.174032],[111.838497,-7.174031],[111.838434,-7.174128],[111.838447,-7.174138],[111.83846,-7.174152],[111.838461,-7.174173],[111.838438,-7.17421],[111.83838,-7.174282],[111.838336,-7.17432],[111.838287,-7.174337],[111.838246,-7.174335],[111.838186,-7.174318],[111.838169,-7.174321],[111.83814,-7.174354],[111.83801,-7.174402],[111.837806,-7.174499],[111.83774,-7.174571],[111.837711,-7.174639],[111.837716,-7.174725],[111.837689,-7.174764],[111.837446,-7.174772],[111.837377,-7.174763],[111.837282,-7.174745],[111.83719,-7.174711],[111.837174,-7.174748],[111.837171,-7.174772],[111.837168,-7.174818],[111.837195,-7.174851],[111.837243,-7.174888],[111.83726,-7.174915],[111.837265,-7.174955],[111.837254,-7.174994],[111.837231,-7.175005],[111.837193,-7.175001],[111.83715,-7.174987],[111.837096,-7.174945],[111.83705,-7.174928],[111.837016,-7.174934],[111.836927,-7.175004],[111.836914,-7.175043],[111.837557,-7.175195],[111.837592,-7.17508],[111.837631,-7.175047],[111.837664,-7.175033],[111.837728,-7.175047],[111.838174,-7.175164],[111.838202,-7.175178],[111.838205,-7.175198],[111.838139,-7.175336],[111.838118,-7.175375],[111.838087,-7.17539],[111.837994,-7.175385],[111.837986,-7.175427],[111.837982,-7.175632],[111.837969,-7.175717],[111.837882,-7.17581],[111.837808,-7.175861],[111.837716,-7.175901],[111.837562,-7.175888],[111.837517,-7.175872],[111.837466,-7.175865],[111.837428,-7.175863],[111.837325,-7.176071],[111.837311,-7.176094],[111.837291,-7.176091],[111.837213,-7.176066],[111.837196,-7.176109],[111.837182,-7.176146],[111.837173,-7.17616],[111.837102,-7.176229],[111.837007,-7.176317],[111.836927,-7.176341],[111.8368,-7.176352],[111.836771,-7.176368],[111.836759,-7.176462]]]]}},{"type":"Feature","properties":{"GM_LAYER":"Unknown Area Type","id":null,"LAYER":null,"MAP_NAME":"Sawah","PERIMETER":"1.534 km","ENCLOSED_A":"7.837 ha","ISLAND_ARE":null,"LENGTH":null,"WIDTH":null},"geometry":{"type":"MultiPolygon","coordinates":[[[[111.839975,-7.160825],[111.839999,-7.160818],[111.840019,-7.160819],[111.840046,-7.160827],[111.840065,-7.160843],[111.840075,-7.160862],[111.84009,-7.160937],[111.840109,-7.160985],[111.840128,-7.160998],[111.840142,-7.161007],[111.840182,-7.161021],[111.840224,-7.161022],[111.840262,-7.161014],[111.840307,-7.161],[111.840322,-7.161002],[111.840327,-7.161007],[111.840329,-7.161017],[111.840331,-7.161036],[111.840334,-7.161071],[111.840342,-7.161122],[111.840362,-7.161158],[111.840407,-7.161197],[111.840449,-7.161222],[111.840498,-7.161233],[111.840528,-7.161232],[111.840581,-7.161225],[111.840658,-7.161227],[111.840716,-7.161227],[111.840759,-7.161242],[111.840793,-7.161273],[111.840806,-7.16129],[111.840827,-7.161327],[111.840859,-7.16136],[111.840875,-7.161404],[111.840891,-7.161445],[111.840909,-7.161487],[111.840935,-7.161519],[111.84108,-7.16158],[111.841097,-7.161578],[111.841139,-7.161533],[111.841174,-7.161478],[111.841216,-7.161499],[111.841297,-7.161589],[111.841396,-7.161722],[111.84139,-7.161751],[111.841372,-7.161849],[111.841363,-7.161939],[111.841321,-7.162048],[111.84147,-7.162203],[111.8415,-7.16217],[111.841514,-7.162161],[111.841529,-7.162171],[111.84154,-7.16219],[111.841567,-7.162219],[111.841616,-7.162245],[111.841657,-7.162261],[111.841703,-7.16226],[111.841733,-7.162252],[111.84177,-7.162247],[111.841785,-7.16225],[111.84182,-7.162263],[111.841873,-7.162294],[111.841966,-7.162352],[111.84205,-7.162395],[111.842096,-7.162405],[111.842154,-7.162415],[111.842222,-7.162403],[111.84226,-7.162387],[111.842282,-7.16238],[111.842306,-7.162383],[111.842315,-7.162394],[111.84231,-7.162427],[111.842287,-7.162473],[111.842259,-7.162521],[111.842189,-7.162561],[111.842111,-7.16262],[111.842011,-7.162702],[111.841884,-7.162799],[111.84182,-7.162818],[111.841742,-7.162832],[111.841539,-7.162891],[111.841441,-7.162935],[111.841394,-7.162948],[111.841356,-7.162972],[111.841203,-7.163219],[111.8412,-7.163239],[111.841224,-7.163289],[111.841307,-7.163445],[111.841346,-7.163546],[111.841374,-7.16372],[111.841393,-7.163854],[111.841368,-7.163977],[111.841325,-7.164133],[111.841137,-7.164784],[111.841102,-7.164996],[111.841092,-7.165051],[111.841109,-7.165291],[111.841109,-7.165367],[111.841094,-7.165435],[111.841033,-7.165515],[111.840875,-7.165661],[111.840798,-7.165758],[111.840777,-7.165818],[111.8407,-7.165888],[111.840628,-7.165907],[111.840471,-7.165932],[111.840406,-7.16597],[111.840305,-7.166032],[111.840153,-7.166072],[111.840082,-7.166074],[111.839976,-7.166049],[111.839975,-7.160825]]]]}},{"type":"Feature","properties":{"GM_LAYER":"Unknown Area Type","id":null,"LAYER":null,"MAP_NAME":"Sawah","PERIMETER":"140.94 m","ENCLOSED_A":"0.1263 ha","ISLAND_ARE":null,"LENGTH":null,"WIDTH":null},"geometry":{"type":"MultiPolygon","coordinates":[[[[111.877683,-7.213732],[111.877689,-7.21373],[111.878032,-7.213754],[111.878042,-7.213758],[111.878048,-7.213767],[111.878049,-7.214031],[111.878045,-7.214042],[111.878036,-7.214047],[111.877934,-7.214028],[111.877688,-7.213976],[111.877671,-7.213971],[111.877664,-7.213957],[111.877662,-7.213801],[111.877664,-7.21378],[111.877671,-7.213753],[111.877683,-7.213732]]]]}},{"type":"Feature","properties":{"GM_LAYER":"Unknown Area Type","id":null,"LAYER":null,"MAP_NAME":"Sawah","PERIMETER":"408.18 m","ENCLOSED_A":"0.521 ha","ISLAND_ARE":null,"LENGTH":null,"WIDTH":null},"geometry":{"type":"MultiPolygon","coordinates":[[[[111.880656,-7.21124],[111.881025,-7.211372],[111.881055,-7.211366],[111.881079,-7.211358],[111.881102,-7.211349],[111.881127,-7.211336],[111.881156,-7.211322],[111.88118,-7.21131],[111.881228,-7.211272],[111.881282,-7.211226],[111.88133,-7.211143],[111.881399,-7.211028],[111.881464,-7.210905],[111.881477,-7.210891],[111.881485,-7.21088],[111.881807,-7.210891],[111.881812,-7.210895],[111.881805,-7.210937],[111.881781,-7.211005],[111.881764,-7.211059],[111.881748,-7.211115],[111.881745,-7.211178],[111.881723,-7.211239],[111.881706,-7.211266],[111.881682,-7.211285],[111.881605,-7.211322],[111.881524,-7.211344],[111.881449,-7.211371],[111.881381,-7.211415],[111.881369,-7.211439],[111.881363,-7.211468],[111.881353,-7.211525],[111.881337,-7.21163],[111.881332,-7.21166],[111.881314,-7.211672],[111.881289,-7.211674],[111.881162,-7.211659],[111.881101,-7.211655],[111.881054,-7.211646],[111.880968,-7.211643],[111.880895,-7.211633],[111.880882,-7.211627],[111.880898,-7.211592],[111.880897,-7.211586],[111.880882,-7.211571],[111.880505,-7.211439],[111.880501,-7.211436],[111.880499,-7.211434],[111.880504,-7.211413],[111.880517,-7.211344],[111.880547,-7.211221],[111.880549,-7.211214],[111.880555,-7.21121],[111.880569,-7.21121],[111.880609,-7.211222],[111.880656,-7.21124]]]]}},{"type":"Feature","properties":{"GM_LAYER":"Unknown Area Type","id":null,"LAYER":null,"MAP_NAME":"Sawah","PERIMETER":"262.69 m","ENCLOSED_A":"0.3635 ha","ISLAND_ARE":null,"LENGTH":null,"WIDTH":null},"geometry":{"type":"MultiPolygon","coordinates":[[[[111.881875,-7.20442],[111.881897,-7.204397],[111.881912,-7.204392],[111.881937,-7.204395],[111.882072,-7.204419],[111.882154,-7.204435],[111.882167,-7.20444],[111.882173,-7.204455],[111.882174,-7.204473],[111.88218,-7.20448],[111.882208,-7.204499],[111.882247,-7.204508],[111.882273,-7.204503],[111.882284,-7.204507],[111.882293,-7.204518],[111.882308,-7.204534],[111.882306,-7.204546],[111.882295,-7.20457],[111.882274,-7.204723],[111.882241,-7.204866],[111.882234,-7.204866],[111.882198,-7.204857],[111.881931,-7.204807],[111.881649,-7.204773],[111.881633,-7.204768],[111.881627,-7.204763],[111.881629,-7.204708],[111.881623,-7.204704],[111.881597,-7.204705],[111.881498,-7.204708],[111.881485,-7.204689],[111.881462,-7.204648],[111.881464,-7.204619],[111.881477,-7.204586],[111.88148,-7.204558],[111.881468,-7.204541],[111.881463,-7.204521],[111.881457,-7.204492],[111.881466,-7.204479],[111.881487,-7.204434],[111.881499,-7.204394],[111.881504,-7.204386],[111.881517,-7.204386],[111.881766,-7.204428],[111.881837,-7.204436],[111.881858,-7.20443],[111.881875,-7.20442]]]]}},{"type":"Feature","properties":{"GM_LAYER":"Unknown Area Type","id":null,"LAYER":null,"MAP_NAME":"Sawah","PERIMETER":"320 m","ENCLOSED_A":"0.4399 ha","ISLAND_ARE":null,"LENGTH":null,"WIDTH":null},"geometry":{"type":"MultiPolygon","coordinates":[[[[111.885742,-7.204702],[111.885749,-7.204699],[111.885758,-7.204699],[111.886323,-7.204742],[111.886331,-7.204744],[111.886333,-7.204752],[111.886335,-7.204796],[111.886347,-7.204872],[111.886368,-7.204922],[111.886364,-7.204934],[111.886349,-7.204941],[111.886329,-7.204938],[111.886321,-7.204932],[111.88632,-7.204921],[111.886317,-7.204912],[111.886312,-7.204903],[111.886288,-7.204902],[111.886259,-7.204897],[111.886246,-7.204908],[111.88623,-7.204922],[111.886221,-7.204933],[111.886215,-7.204969],[111.886212,-7.204976],[111.886217,-7.204985],[111.886237,-7.204991],[111.886259,-7.204994],[111.886271,-7.205004],[111.886279,-7.20504],[111.886274,-7.20506],[111.886265,-7.205078],[111.886253,-7.205094],[111.886254,-7.205099],[111.886257,-7.205107],[111.886266,-7.20512],[111.886268,-7.205124],[111.886264,-7.205128],[111.886258,-7.205132],[111.886258,-7.205138],[111.886262,-7.20515],[111.886272,-7.20516],[111.886274,-7.205198],[111.886271,-7.205206],[111.886263,-7.205211],[111.886244,-7.20521],[111.886237,-7.20521],[111.886233,-7.205214],[111.886232,-7.20522],[111.886228,-7.205252],[111.886231,-7.205262],[111.886248,-7.205282],[111.886255,-7.205298],[111.886241,-7.205324],[111.886229,-7.205323],[111.886197,-7.205316],[111.886173,-7.205315],[111.886156,-7.205325],[111.886145,-7.205336],[111.886138,-7.205348],[111.886133,-7.205362],[111.886139,-7.205379],[111.88615,-7.205392],[111.886179,-7.205404],[111.886194,-7.205421],[111.886197,-7.205442],[111.886182,-7.205457],[111.886168,-7.205462],[111.886158,-7.205459],[111.886141,-7.205452],[111.886124,-7.205424],[111.886118,-7.205405],[111.8861,-7.205392],[111.886074,-7.205375],[111.885975,-7.205363],[111.885856,-7.205354],[111.88584,-7.20534],[111.885815,-7.205332],[111.885722,-7.205333],[111.885704,-7.20533],[111.885697,-7.205323],[111.885691,-7.205311],[111.88571,-7.205085],[111.885711,-7.205017],[111.885742,-7.204702]]]]}},{"type":"Feature","properties":{"GM_LAYER":"Unknown Area Type","id":null,"LAYER":null,"MAP_NAME":"Sawah","PERIMETER":"59.866 m","ENCLOSED_A":"0.02146 ha","ISLAND_ARE":null,"LENGTH":null,"WIDTH":null},"geometry":{"type":"MultiPolygon","coordinates":[[[[111.957333,-7.212834],[111.957504,-7.212853],[111.95748,-7.21296],[111.957336,-7.212942],[111.957327,-7.212939],[111.957333,-7.212834]]]]}},{"type":"Feature","properties":{"GM_LAYER":"Unknown Area Type","id":null,"LAYER":null,"MAP_NAME":"Sawah","PERIMETER":"652.39 m","ENCLOSED_A":"1.776 ha","ISLAND_ARE":null,"LENGTH":null,"WIDTH":null},"geometry":{"type":"MultiPolygon","coordinates":[[[[111.931619,-7.213453],[111.931596,-7.213544],[111.931561,-7.21366],[111.931631,-7.213674],[111.931616,-7.213737],[111.931745,-7.213772],[111.931745,-7.21378],[111.931716,-7.213866],[111.931714,-7.213892],[111.931947,-7.213961],[111.931945,-7.213981],[111.931935,-7.214062],[111.93191,-7.21415],[111.93185,-7.214226],[111.931793,-7.214239],[111.931703,-7.214236],[111.931517,-7.214198],[111.931418,-7.214198],[111.931353,-7.214207],[111.931303,-7.214213],[111.931241,-7.214204],[111.931156,-7.214491],[111.93107,-7.214474],[111.930991,-7.214455],[111.930946,-7.214462],[111.930915,-7.214486],[111.930898,-7.214552],[111.930869,-7.214691],[111.930846,-7.214749],[111.9308,-7.214788],[111.930728,-7.214856],[111.930673,-7.214883],[111.930578,-7.214865],[111.930474,-7.214839],[111.930433,-7.214826],[111.930443,-7.214767],[111.930431,-7.214681],[111.930398,-7.214635],[111.930364,-7.214596],[111.930325,-7.214587],[111.930304,-7.214585],[111.930304,-7.214563],[111.930298,-7.214537],[111.930282,-7.214522],[111.930267,-7.21452],[111.930262,-7.214513],[111.930309,-7.214313],[111.930358,-7.214323],[111.930408,-7.214325],[111.930456,-7.214312],[111.930477,-7.214288],[111.930478,-7.214253],[111.930463,-7.214221],[111.93044,-7.214185],[111.930425,-7.214139],[111.930421,-7.214084],[111.930424,-7.214046],[111.930489,-7.213834],[111.930582,-7.213512],[111.930636,-7.213299],[111.930654,-7.213265],[111.931177,-7.213364],[111.9314,-7.213409],[111.931619,-7.213453]]]]}},{"type":"Feature","properties":{"GM_LAYER":"Unknown Area Type","id":null,"LAYER":null,"MAP_NAME":"Sawah","PERIMETER":"279.11 m","ENCLOSED_A":"0.4028 ha","ISLAND_ARE":null,"LENGTH":null,"WIDTH":null},"geometry":{"type":"MultiPolygon","coordinates":[[[[111.930596,-7.213258],[111.930594,-7.213287],[111.930511,-7.213578],[111.930423,-7.213878],[111.930252,-7.213831],[111.930183,-7.213834],[111.930146,-7.213866],[111.930129,-7.213916],[111.930128,-7.213917],[111.93,-7.213888],[111.930037,-7.213775],[111.930079,-7.213658],[111.930079,-7.213621],[111.930059,-7.213528],[111.930038,-7.213474],[111.930011,-7.213458],[111.929953,-7.213441],[111.930028,-7.213161],[111.93004,-7.213146],[111.930596,-7.213258]]]]}},{"type":"Feature","properties":{"GM_LAYER":"Unknown Area Type","id":null,"LAYER":null,"MAP_NAME":"Sawah","PERIMETER":"231.71 m","ENCLOSED_A":"0.2803 ha","ISLAND_ARE":null,"LENGTH":null,"WIDTH":null},"geometry":{"type":"MultiPolygon","coordinates":[[[[111.948995,-7.20868],[111.948677,-7.20861],[111.948683,-7.208332],[111.948681,-7.208241],[111.948683,-7.208105],[111.94869,-7.207976],[111.948697,-7.207969],[111.948747,-7.207965],[111.948849,-7.207951],[111.948915,-7.207944],[111.948995,-7.207933],[111.949049,-7.207924],[111.949046,-7.208009],[111.949033,-7.208145],[111.949014,-7.208331],[111.948981,-7.208369],[111.948978,-7.208379],[111.948981,-7.208413],[111.948995,-7.20868]]]]}},{"type":"Feature","properties":{"GM_LAYER":"Unknown Area Type","id":null,"LAYER":null,"MAP_NAME":"Sawah","PERIMETER":"1.463 km","ENCLOSED_A":"11.498 ha","ISLAND_ARE":null,"LENGTH":null,"WIDTH":null},"geometry":{"type":"MultiPolygon","coordinates":[[[[111.912445,-7.208556],[111.910538,-7.207419],[111.910282,-7.20726],[111.90934,-7.206708],[111.909149,-7.206598],[111.908919,-7.206454],[111.908772,-7.206367],[111.908688,-7.20632],[111.908707,-7.206261],[111.908722,-7.206191],[111.908741,-7.206122],[111.908763,-7.206027],[111.908784,-7.205961],[111.908812,-7.205861],[111.908828,-7.205804],[111.908846,-7.205742],[111.908853,-7.205708],[111.908864,-7.205662],[111.908874,-7.205623],[111.908883,-7.205578],[111.908895,-7.205529],[111.90891,-7.205472],[111.908918,-7.205431],[111.908929,-7.205384],[111.90894,-7.205342],[111.908947,-7.205308],[111.908954,-7.205265],[111.908969,-7.205198],[111.908974,-7.205143],[111.90898,-7.205092],[111.908987,-7.205049],[111.908991,-7.205016],[111.908995,-7.204967],[111.909,-7.204931],[111.909004,-7.204889],[111.909009,-7.204829],[111.909011,-7.204822],[111.90904,-7.204823],[111.909097,-7.204823],[111.909158,-7.204826],[111.909212,-7.204831],[111.909245,-7.204834],[111.909317,-7.204841],[111.909363,-7.204847],[111.909389,-7.20485],[111.909422,-7.204851],[111.909447,-7.204855],[111.909503,-7.204861],[111.909544,-7.204867],[111.909565,-7.204869],[111.90961,-7.204871],[111.909646,-7.204875],[111.909712,-7.204878],[111.909736,-7.204879],[111.909763,-7.204882],[111.90979,-7.204883],[111.909829,-7.204884],[111.909854,-7.204884],[111.909918,-7.204889],[111.909957,-7.204891],[111.909998,-7.204893],[111.910035,-7.204898],[111.910061,-7.2049],[111.910077,-7.204904],[111.910099,-7.204906],[111.910139,-7.204908],[111.910159,-7.204911],[111.910189,-7.204916],[111.910211,-7.20492],[111.910258,-7.204927],[111.910291,-7.204932],[111.910343,-7.20494],[111.910389,-7.204944],[111.910431,-7.20495],[111.910459,-7.204954],[111.910478,-7.204957],[111.910491,-7.204957],[111.910524,-7.204958],[111.910553,-7.20496],[111.910583,-7.20496],[111.910611,-7.204962],[111.910643,-7.204963],[111.910679,-7.204971],[111.910711,-7.204978],[111.910739,-7.204984],[111.910755,-7.204987],[111.910791,-7.204996],[111.910842,-7.205006],[111.910894,-7.205021],[111.910915,-7.205022],[111.910924,-7.205013],[111.910933,-7.204994],[111.910942,-7.204971],[111.91095,-7.204943],[111.910959,-7.204926],[111.910972,-7.204918],[111.91099,-7.204916],[111.911017,-7.204923],[111.911056,-7.204941],[111.911087,-7.204963],[111.911103,-7.204984],[111.911107,-7.205],[111.911118,-7.205013],[111.911154,-7.205027],[111.911193,-7.205044],[111.911224,-7.205052],[111.911305,-7.205079],[111.911372,-7.205102],[111.911408,-7.205116],[111.911421,-7.205122],[111.911444,-7.205124],[111.911471,-7.205125],[111.911499,-7.205131],[111.911531,-7.205139],[111.911556,-7.205149],[111.911575,-7.205157],[111.911603,-7.205168],[111.911617,-7.205172],[111.911636,-7.20517],[111.911659,-7.205164],[111.911681,-7.205157],[111.911716,-7.205144],[111.911734,-7.205141],[111.911753,-7.205144],[111.911773,-7.205151],[111.911813,-7.205163],[111.911834,-7.205168],[111.911868,-7.205175],[111.911886,-7.205176],[111.911916,-7.205184],[111.911933,-7.20519],[111.911955,-7.205194],[111.911979,-7.205205],[111.912002,-7.20522],[111.91202,-7.205233],[111.912037,-7.205242],[111.912055,-7.205249],[111.91208,-7.205255],[111.912117,-7.205264],[111.912154,-7.205274],[111.912175,-7.205282],[111.912208,-7.205287],[111.912245,-7.205293],[111.912281,-7.205296],[111.912324,-7.205305],[111.912389,-7.205318],[111.912445,-7.205323],[111.912503,-7.20533],[111.912534,-7.205336],[111.912569,-7.205339],[111.912637,-7.20535],[111.912679,-7.205357],[111.912688,-7.205364],[111.912689,-7.205372],[111.912683,-7.205429],[111.912677,-7.205475],[111.912673,-7.205502],[111.912667,-7.205552],[111.912658,-7.205582],[111.912651,-7.20563],[111.912653,-7.205649],[111.912659,-7.205662],[111.912673,-7.205674],[111.912694,-7.205685],[111.912723,-7.205694],[111.912752,-7.205705],[111.912757,-7.205713],[111.912756,-7.205739],[111.912749,-7.20578],[111.912745,-7.205802],[111.912741,-7.205838],[111.912738,-7.20587],[111.912731,-7.205915],[111.912718,-7.205977],[111.912699,-7.20604],[111.912689,-7.206081],[111.912676,-7.206123],[111.912643,-7.206225],[111.912628,-7.206258],[111.912614,-7.2063],[111.912596,-7.20634],[111.912587,-7.20636],[111.912589,-7.206371],[111.912617,-7.206378],[111.912649,-7.206388],[111.912685,-7.206404],[111.912704,-7.206422],[111.912716,-7.20644],[111.912726,-7.206469],[111.912735,-7.2065],[111.912735,-7.206527],[111.912731,-7.206556],[111.912719,-7.2066],[111.91271,-7.206639],[111.912698,-7.2067],[111.91269,-7.206736],[111.912683,-7.206789],[111.912674,-7.206828],[111.91266,-7.20689],[111.912654,-7.206922],[111.912649,-7.206957],[111.912644,-7.206986],[111.912642,-7.207009],[111.912636,-7.207049],[111.912628,-7.20708],[111.912622,-7.207132],[111.912615,-7.20719],[111.912614,-7.207234],[111.912606,-7.207311],[111.912602,-7.207364],[111.912592,-7.207445],[111.912588,-7.207485],[111.912581,-7.207509],[111.912574,-7.207514],[111.912556,-7.207517],[111.912534,-7.207526],[111.912523,-7.207535],[111.912518,-7.20755],[111.91251,-7.20758],[111.912504,-7.207609],[111.912494,-7.207644],[111.912484,-7.207696],[111.912475,-7.207748],[111.91247,-7.207778],[111.912464,-7.207815],[111.912461,-7.207833],[111.912466,-7.207837],[111.912488,-7.207846],[111.912509,-7.207856],[111.912517,-7.207862],[111.912517,-7.207866],[111.912514,-7.207895],[111.91251,-7.207935],[111.912506,-7.208002],[111.912493,-7.208124],[111.912486,-7.208208],[111.912476,-7.20837],[111.912461,-7.208477],[111.912445,-7.208556]]]]}},{"type":"Feature","properties":{"GM_LAYER":"Unknown Area Type","id":null,"LAYER":null,"MAP_NAME":"Sawah","PERIMETER":"449.25 m","ENCLOSED_A":"0.586 ha","ISLAND_ARE":null,"LENGTH":null,"WIDTH":null},"geometry":{"type":"MultiPolygon","coordinates":[[[[111.939982,-7.195328],[111.939972,-7.195356],[111.939914,-7.195493],[111.939862,-7.195624],[111.93982,-7.195735],[111.939647,-7.195471],[111.939669,-7.195442],[111.939636,-7.195409],[111.939552,-7.195342],[111.939524,-7.195308],[111.939447,-7.195213],[111.939417,-7.195262],[111.939405,-7.195262],[111.939391,-7.195261],[111.939194,-7.195087],[111.939138,-7.195047],[111.93907,-7.195028],[111.938849,-7.194943],[111.938748,-7.194906],[111.938641,-7.194876],[111.938623,-7.194878],[111.938617,-7.194884],[111.938608,-7.194891],[111.938619,-7.194528],[111.938718,-7.194547],[111.938756,-7.194561],[111.938756,-7.194564],[111.938756,-7.194568],[111.938821,-7.194588],[111.93886,-7.1946],[111.938884,-7.19461],[111.939033,-7.194669],[111.939202,-7.194739],[111.93925,-7.194761],[111.939306,-7.194798],[111.939384,-7.194848],[111.93943,-7.194886],[111.939509,-7.194948],[111.939555,-7.194985],[111.939816,-7.195245],[111.939982,-7.195328]]]]}},{"type":"Feature","properties":{"GM_LAYER":"Unknown Area Type","id":null,"LAYER":null,"MAP_NAME":"Sawah","PERIMETER":"210.32 m","ENCLOSED_A":"0.1664 ha","ISLAND_ARE":null,"LENGTH":null,"WIDTH":null},"geometry":{"type":"MultiPolygon","coordinates":[[[[111.886315,-7.207414],[111.886249,-7.207592],[111.885532,-7.207306],[111.885581,-7.207151],[111.886315,-7.207414]]]]}},{"type":"Feature","properties":{"GM_LAYER":"Unknown Area Type","id":null,"LAYER":null,"MAP_NAME":"Sawah","PERIMETER":"138.52 m","ENCLOSED_A":"0.0652 ha","ISLAND_ARE":null,"LENGTH":null,"WIDTH":null},"geometry":{"type":"MultiPolygon","coordinates":[[[[111.882538,-7.207614],[111.882538,-7.207614],[111.882538,-7.207625],[111.882531,-7.207687],[111.882516,-7.20782],[111.882507,-7.207886],[111.882499,-7.207947],[111.882474,-7.208088],[111.88247,-7.208115],[111.882469,-7.208128],[111.882472,-7.208137],[111.882478,-7.208145],[111.882479,-7.208146],[111.882384,-7.208127],[111.882373,-7.208114],[111.882369,-7.208083],[111.882377,-7.208042],[111.882402,-7.207927],[111.882416,-7.20779],[111.882431,-7.207641],[111.882435,-7.207628],[111.882445,-7.207621],[111.88248,-7.207613],[111.882538,-7.207614]]]]}},{"type":"Feature","properties":{"GM_LAYER":"Unknown Area Type","id":null,"LAYER":null,"MAP_NAME":"Sawah","PERIMETER":"201.42 m","ENCLOSED_A":"0.2101 ha","ISLAND_ARE":null,"LENGTH":null,"WIDTH":null},"geometry":{"type":"MultiPolygon","coordinates":[[[[111.88698,-7.205155],[111.886955,-7.205171],[111.886898,-7.205207],[111.886854,-7.205246],[111.886823,-7.205324],[111.886783,-7.205407],[111.886751,-7.205442],[111.886722,-7.20546],[111.886692,-7.205458],[111.886653,-7.205458],[111.886619,-7.205455],[111.88659,-7.205446],[111.886567,-7.205407],[111.886549,-7.205344],[111.886548,-7.205289],[111.886557,-7.205256],[111.886571,-7.205231],[111.886586,-7.205216],[111.886614,-7.205201],[111.886643,-7.205175],[111.886654,-7.205139],[111.886657,-7.205111],[111.886653,-7.205066],[111.886667,-7.205023],[111.886709,-7.204925],[111.886741,-7.204793],[111.886953,-7.204817],[111.886946,-7.204924],[111.88695,-7.205013],[111.886955,-7.205064],[111.886961,-7.2051],[111.886973,-7.205138],[111.88698,-7.205155]]]]}},{"type":"Feature","properties":{"GM_LAYER":"Unknown Area Type","id":null,"LAYER":null,"MAP_NAME":"Sawah","PERIMETER":"3.76 km","ENCLOSED_A":"52.59 ha","ISLAND_ARE":null,"LENGTH":null,"WIDTH":null},"geometry":{"type":"MultiPolygon","coordinates":[[[[111.844294,-7.194548],[111.844334,-7.19459],[111.844361,-7.194632],[111.844407,-7.194701],[111.844428,-7.194769],[111.844438,-7.19482],[111.844442,-7.194845],[111.844437,-7.194869],[111.84443,-7.194884],[111.844426,-7.194906],[111.844413,-7.194919],[111.844392,-7.194934],[111.844362,-7.194957],[111.844338,-7.194974],[111.844328,-7.194987],[111.844316,-7.195014],[111.844299,-7.195044],[111.844272,-7.195078],[111.844259,-7.195087],[111.84425,-7.195093],[111.844237,-7.195096],[111.844226,-7.195096],[111.844203,-7.195082],[111.844176,-7.195072],[111.84414,-7.195062],[111.844111,-7.195062],[111.844087,-7.195068],[111.844051,-7.195076],[111.844003,-7.195095],[111.843979,-7.19512],[111.843958,-7.195165],[111.843934,-7.19518],[111.843915,-7.195214],[111.843899,-7.195228],[111.843875,-7.195255],[111.843824,-7.195287],[111.8438,-7.195306],[111.843787,-7.195325],[111.843763,-7.19535],[111.843744,-7.195374],[111.843737,-7.195398],[111.843734,-7.195407],[111.843735,-7.195414],[111.843738,-7.195434],[111.843741,-7.195454],[111.843742,-7.195467],[111.843735,-7.195474],[111.843725,-7.195479],[111.84372,-7.195486],[111.843719,-7.195497],[111.843724,-7.195507],[111.843735,-7.195523],[111.843746,-7.195535],[111.843763,-7.195543],[111.843767,-7.195552],[111.843766,-7.195563],[111.843759,-7.195572],[111.843744,-7.195582],[111.843731,-7.195585],[111.843723,-7.195595],[111.84372,-7.195601],[111.843732,-7.19561],[111.843763,-7.195621],[111.843824,-7.19563],[111.843871,-7.195638],[111.843909,-7.195639],[111.843929,-7.195641],[111.843931,-7.195646],[111.84393,-7.195653],[111.843926,-7.195663],[111.843919,-7.195677],[111.843912,-7.195688],[111.843904,-7.1957],[111.843897,-7.195713],[111.843889,-7.195738],[111.843887,-7.19576],[111.843883,-7.195769],[111.843874,-7.19578],[111.843863,-7.195791],[111.84385,-7.195797],[111.843883,-7.195809],[111.843948,-7.19583],[111.843948,-7.195845],[111.843965,-7.195888],[111.843971,-7.195901],[111.843986,-7.195915],[111.843992,-7.195936],[111.844034,-7.195954],[111.844098,-7.195979],[111.844171,-7.196006],[111.844216,-7.196041],[111.844231,-7.196076],[111.844238,-7.196094],[111.84424,-7.196123],[111.844234,-7.196162],[111.844224,-7.196217],[111.844219,-7.196225],[111.844217,-7.196233],[111.844211,-7.196234],[111.844208,-7.196242],[111.844194,-7.196254],[111.844189,-7.196265],[111.844189,-7.196276],[111.844196,-7.196289],[111.844208,-7.196297],[111.844209,-7.196312],[111.844206,-7.196326],[111.844196,-7.196384],[111.844192,-7.196439],[111.844183,-7.196479],[111.844166,-7.196528],[111.844128,-7.196624],[111.844123,-7.19663],[111.844118,-7.196637],[111.844116,-7.196645],[111.844115,-7.196653],[111.844118,-7.196662],[111.844118,-7.19667],[111.844113,-7.196681],[111.844109,-7.196689],[111.844105,-7.196699],[111.844103,-7.196709],[111.844107,-7.196722],[111.844109,-7.196735],[111.844107,-7.196741],[111.8441,-7.196752],[111.844085,-7.196776],[111.844082,-7.196786],[111.844078,-7.196801],[111.844077,-7.196821],[111.844077,-7.196835],[111.844085,-7.196855],[111.844092,-7.196876],[111.844093,-7.196918],[111.844099,-7.196967],[111.844098,-7.197026],[111.844086,-7.197074],[111.844068,-7.197129],[111.844053,-7.197163],[111.844043,-7.197186],[111.844032,-7.197189],[111.844016,-7.197189],[111.843989,-7.197197],[111.843978,-7.197209],[111.843955,-7.197252],[111.843949,-7.197273],[111.843932,-7.197284],[111.843913,-7.197289],[111.843891,-7.197289],[111.84387,-7.197281],[111.843848,-7.197269],[111.843797,-7.197242],[111.843778,-7.197243],[111.843763,-7.197254],[111.843766,-7.197278],[111.843766,-7.197303],[111.843762,-7.197318],[111.843744,-7.19735],[111.843718,-7.197374],[111.843693,-7.197397],[111.843681,-7.197409],[111.843669,-7.197414],[111.843629,-7.197405],[111.843595,-7.197404],[111.843581,-7.197402],[111.843566,-7.197409],[111.84356,-7.19742],[111.843555,-7.197429],[111.843551,-7.19752],[111.843546,-7.197628],[111.843528,-7.197696],[111.843519,-7.197711],[111.843501,-7.197731],[111.843476,-7.197757],[111.843464,-7.197766],[111.843437,-7.197764],[111.843412,-7.197762],[111.843364,-7.197759],[111.843315,-7.197755],[111.843266,-7.197755],[111.843192,-7.197749],[111.843118,-7.197742],[111.843108,-7.197743],[111.843105,-7.197747],[111.843105,-7.197755],[111.843105,-7.197772],[111.843103,-7.197792],[111.843101,-7.19782],[111.843096,-7.197899],[111.843095,-7.197953],[111.843089,-7.198015],[111.843089,-7.198038],[111.843078,-7.198054],[111.843054,-7.198081],[111.843036,-7.198102],[111.843022,-7.198118],[111.842998,-7.198194],[111.842987,-7.198228],[111.842982,-7.198259],[111.842961,-7.198309],[111.842944,-7.19835],[111.842937,-7.198385],[111.842935,-7.198414],[111.842934,-7.198435],[111.842928,-7.198445],[111.842905,-7.198444],[111.842868,-7.198438],[111.842823,-7.198425],[111.842775,-7.19841],[111.842737,-7.198394],[111.842724,-7.198374],[111.842729,-7.19829],[111.842736,-7.198241],[111.842746,-7.198174],[111.842751,-7.198143],[111.842752,-7.198136],[111.842754,-7.198134],[111.842769,-7.198134],[111.842784,-7.198134],[111.842788,-7.198128],[111.842789,-7.198119],[111.842797,-7.198106],[111.842798,-7.198095],[111.842786,-7.198092],[111.842763,-7.198091],[111.842754,-7.198097],[111.842747,-7.198102],[111.842727,-7.198103],[111.8427,-7.198114],[111.842674,-7.198114],[111.842647,-7.198125],[111.842631,-7.198137],[111.84262,-7.198152],[111.842598,-7.198162],[111.842564,-7.198167],[111.842526,-7.198168],[111.842487,-7.198166],[111.842469,-7.19817],[111.842462,-7.198215],[111.842453,-7.198315],[111.842446,-7.198336],[111.842424,-7.198345],[111.842347,-7.19837],[111.842237,-7.19843],[111.84217,-7.19847],[111.842106,-7.198511],[111.842045,-7.198559],[111.842,-7.198587],[111.841982,-7.198626],[111.841966,-7.198683],[111.841955,-7.198733],[111.841956,-7.198781],[111.841967,-7.19884],[111.841983,-7.198875],[111.842033,-7.198915],[111.842005,-7.199144],[111.842001,-7.199254],[111.841948,-7.199257],[111.841844,-7.199249],[111.841743,-7.19922],[111.841618,-7.199212],[111.84155,-7.199184],[111.841465,-7.199139],[111.841383,-7.199088],[111.841309,-7.199018],[111.841254,-7.198962],[111.841135,-7.198902],[111.841029,-7.19886],[111.840915,-7.198863],[111.840831,-7.198899],[111.84077,-7.198922],[111.840675,-7.198898],[111.84065,-7.198889],[111.840575,-7.198862],[111.840525,-7.198864],[111.840493,-7.19888],[111.840478,-7.198901],[111.840469,-7.198936],[111.840474,-7.198997],[111.840454,-7.199026],[111.84042,-7.199057],[111.840416,-7.199075],[111.840433,-7.199106],[111.84044,-7.199218],[111.840423,-7.199369],[111.8404,-7.19944],[111.840381,-7.199464],[111.840349,-7.199471],[111.840213,-7.199452],[111.840184,-7.199449],[111.840135,-7.199412],[111.840069,-7.199377],[111.840035,-7.199387],[111.839991,-7.199439],[111.839977,-7.199512],[111.839951,-7.199565],[111.839925,-7.199609],[111.839907,-7.199635],[111.839881,-7.199648],[111.839853,-7.199646],[111.839842,-7.199665],[111.839831,-7.199707],[111.839834,-7.199743],[111.839823,-7.199787],[111.839772,-7.199814],[111.839716,-7.199845],[111.839662,-7.19988],[111.839616,-7.199915],[111.839568,-7.199942],[111.839539,-7.199944],[111.839503,-7.199948],[111.839448,-7.199933],[111.839425,-7.199926],[111.839407,-7.199909],[111.839376,-7.199858],[111.839356,-7.19982],[111.839318,-7.199845],[111.839286,-7.199866],[111.839257,-7.199888],[111.83924,-7.199907],[111.839261,-7.199942],[111.839239,-7.199951],[111.839187,-7.199983],[111.839141,-7.20002],[111.839121,-7.200053],[111.839093,-7.200114],[111.839075,-7.200139],[111.839062,-7.200161],[111.839033,-7.200182],[111.838985,-7.200192],[111.838939,-7.20022],[111.838878,-7.200226],[111.838785,-7.200218],[111.838669,-7.20022],[111.838575,-7.200227],[111.838461,-7.200242],[111.838394,-7.200233],[111.838302,-7.200231],[111.838233,-7.200229],[111.838181,-7.200234],[111.838136,-7.200241],[111.838128,-7.200265],[111.838113,-7.200292],[111.838098,-7.200299],[111.838071,-7.200307],[111.838048,-7.200317],[111.838042,-7.200326],[111.838026,-7.200359],[111.838008,-7.200383],[111.83798,-7.200408],[111.837961,-7.200423],[111.837946,-7.20042],[111.83793,-7.200414],[111.837924,-7.200412],[111.837907,-7.200411],[111.837871,-7.200413],[111.837844,-7.200409],[111.83781,-7.200396],[111.837791,-7.200384],[111.837785,-7.200366],[111.837788,-7.20035],[111.837827,-7.200256],[111.837803,-7.200249],[111.837785,-7.200244],[111.837774,-7.200244],[111.837757,-7.200276],[111.837749,-7.200271],[111.837672,-7.200228],[111.837592,-7.200192],[111.837544,-7.20017],[111.837537,-7.200154],[111.837585,-7.200049],[111.837655,-7.199894],[111.83767,-7.19989],[111.837694,-7.199865],[111.837717,-7.199826],[111.837729,-7.199805],[111.83773,-7.199782],[111.837729,-7.19976],[111.837731,-7.199739],[111.837739,-7.199719],[111.837753,-7.199677],[111.837774,-7.199644],[111.837772,-7.199618],[111.837718,-7.199594],[111.837708,-7.199572],[111.837688,-7.199538],[111.837694,-7.199504],[111.837697,-7.19949],[111.837699,-7.199479],[111.837691,-7.19947],[111.837655,-7.199464],[111.837642,-7.199439],[111.837621,-7.199412],[111.837604,-7.199384],[111.837605,-7.199364],[111.837604,-7.199344],[111.83761,-7.199322],[111.837604,-7.199302],[111.837589,-7.199286],[111.837563,-7.199273],[111.837538,-7.199266],[111.837515,-7.199269],[111.837484,-7.199252],[111.837342,-7.199185],[111.837234,-7.199133],[111.837175,-7.199108],[111.837127,-7.199118],[111.837098,-7.199124],[111.837019,-7.199108],[111.836984,-7.199097],[111.836961,-7.199079],[111.836942,-7.199058],[111.836941,-7.199047],[111.836941,-7.199025],[111.836944,-7.199001],[111.836947,-7.198989],[111.836958,-7.198961],[111.836976,-7.198946],[111.837002,-7.198913],[111.83704,-7.198856],[111.837043,-7.198834],[111.837059,-7.198827],[111.837075,-7.198813],[111.837089,-7.198805],[111.837111,-7.198794],[111.837127,-7.198784],[111.837137,-7.198765],[111.837131,-7.198749],[111.837139,-7.198743],[111.837145,-7.198731],[111.837162,-7.198712],[111.837173,-7.198712],[111.837186,-7.198698],[111.837193,-7.198685],[111.837217,-7.198665],[111.837233,-7.198653],[111.837248,-7.198641],[111.83727,-7.198622],[111.837285,-7.198603],[111.837297,-7.19859],[111.83732,-7.198583],[111.837346,-7.198597],[111.837375,-7.198613],[111.837398,-7.198622],[111.837405,-7.198617],[111.83742,-7.198604],[111.837435,-7.198586],[111.837453,-7.19855],[111.837461,-7.198525],[111.837474,-7.19851],[111.837481,-7.198491],[111.837484,-7.198471],[111.837495,-7.198453],[111.837518,-7.198431],[111.837531,-7.198421],[111.837558,-7.198399],[111.837579,-7.198395],[111.837585,-7.198379],[111.83757,-7.198369],[111.837559,-7.198356],[111.83755,-7.198342],[111.83752,-7.198318],[111.837578,-7.19826],[111.837641,-7.19821],[111.837653,-7.198209],[111.837674,-7.198222],[111.837694,-7.198234],[111.837718,-7.198236],[111.837745,-7.198228],[111.837758,-7.198206],[111.837777,-7.198169],[111.8378,-7.198143],[111.83782,-7.198123],[111.837832,-7.198118],[111.837863,-7.198117],[111.837884,-7.198128],[111.837891,-7.198118],[111.837935,-7.198031],[111.837995,-7.197936],[111.83804,-7.197844],[111.838066,-7.197755],[111.838099,-7.197678],[111.838139,-7.197602],[111.838132,-7.197583],[111.83812,-7.197554],[111.838117,-7.197536],[111.838114,-7.197494],[111.838111,-7.197418],[111.838107,-7.197367],[111.838117,-7.197341],[111.838135,-7.197295],[111.838172,-7.197195],[111.838192,-7.19713],[111.838203,-7.19711],[111.838227,-7.197062],[111.838273,-7.196968],[111.838309,-7.196916],[111.838314,-7.196893],[111.838314,-7.196877],[111.838346,-7.196759],[111.838358,-7.1967],[111.838366,-7.196637],[111.838364,-7.196599],[111.838369,-7.196556],[111.838372,-7.196544],[111.838398,-7.196446],[111.838412,-7.1964],[111.838407,-7.196398],[111.838389,-7.196385],[111.83837,-7.196367],[111.838369,-7.196349],[111.838371,-7.196329],[111.838381,-7.196295],[111.838391,-7.196267],[111.838407,-7.196226],[111.838428,-7.196191],[111.838428,-7.196172],[111.838428,-7.196145],[111.838437,-7.196114],[111.838454,-7.196092],[111.838475,-7.196069],[111.838485,-7.196052],[111.838504,-7.196024],[111.838527,-7.195982],[111.838561,-7.195916],[111.838602,-7.195834],[111.838641,-7.195745],[111.838694,-7.19567],[111.838704,-7.195648],[111.838719,-7.195597],[111.838745,-7.1955],[111.838783,-7.195404],[111.838828,-7.195269],[111.838828,-7.195255],[111.838827,-7.195215],[111.838828,-7.195173],[111.838834,-7.195126],[111.838839,-7.195089],[111.83884,-7.195083],[111.838841,-7.195071],[111.838852,-7.195029],[111.838862,-7.194995],[111.838877,-7.194949],[111.838891,-7.194901],[111.838902,-7.194864],[111.838909,-7.194847],[111.838913,-7.194845],[111.838953,-7.194864],[111.838961,-7.194866],[111.838967,-7.194852],[111.838999,-7.194761],[111.839023,-7.194679],[111.839039,-7.194639],[111.839055,-7.194607],[111.839048,-7.194599],[111.839029,-7.194588],[111.839012,-7.194572],[111.839009,-7.194559],[111.83902,-7.194542],[111.839035,-7.19452],[111.839056,-7.194486],[111.839089,-7.194423],[111.839114,-7.194383],[111.839143,-7.194321],[111.839165,-7.194275],[111.83918,-7.19425],[111.839202,-7.194217],[111.83921,-7.194193],[111.839213,-7.194171],[111.839211,-7.19415],[111.839213,-7.194131],[111.839217,-7.194116],[111.839225,-7.194099],[111.839233,-7.194082],[111.839247,-7.194061],[111.839262,-7.194039],[111.839277,-7.19402],[111.839291,-7.194002],[111.839301,-7.193992],[111.839317,-7.193978],[111.839334,-7.193948],[111.839355,-7.193905],[111.839363,-7.193885],[111.839399,-7.193794],[111.839433,-7.193695],[111.839438,-7.193677],[111.839441,-7.193653],[111.839448,-7.193631],[111.839453,-7.19361],[111.839463,-7.193579],[111.839481,-7.193534],[111.839492,-7.193502],[111.839496,-7.193478],[111.839496,-7.193442],[111.839494,-7.193411],[111.839495,-7.193392],[111.839506,-7.193355],[111.839509,-7.19334],[111.83951,-7.193321],[111.839517,-7.193301],[111.839528,-7.193274],[111.83954,-7.193249],[111.839548,-7.193223],[111.839553,-7.193192],[111.839557,-7.193155],[111.839558,-7.193103],[111.839556,-7.19307],[111.839558,-7.193031],[111.839563,-7.193007],[111.839576,-7.192979],[111.839588,-7.192953],[111.839601,-7.192932],[111.839623,-7.192903],[111.839653,-7.192861],[111.839667,-7.192838],[111.839686,-7.192791],[111.839706,-7.192737],[111.83972,-7.19271],[111.839739,-7.192667],[111.839747,-7.19265],[111.839753,-7.192633],[111.839762,-7.192606],[111.839777,-7.192563],[111.839788,-7.192534],[111.839783,-7.192517],[111.839788,-7.192497],[111.839806,-7.192446],[111.839842,-7.192362],[111.839884,-7.192274],[111.839931,-7.192182],[111.839977,-7.192098],[111.839996,-7.192062],[111.840015,-7.192033],[111.840051,-7.19195],[111.840088,-7.191863],[111.840111,-7.191809],[111.840129,-7.191782],[111.840152,-7.191734],[111.840168,-7.191694],[111.840167,-7.191643],[111.840169,-7.191601],[111.840171,-7.191568],[111.840174,-7.191543],[111.840176,-7.191494],[111.840176,-7.191466],[111.840181,-7.191444],[111.840196,-7.191408],[111.840207,-7.191374],[111.840244,-7.191274],[111.840261,-7.191243],[111.840271,-7.191235],[111.840282,-7.191228],[111.840305,-7.191175],[111.840322,-7.191076],[111.840334,-7.191011],[111.84034,-7.190966],[111.840349,-7.190897],[111.840352,-7.190876],[111.840359,-7.190852],[111.840373,-7.190818],[111.840395,-7.190765],[111.840431,-7.190669],[111.840459,-7.190595],[111.84048,-7.19054],[111.840494,-7.190494],[111.8405,-7.190487],[111.840514,-7.190481],[111.840535,-7.190489],[111.840578,-7.190508],[111.840616,-7.190521],[111.84072,-7.190557],[111.840804,-7.190588],[111.840868,-7.190609],[111.84095,-7.190635],[111.840987,-7.190644],[111.84102,-7.190662],[111.841051,-7.190681],[111.841191,-7.190718],[111.841237,-7.190736],[111.841302,-7.190755],[111.841396,-7.190783],[111.841557,-7.190834],[111.841701,-7.190882],[111.841738,-7.1909],[111.841763,-7.190918],[111.841781,-7.190933],[111.841791,-7.190948],[111.841794,-7.190963],[111.841788,-7.190987],[111.841784,-7.190998],[111.841784,-7.191009],[111.841811,-7.191018],[111.841837,-7.191032],[111.841887,-7.191049],[111.842023,-7.19109],[111.842109,-7.191117],[111.842218,-7.191152],[111.842347,-7.19119],[111.842396,-7.191208],[111.842448,-7.191219],[111.84247,-7.191229],[111.842537,-7.19125],[111.842589,-7.191268],[111.842599,-7.191277],[111.842636,-7.191299],[111.842699,-7.191314],[111.842811,-7.191349],[111.842851,-7.191237],[111.842858,-7.191229],[111.842871,-7.191227],[111.842997,-7.19127],[111.843044,-7.191284],[111.843101,-7.191297],[111.843191,-7.191317],[111.843243,-7.191333],[111.843301,-7.191351],[111.843319,-7.191357],[111.843345,-7.191366],[111.843362,-7.191376],[111.843381,-7.191382],[111.843411,-7.191388],[111.843435,-7.191397],[111.843459,-7.191405],[111.843508,-7.191418],[111.843555,-7.191433],[111.843594,-7.191438],[111.843632,-7.191447],[111.843666,-7.191462],[111.843701,-7.191475],[111.843738,-7.191485],[111.843785,-7.191497],[111.84381,-7.191507],[111.843863,-7.191519],[111.843905,-7.191526],[111.843942,-7.191532],[111.843965,-7.191548],[111.843991,-7.191553],[111.844012,-7.191546],[111.844045,-7.191555],[111.844079,-7.191575],[111.844112,-7.191581],[111.844154,-7.191598],[111.844184,-7.191599],[111.844219,-7.191615],[111.844242,-7.191612],[111.844274,-7.19162],[111.844296,-7.191629],[111.84435,-7.191633],[111.844411,-7.191642],[111.844489,-7.191656],[111.844557,-7.191664],[111.844643,-7.191668],[111.844719,-7.191665],[111.844787,-7.191664],[111.844861,-7.191663],[111.844908,-7.191666],[111.844941,-7.191673],[111.844965,-7.191679],[111.844964,-7.191688],[111.844959,-7.191713],[111.844953,-7.191741],[111.844951,-7.191773],[111.844946,-7.191787],[111.844939,-7.191824],[111.844936,-7.191876],[111.844933,-7.191917],[111.844925,-7.19196],[111.84492,-7.19199],[111.844913,-7.192022],[111.844883,-7.19211],[111.844852,-7.192214],[111.844808,-7.192364],[111.844792,-7.192426],[111.84477,-7.192492],[111.844765,-7.192513],[111.844761,-7.192531],[111.844754,-7.192559],[111.844746,-7.19257],[111.844733,-7.192575],[111.844702,-7.192573],[111.844669,-7.192568],[111.844618,-7.192572],[111.844588,-7.192587],[111.844566,-7.192634],[111.84454,-7.192689],[111.844521,-7.192739],[111.844505,-7.192804],[111.844478,-7.192869],[111.844457,-7.192921],[111.84445,-7.192966],[111.844423,-7.193023],[111.844398,-7.193075],[111.844367,-7.193121],[111.844342,-7.19314],[111.844335,-7.193166],[111.844326,-7.193204],[111.844302,-7.19325],[111.844283,-7.193301],[111.844269,-7.193338],[111.844249,-7.193395],[111.844245,-7.193417],[111.844243,-7.193429],[111.844228,-7.193425],[111.844214,-7.193423],[111.844196,-7.193458],[111.844189,-7.193478],[111.844176,-7.193512],[111.844173,-7.193532],[111.844169,-7.193555],[111.844157,-7.193579],[111.844145,-7.193607],[111.844138,-7.193629],[111.844135,-7.193661],[111.844137,-7.193691],[111.844143,-7.193711],[111.84414,-7.193738],[111.844122,-7.193776],[111.844122,-7.193794],[111.844124,-7.193806],[111.844141,-7.193843],[111.844146,-7.193869],[111.844146,-7.193929],[111.844144,-7.194035],[111.844132,-7.194087],[111.844123,-7.194115],[111.844122,-7.194147],[111.844121,-7.194204],[111.844121,-7.194228],[111.844118,-7.194272],[111.844117,-7.19436],[111.844118,-7.194373],[111.844124,-7.194374],[111.844148,-7.194374],[111.844167,-7.194376],[111.844169,-7.194383],[111.844167,-7.194418],[111.84417,-7.194433],[111.844178,-7.194454],[111.844245,-7.194489],[111.844281,-7.194532],[111.844294,-7.194548]]]]}},{"type":"Feature","properties":{"GM_LAYER":"Unknown Area Type","id":null,"LAYER":null,"MAP_NAME":"Sawah","PERIMETER":"716.22 m","ENCLOSED_A":"1.511 ha","ISLAND_ARE":null,"LENGTH":null,"WIDTH":null},"geometry":{"type":"MultiPolygon","coordinates":[[[[111.849754,-7.201497],[111.849755,-7.201494],[111.849758,-7.201494],[111.850375,-7.201585],[111.850474,-7.201594],[111.850481,-7.20159],[111.850487,-7.201582],[111.850489,-7.201556],[111.850517,-7.201373],[111.850523,-7.201367],[111.850543,-7.201371],[111.850738,-7.201433],[111.850758,-7.201439],[111.850762,-7.201447],[111.850755,-7.201466],[111.850683,-7.201608],[111.850627,-7.2017],[111.850611,-7.201738],[111.850593,-7.201767],[111.850572,-7.201772],[111.850505,-7.201783],[111.850456,-7.201802],[111.850418,-7.20182],[111.850401,-7.20184],[111.850376,-7.201854],[111.850354,-7.201854],[111.850332,-7.201851],[111.850318,-7.201857],[111.850319,-7.201898],[111.850323,-7.201932],[111.850318,-7.201961],[111.850304,-7.201983],[111.850276,-7.20201],[111.850203,-7.202033],[111.850155,-7.202044],[111.850138,-7.202056],[111.850126,-7.202084],[111.850101,-7.202141],[111.850079,-7.202198],[111.85007,-7.202216],[111.850068,-7.202242],[111.850071,-7.202277],[111.850085,-7.202311],[111.850099,-7.202333],[111.850116,-7.202345],[111.850145,-7.202356],[111.850198,-7.202356],[111.850203,-7.202356],[111.850205,-7.20236],[111.850203,-7.202413],[111.85019,-7.202488],[111.850182,-7.202533],[111.85018,-7.202537],[111.850175,-7.202539],[111.850115,-7.202565],[111.850042,-7.202601],[111.850013,-7.202616],[111.849991,-7.202622],[111.849967,-7.202624],[111.849939,-7.202623],[111.849932,-7.202727],[111.849921,-7.202909],[111.849918,-7.202915],[111.849911,-7.202917],[111.849902,-7.202916],[111.849777,-7.202898],[111.84968,-7.202886],[111.84955,-7.202881],[111.849464,-7.202888],[111.84928,-7.202914],[111.849262,-7.202908],[111.849252,-7.202901],[111.849251,-7.20289],[111.849252,-7.202821],[111.849253,-7.202622],[111.849268,-7.202363],[111.849294,-7.202156],[111.849307,-7.201989],[111.849342,-7.201808],[111.849382,-7.201482],[111.849385,-7.201474],[111.849394,-7.20147],[111.849418,-7.201472],[111.849493,-7.201486],[111.849534,-7.201491],[111.849559,-7.201497],[111.849567,-7.201805],[111.849774,-7.201832],[111.849754,-7.201497]]]]}},{"type":"Feature","properties":{"GM_LAYER":"Unknown Area Type","id":null,"LAYER":null,"MAP_NAME":"Sawah","PERIMETER":"170.02 m","ENCLOSED_A":"0.1486 ha","ISLAND_ARE":null,"LENGTH":null,"WIDTH":null},"geometry":{"type":"MultiPolygon","coordinates":[[[[111.850569,-7.203085],[111.85056,-7.203085],[111.850475,-7.203063],[111.85036,-7.203032],[111.850342,-7.20302],[111.850339,-7.203],[111.850536,-7.202491],[111.850543,-7.202485],[111.850554,-7.202483],[111.850687,-7.202532],[111.850695,-7.202544],[111.850696,-7.202563],[111.850694,-7.20259],[111.850574,-7.203081],[111.850569,-7.203085]]]]}},{"type":"Feature","properties":{"GM_LAYER":"Unknown Area Type","id":null,"LAYER":null,"MAP_NAME":"Sawah","PERIMETER":"657.74 m","ENCLOSED_A":"0.857 ha","ISLAND_ARE":null,"LENGTH":null,"WIDTH":null},"geometry":{"type":"MultiPolygon","coordinates":[[[[111.87043,-7.212523],[111.870502,-7.212486],[111.870556,-7.212464],[111.870676,-7.212422],[111.870721,-7.212405],[111.870823,-7.212381],[111.870924,-7.212359],[111.871044,-7.212341],[111.871141,-7.212326],[111.871277,-7.212313],[111.87141,-7.212311],[111.871523,-7.212315],[111.871523,-7.212311],[111.871671,-7.212324],[111.871783,-7.212345],[111.871891,-7.212371],[111.872067,-7.212426],[111.872251,-7.212492],[111.87246,-7.212564],[111.872501,-7.212578],[111.872761,-7.212684],[111.872967,-7.212771],[111.873238,-7.212887],[111.870344,-7.212568],[111.87043,-7.212523]]]]}},{"type":"Feature","properties":{"GM_LAYER":"Unknown Area Type","id":null,"LAYER":null,"MAP_NAME":"Sawah","PERIMETER":"148.46 m","ENCLOSED_A":"0.1338 ha","ISLAND_ARE":null,"LENGTH":null,"WIDTH":null},"geometry":{"type":"MultiPolygon","coordinates":[[[[111.903145,-7.196986],[111.903167,-7.196915],[111.903201,-7.19685],[111.903234,-7.196789],[111.903248,-7.196731],[111.903263,-7.196661],[111.903567,-7.196729],[111.903452,-7.197074],[111.903145,-7.196986]]]]}},{"type":"Feature","properties":{"GM_LAYER":"Unknown Area Type","id":null,"LAYER":null,"MAP_NAME":"Sawah","PERIMETER":"337.27 m","ENCLOSED_A":"0.608 ha","ISLAND_ARE":null,"LENGTH":null,"WIDTH":null},"geometry":{"type":"MultiPolygon","coordinates":[[[[111.85419,-7.158637],[111.854297,-7.158219],[111.854318,-7.158042],[111.85509,-7.157889],[111.855059,-7.157999],[111.855025,-7.158116],[111.854895,-7.158719],[111.854849,-7.158725],[111.854648,-7.158711],[111.854651,-7.158669],[111.854227,-7.158587],[111.854216,-7.158641],[111.85419,-7.158637]]]]}},{"type":"Feature","properties":{"GM_LAYER":"Unknown Area Type","id":null,"LAYER":null,"MAP_NAME":"Sawah","PERIMETER":"217.72 m","ENCLOSED_A":"0.2484 ha","ISLAND_ARE":null,"LENGTH":null,"WIDTH":null},"geometry":{"type":"MultiPolygon","coordinates":[[[[111.855022,-7.158248],[111.855064,-7.158057],[111.855125,-7.15788],[111.855502,-7.157806],[111.855444,-7.158104],[111.855586,-7.158147],[111.855545,-7.15836],[111.855022,-7.158248]]]]}},{"type":"Feature","properties":{"GM_LAYER":"Unknown Area Type","id":null,"LAYER":null,"MAP_NAME":"Sawah","PERIMETER":"1.508 km","ENCLOSED_A":"9.408 ha","ISLAND_ARE":null,"LENGTH":null,"WIDTH":null},"geometry":{"type":"MultiPolygon","coordinates":[[[[111.84402,-7.154289],[111.843883,-7.152947],[111.849617,-7.152969],[111.849601,-7.153232],[111.849546,-7.153239],[111.849509,-7.153273],[111.849439,-7.153283],[111.849416,-7.153267],[111.849177,-7.153383],[111.84907,-7.153461],[111.84898,-7.153541],[111.84882,-7.153686],[111.84874,-7.153736],[111.848713,-7.153742],[111.848737,-7.153715],[111.848753,-7.153673],[111.848747,-7.153645],[111.848704,-7.153663],[111.848511,-7.153782],[111.84847,-7.15382],[111.848206,-7.153981],[111.848115,-7.154036],[111.848064,-7.154045],[111.847985,-7.154078],[111.847879,-7.154144],[111.847695,-7.154269],[111.847628,-7.154299],[111.847597,-7.154315],[111.847546,-7.154325],[111.847514,-7.154343],[111.847479,-7.154364],[111.847429,-7.154401],[111.847392,-7.154433],[111.847364,-7.15444],[111.847316,-7.154476],[111.847296,-7.154489],[111.847266,-7.154501],[111.84724,-7.154504],[111.847228,-7.154499],[111.847145,-7.154538],[111.847123,-7.154558],[111.847102,-7.154574],[111.847075,-7.154582],[111.847053,-7.154587],[111.846969,-7.15463],[111.846914,-7.15465],[111.846817,-7.15468],[111.846594,-7.154751],[111.846485,-7.154778],[111.846366,-7.154802],[111.846155,-7.154839],[111.845947,-7.154859],[111.845875,-7.154856],[111.845587,-7.15483],[111.845454,-7.154803],[111.845397,-7.154807],[111.845188,-7.154732],[111.84487,-7.154619],[111.844502,-7.154465],[111.84402,-7.154289]]]]}},{"type":"Feature","properties":{"GM_LAYER":"Unknown Area Type","id":null,"LAYER":null,"MAP_NAME":"Sawah","PERIMETER":"662.92 m","ENCLOSED_A":"1.113 ha","ISLAND_ARE":null,"LENGTH":null,"WIDTH":null},"geometry":{"type":"MultiPolygon","coordinates":[[[[111.854338,-7.161825],[111.854584,-7.1619],[111.85457,-7.161957],[111.854861,-7.16204],[111.85492,-7.162047],[111.85496,-7.161868],[111.855232,-7.16191],[111.855261,-7.16191],[111.855245,-7.162013],[111.855787,-7.162096],[111.855729,-7.162468],[111.855595,-7.162457],[111.855571,-7.162633],[111.85539,-7.162593],[111.855321,-7.162904],[111.855246,-7.162863],[111.854899,-7.162739],[111.854853,-7.162828],[111.854691,-7.162738],[111.854734,-7.162611],[111.854826,-7.162639],[111.854876,-7.162501],[111.854589,-7.162404],[111.854531,-7.162567],[111.854339,-7.162491],[111.854288,-7.162649],[111.854482,-7.162052],[111.854282,-7.161982],[111.854266,-7.161978],[111.854338,-7.161825]]]]}},{"type":"Feature","properties":{"GM_LAYER":"Unknown Area Type","id":null,"LAYER":null,"MAP_NAME":"Sawah","PERIMETER":"771.54 m","ENCLOSED_A":"0.0881 ha","ISLAND_ARE":null,"LENGTH":null,"WIDTH":null},"geometry":{"type":"MultiPolygon","coordinates":[[[[111.851059,-7.201475],[111.851034,-7.201552],[111.851028,-7.201544],[111.851021,-7.201531],[111.851014,-7.201523],[111.851005,-7.201514],[111.850996,-7.201508],[111.850986,-7.201505],[111.850924,-7.201482],[111.850851,-7.201456],[111.850773,-7.201428],[111.850657,-7.201389],[111.850604,-7.20137],[111.850556,-7.201355],[111.850501,-7.201333],[111.850463,-7.201315],[111.850433,-7.201299],[111.850401,-7.20128],[111.850381,-7.201268],[111.85036,-7.201251],[111.85034,-7.201234],[111.850289,-7.201193],[111.850213,-7.201138],[111.850181,-7.201119],[111.850148,-7.201109],[111.850105,-7.201101],[111.850045,-7.201096],[111.849925,-7.20109],[111.849673,-7.201073],[111.849581,-7.201065],[111.849483,-7.201057],[111.84939,-7.201052],[111.849394,-7.201345],[111.849381,-7.201452],[111.849352,-7.201547],[111.849339,-7.201575],[111.849319,-7.201601],[111.849307,-7.201608],[111.849287,-7.201614],[111.849263,-7.201613],[111.84912,-7.201605],[111.848733,-7.201521],[111.848736,-7.201509],[111.849119,-7.20159],[111.849275,-7.201599],[111.849292,-7.201597],[111.849305,-7.201593],[111.849325,-7.201568],[111.849338,-7.201541],[111.849367,-7.20145],[111.849378,-7.201341],[111.849373,-7.201051],[111.849282,-7.201047],[111.849157,-7.201043],[111.849044,-7.201038],[111.848969,-7.201028],[111.848926,-7.201022],[111.848865,-7.201014],[111.848868,-7.201],[111.849152,-7.201018],[111.84943,-7.201027],[111.849647,-7.201046],[111.850086,-7.20107],[111.850129,-7.201077],[111.850161,-7.201085],[111.850191,-7.201097],[111.850226,-7.201117],[111.850294,-7.201169],[111.850311,-7.201182],[111.850337,-7.201204],[111.850384,-7.201243],[111.850407,-7.20126],[111.85043,-7.201274],[111.850481,-7.201299],[111.850508,-7.201313],[111.850562,-7.201335],[111.850644,-7.201362],[111.850728,-7.201391],[111.850833,-7.201428],[111.850922,-7.20146],[111.85101,-7.201493],[111.85102,-7.201493],[111.851031,-7.20149],[111.851042,-7.201485],[111.851053,-7.201479],[111.851059,-7.201475]]]]}},{"type":"Feature","properties":{"GM_LAYER":"Unknown Area Type","id":null,"LAYER":null,"MAP_NAME":"Sawah","PERIMETER":"135.9 m","ENCLOSED_A":"0.00901 ha","ISLAND_ARE":null,"LENGTH":null,"WIDTH":null},"geometry":{"type":"MultiPolygon","coordinates":[[[[111.858764,-7.206818],[111.858805,-7.206433],[111.858806,-7.206423],[111.858816,-7.206223],[111.858828,-7.206223],[111.858818,-7.206435],[111.858812,-7.206495],[111.858805,-7.206494],[111.85879,-7.206729],[111.858781,-7.206816],[111.858764,-7.206818]]]]}},{"type":"Feature","properties":{"GM_LAYER":"Unknown Area Type","id":null,"LAYER":null,"MAP_NAME":"Sawah","PERIMETER":"188.11 m","ENCLOSED_A":"0.02236 ha","ISLAND_ARE":null,"LENGTH":null,"WIDTH":null},"geometry":{"type":"MultiPolygon","coordinates":[[[[111.859531,-7.206926],[111.8596,-7.206434],[111.85962,-7.206437],[111.859561,-7.206873],[111.859565,-7.206878],[111.859574,-7.206881],[111.859894,-7.206859],[111.859894,-7.20688],[111.859696,-7.206895],[111.859571,-7.206905],[111.859565,-7.206909],[111.859558,-7.20692],[111.859557,-7.206927],[111.859556,-7.206936],[111.859531,-7.206926]]]]}},{"type":"Feature","properties":{"GM_LAYER":"Unknown Area Type","id":null,"LAYER":null,"MAP_NAME":"Sawah","PERIMETER":"366.69 m","ENCLOSED_A":"0.02816 ha","ISLAND_ARE":null,"LENGTH":null,"WIDTH":null},"geometry":{"type":"MultiPolygon","coordinates":[[[[111.845728,-7.205689],[111.845743,-7.205691],[111.84574,-7.205707],[111.845718,-7.205703],[111.845688,-7.205704],[111.845668,-7.205717],[111.84565,-7.205797],[111.845616,-7.205935],[111.845593,-7.206104],[111.845637,-7.206402],[111.845652,-7.206547],[111.845603,-7.20678],[111.845593,-7.20681],[111.84556,-7.206949],[111.845452,-7.207217],[111.845449,-7.207232],[111.845446,-7.207231],[111.845453,-7.207206],[111.845514,-7.207018],[111.845561,-7.206901],[111.845576,-7.206856],[111.845587,-7.206805],[111.845617,-7.206679],[111.845633,-7.206576],[111.845631,-7.206514],[111.845626,-7.206426],[111.845614,-7.206392],[111.845581,-7.20612],[111.845582,-7.206075],[111.845619,-7.205846],[111.845651,-7.205715],[111.84566,-7.205697],[111.845675,-7.205685],[111.845684,-7.205681],[111.845728,-7.205689]]]]}},{"type":"Feature","properties":{"GM_LAYER":"Unknown Area Type","id":null,"LAYER":null,"MAP_NAME":"Sawah","PERIMETER":"35.071 m","ENCLOSED_A":"0.0000282 ha","ISLAND_ARE":null,"LENGTH":null,"WIDTH":null},"geometry":{"type":"MultiPolygon","coordinates":[[[[111.860225,-7.206103],[111.860255,-7.205947],[111.860229,-7.20608],[111.860225,-7.206103],[111.860225,-7.206103]]]]}},{"type":"Feature","properties":{"GM_LAYER":"Unknown Area Type","id":null,"LAYER":null,"MAP_NAME":"Sawah","PERIMETER":"30.402 m","ENCLOSED_A":"0.0000928 ha","ISLAND_ARE":null,"LENGTH":null,"WIDTH":null},"geometry":{"type":"MultiPolygon","coordinates":[[[[111.864628,-7.204681],[111.864613,-7.204817],[111.864627,-7.204681],[111.864628,-7.204681]]]]}},{"type":"Feature","properties":{"GM_LAYER":"Unknown Area Type","id":null,"LAYER":null,"MAP_NAME":"Sawah","PERIMETER":"10.045 m","ENCLOSED_A":"0.0000106 ha","ISLAND_ARE":null,"LENGTH":null,"WIDTH":null},"geometry":{"type":"MultiPolygon","coordinates":[[[[111.863868,-7.208304],[111.863913,-7.208312],[111.863868,-7.208305],[111.863868,-7.208304]]]]}},{"type":"Feature","properties":{"GM_LAYER":"Unknown Area Type","id":null,"LAYER":null,"MAP_NAME":"Sawah","PERIMETER":"18.538 m","ENCLOSED_A":"0.0000585 ha","ISLAND_ARE":null,"LENGTH":null,"WIDTH":null},"geometry":{"type":"MultiPolygon","coordinates":[[[[111.85423,-7.205358],[111.854148,-7.205345],[111.854148,-7.205344],[111.854193,-7.205352],[111.85423,-7.205358]]]]}},{"type":"Feature","properties":{"GM_LAYER":"Unknown Area Type","id":null,"LAYER":null,"MAP_NAME":"Sawah","PERIMETER":"1.221 km","ENCLOSED_A":"2.44 ha","ISLAND_ARE":null,"LENGTH":null,"WIDTH":null},"geometry":{"type":"MultiPolygon","coordinates":[[[[111.850615,-7.159073],[111.850619,-7.159033],[111.850631,-7.158959],[111.850653,-7.158846],[111.850648,-7.158749],[111.850674,-7.158661],[111.850658,-7.158574],[111.850617,-7.158472],[111.850558,-7.158421],[111.850497,-7.158373],[111.850465,-7.158296],[111.850442,-7.158196],[111.850481,-7.158105],[111.850531,-7.157985],[111.850567,-7.157929],[111.850628,-7.157892],[111.850739,-7.157874],[111.850819,-7.157811],[111.850913,-7.157757],[111.850985,-7.157698],[111.851085,-7.157655],[111.851164,-7.157655],[111.851261,-7.157705],[111.851339,-7.157795],[111.851434,-7.157912],[111.851464,-7.158014],[111.85145,-7.158052],[111.851376,-7.158082],[111.851314,-7.158121],[111.851293,-7.15819],[111.851277,-7.15828],[111.851264,-7.158381],[111.851279,-7.158485],[111.851303,-7.158566],[111.85139,-7.15869],[111.85144,-7.158829],[111.851504,-7.158946],[111.851576,-7.159003],[111.851676,-7.159008],[111.85175,-7.15897],[111.851837,-7.158923],[111.85194,-7.158903],[111.852006,-7.15887],[111.85209,-7.158767],[111.852162,-7.158713],[111.852228,-7.158697],[111.852317,-7.158697],[111.852373,-7.158667],[111.852488,-7.158673],[111.852537,-7.158661],[111.852541,-7.158592],[111.852561,-7.158554],[111.852677,-7.158523],[111.852746,-7.158476],[111.852851,-7.158385],[111.852934,-7.158334],[111.853014,-7.158262],[111.853082,-7.15819],[111.853131,-7.158105],[111.85321,-7.158017],[111.853343,-7.157968],[111.853474,-7.157928],[111.85426,-7.157734],[111.854292,-7.158017],[111.853637,-7.158202],[111.853253,-7.158408],[111.852995,-7.158585],[111.852712,-7.158745],[111.852571,-7.158829],[111.85246,-7.158883],[111.852275,-7.158981],[111.852046,-7.159078],[111.851906,-7.159138],[111.851637,-7.159192],[111.851084,-7.159317],[111.850981,-7.159325],[111.850615,-7.159073]]]]}},{"type":"Feature","properties":{"GM_LAYER":"Unknown Area Type","id":null,"LAYER":"Unknown Area Type","MAP_NAME":"Sawah","PERIMETER":"6.012 km","ENCLOSED_A":"98.606 ha","ISLAND_ARE":"0.0168 ha","LENGTH":null,"WIDTH":null},"geometry":{"type":"MultiPolygon","coordinates":[[[[111.86974,-7.212016],[111.869732,-7.211985],[111.869795,-7.211499],[111.869813,-7.21147],[111.869852,-7.211434],[111.869843,-7.211413],[111.869829,-7.21138],[111.869859,-7.211138],[111.869811,-7.211127],[111.869862,-7.210741],[111.869935,-7.210191],[111.869997,-7.2102],[111.870123,-7.210215],[111.872451,-7.210564],[111.872453,-7.210553],[111.872453,-7.210553],[111.872648,-7.209512],[111.870145,-7.209151],[111.870127,-7.209133],[111.870103,-7.2091],[111.870324,-7.20742],[111.870293,-7.207415],[111.87042,-7.206428],[111.870464,-7.206101],[111.870495,-7.206106],[111.871348,-7.206258],[111.871371,-7.206133],[111.871899,-7.206243],[111.871972,-7.205983],[111.871436,-7.205866],[111.871478,-7.205734],[111.871056,-7.205652],[111.871083,-7.205522],[111.871435,-7.205597],[111.871638,-7.205633],[111.871657,-7.205587],[111.871738,-7.205366],[111.871764,-7.205271],[111.871758,-7.20518],[111.871732,-7.205023],[111.871742,-7.204879],[111.870762,-7.204698],[111.870749,-7.204655],[111.87077,-7.204196],[111.870795,-7.203963],[111.870817,-7.203797],[111.870808,-7.203716],[111.870753,-7.203609],[111.870705,-7.203525],[111.876859,-7.203513],[111.876874,-7.203513],[111.876874,-7.203513],[111.88041,-7.203507],[111.880385,-7.203642],[111.880398,-7.203657],[111.88042,-7.203664],[111.880455,-7.203679],[111.880485,-7.203688],[111.880486,-7.203711],[111.880486,-7.203727],[111.880463,-7.203821],[111.88043,-7.203827],[111.880396,-7.203836],[111.880334,-7.203866],[111.880298,-7.203898],[111.880279,-7.203925],[111.880282,-7.203964],[111.880282,-7.20403],[111.880279,-7.204054],[111.880274,-7.204066],[111.880283,-7.204074],[111.880299,-7.204082],[111.880314,-7.204087],[111.880332,-7.204091],[111.880346,-7.2041],[111.88035,-7.204112],[111.880349,-7.204128],[111.880242,-7.204408],[111.880232,-7.204428],[111.880209,-7.204441],[111.880179,-7.204447],[111.880151,-7.204463],[111.880122,-7.204481],[111.880051,-7.204523],[111.880023,-7.204555],[111.880022,-7.204573],[111.880034,-7.204597],[111.880039,-7.204612],[111.880041,-7.204683],[111.880028,-7.204765],[111.880024,-7.20481],[111.880007,-7.20485],[111.879972,-7.204885],[111.879944,-7.204912],[111.879847,-7.204974],[111.87984,-7.204992],[111.879824,-7.205051],[111.879823,-7.205088],[111.879829,-7.205134],[111.879855,-7.205173],[111.879858,-7.205191],[111.879851,-7.205224],[111.879811,-7.205426],[111.879797,-7.205478],[111.879773,-7.205617],[111.879785,-7.205652],[111.879803,-7.205673],[111.879857,-7.20572],[111.879912,-7.205741],[111.879973,-7.205756],[111.880203,-7.205776],[111.880213,-7.205777],[111.880216,-7.205779],[111.880216,-7.205787],[111.880218,-7.205827],[111.880217,-7.205872],[111.880216,-7.205937],[111.880216,-7.205978],[111.880216,-7.205997],[111.880216,-7.206002],[111.880215,-7.206002],[111.880251,-7.206023],[111.880329,-7.206066],[111.880365,-7.206087],[111.880349,-7.206767],[111.880344,-7.206771],[111.880337,-7.206772],[111.880327,-7.206768],[111.880306,-7.206764],[111.880284,-7.206765],[111.880267,-7.206772],[111.880254,-7.20678],[111.880238,-7.206796],[111.880209,-7.206836],[111.880198,-7.206867],[111.880198,-7.206874],[111.880198,-7.206912],[111.880195,-7.206959],[111.880175,-7.206967],[111.880015,-7.206948],[111.879993,-7.206968],[111.879979,-7.207096],[111.879964,-7.207103],[111.879918,-7.207114],[111.87989,-7.20712],[111.879868,-7.207118],[111.87984,-7.207113],[111.879672,-7.207061],[111.879665,-7.207064],[111.879665,-7.207066],[111.879667,-7.20707],[111.879676,-7.207081],[111.879678,-7.207087],[111.879674,-7.207109],[111.879648,-7.20717],[111.879532,-7.207442],[111.879528,-7.207448],[111.879524,-7.207452],[111.879517,-7.207454],[111.879508,-7.207452],[111.879457,-7.207432],[111.879405,-7.207423],[111.879393,-7.207426],[111.879378,-7.207441],[111.879369,-7.207465],[111.879348,-7.207514],[111.879318,-7.207569],[111.879283,-7.207619],[111.87923,-7.207684],[111.879202,-7.207714],[111.879088,-7.20804],[111.879075,-7.208046],[111.87904,-7.208048],[111.879011,-7.208046],[111.878612,-7.207946],[111.87859,-7.207945],[111.878587,-7.20796],[111.878536,-7.2083],[111.878448,-7.208701],[111.878333,-7.209053],[111.87825,-7.209343],[111.878196,-7.209665],[111.878175,-7.209867],[111.878179,-7.209871],[111.878178,-7.20987],[111.878156,-7.20992],[111.87814,-7.209955],[111.878131,-7.209972],[111.878131,-7.210061],[111.878174,-7.210143],[111.878178,-7.210149],[111.878179,-7.210154],[111.878165,-7.210217],[111.87815,-7.210268],[111.878135,-7.210321],[111.878128,-7.21038],[111.878126,-7.210394],[111.878124,-7.210425],[111.878124,-7.210458],[111.878123,-7.210467],[111.878108,-7.210592],[111.878112,-7.210604],[111.878117,-7.210614],[111.878126,-7.210628],[111.878135,-7.210636],[111.878142,-7.210642],[111.878159,-7.21065],[111.878167,-7.210653],[111.878177,-7.210656],[111.878208,-7.210663],[111.878278,-7.210681],[111.878286,-7.210684],[111.878289,-7.210687],[111.87829,-7.210692],[111.878277,-7.210846],[111.878277,-7.210858],[111.878279,-7.210877],[111.878281,-7.210904],[111.878285,-7.210955],[111.878291,-7.211],[111.878294,-7.211073],[111.878294,-7.211073],[111.878296,-7.211145],[111.8783,-7.211238],[111.878307,-7.211282],[111.87832,-7.211362],[111.878338,-7.211386],[111.878386,-7.211409],[111.878457,-7.211432],[111.878501,-7.21147],[111.878541,-7.211535],[111.878553,-7.211576],[111.878568,-7.211607],[111.878582,-7.211638],[111.878589,-7.211673],[111.8786,-7.211746],[111.878604,-7.211761],[111.878615,-7.211793],[111.878658,-7.21189],[111.878678,-7.211935],[111.878686,-7.212003],[111.878685,-7.212003],[111.878689,-7.212035],[111.878683,-7.212036],[111.878689,-7.212071],[111.8787,-7.21211],[111.878705,-7.212124],[111.878725,-7.212153],[111.878749,-7.212177],[111.878773,-7.212189],[111.878798,-7.212197],[111.878825,-7.212204],[111.87885,-7.212208],[111.878889,-7.212211],[111.878919,-7.212219],[111.878984,-7.21228],[111.87906,-7.21245],[111.879075,-7.21248],[111.879094,-7.212509],[111.879163,-7.212588],[111.879233,-7.212695],[111.879346,-7.212921],[111.879381,-7.213005],[111.879394,-7.213035],[111.879398,-7.213048],[111.879393,-7.213106],[111.879386,-7.213161],[111.87937,-7.213212],[111.879344,-7.213271],[111.879314,-7.213328],[111.879222,-7.213307],[111.879213,-7.213329],[111.879198,-7.213565],[111.879191,-7.213577],[111.879182,-7.213582],[111.879102,-7.213571],[111.87896,-7.213551],[111.878879,-7.213539],[111.878805,-7.213528],[111.878716,-7.213522],[111.878702,-7.213526],[111.878684,-7.21353],[111.87864,-7.213769],[111.878521,-7.213752],[111.878435,-7.213741],[111.878359,-7.213733],[111.878288,-7.213726],[111.878103,-7.213706],[111.877894,-7.213688],[111.877717,-7.213674],[111.877487,-7.213649],[111.877406,-7.21364],[111.877261,-7.213616],[111.877189,-7.213603],[111.877119,-7.213588],[111.877107,-7.213582],[111.877107,-7.213569],[111.877116,-7.21353],[111.877167,-7.213239],[111.877198,-7.213099],[111.877193,-7.213092],[111.877183,-7.213088],[111.877067,-7.21308],[111.876993,-7.213076],[111.876927,-7.213058],[111.876893,-7.213047],[111.87653,-7.212969],[111.876485,-7.212991],[111.876461,-7.213074],[111.876433,-7.213505],[111.876348,-7.213488],[111.876242,-7.213473],[111.876224,-7.213494],[111.876184,-7.2137],[111.876092,-7.213677],[111.876082,-7.21368],[111.876071,-7.213693],[111.876054,-7.213754],[111.876035,-7.213759],[111.875955,-7.213746],[111.875887,-7.213738],[111.875878,-7.213892],[111.875561,-7.213752],[111.875594,-7.213505],[111.875583,-7.213321],[111.875578,-7.213266],[111.875567,-7.213259],[111.875418,-7.213226],[111.875408,-7.213231],[111.875401,-7.213311],[111.875335,-7.213551],[111.87531,-7.213656],[111.872614,-7.212564],[111.872478,-7.212508],[111.872229,-7.212426],[111.871937,-7.212324],[111.871763,-7.212278],[111.871632,-7.212264],[111.871687,-7.21202],[111.871572,-7.211982],[111.871417,-7.211952],[111.871348,-7.212251],[111.871306,-7.212251],[111.871274,-7.212247],[111.871256,-7.212244],[111.871117,-7.212253],[111.871129,-7.212209],[111.871139,-7.212171],[111.871139,-7.212161],[111.871126,-7.212146],[111.871113,-7.212136],[111.871091,-7.212123],[111.871082,-7.212104],[111.871086,-7.212072],[111.871131,-7.21187],[111.870732,-7.211803],[111.870463,-7.211764],[111.870335,-7.211749],[111.87028,-7.212107],[111.869955,-7.212045],[111.86988,-7.212039],[111.869787,-7.212031],[111.86974,-7.212016]],[[111.879948,-7.20605],[111.87933,-7.205633],[111.879329,-7.205653],[111.879771,-7.205954],[111.879933,-7.206064],[111.879953,-7.206054],[111.879948,-7.20605]]]]}},{"type":"Feature","properties":{"GM_LAYER":"Unknown Area Type","id":null,"LAYER":"Unknown Area Type","MAP_NAME":"Sawah","PERIMETER":"665.48 m","ENCLOSED_A":"1.074 ha","ISLAND_ARE":"0 ha","LENGTH":null,"WIDTH":null},"geometry":{"type":"MultiPolygon","coordinates":[[[[111.879325,-7.21373],[111.879323,-7.213699],[111.879335,-7.213588],[111.879341,-7.213509],[111.879352,-7.213436],[111.879357,-7.213377],[111.879368,-7.213341],[111.879314,-7.213328],[111.879333,-7.213333],[111.879333,-7.213332],[111.879359,-7.213272],[111.879384,-7.213215],[111.879398,-7.21316],[111.879406,-7.213101],[111.879413,-7.213102],[111.879414,-7.213094],[111.879516,-7.213103],[111.879572,-7.213104],[111.879598,-7.213102],[111.879625,-7.213098],[111.879691,-7.213085],[111.879739,-7.213075],[111.879755,-7.213068],[111.879784,-7.213057],[111.879838,-7.213027],[111.879868,-7.213008],[111.879895,-7.212991],[111.879914,-7.212975],[111.879937,-7.212947],[111.880007,-7.212871],[111.880031,-7.212844],[111.880044,-7.212825],[111.880055,-7.212806],[111.880069,-7.212775],[111.880086,-7.212721],[111.880102,-7.212643],[111.88011,-7.212595],[111.880118,-7.21251],[111.880123,-7.212466],[111.880129,-7.212414],[111.880132,-7.212386],[111.880138,-7.212368],[111.880145,-7.212351],[111.880153,-7.212334],[111.880159,-7.212325],[111.880168,-7.212322],[111.880251,-7.212313],[111.880275,-7.212308],[111.880285,-7.212303],[111.88034,-7.212251],[111.880379,-7.212207],[111.880393,-7.212189],[111.880409,-7.212166],[111.880455,-7.212105],[111.88048,-7.212072],[111.880511,-7.212043],[111.880538,-7.212019],[111.880571,-7.211994],[111.880598,-7.211973],[111.880603,-7.211968],[111.880613,-7.211979],[111.880609,-7.212006],[111.880534,-7.212056],[111.880451,-7.212156],[111.880388,-7.21224],[111.880397,-7.212248],[111.880434,-7.212272],[111.880638,-7.212409],[111.88061,-7.212449],[111.880559,-7.212579],[111.880545,-7.212629],[111.880523,-7.212758],[111.880493,-7.212817],[111.880517,-7.21289],[111.880584,-7.212947],[111.88066,-7.212973],[111.880697,-7.212985],[111.880682,-7.212999],[111.880625,-7.21303],[111.88058,-7.21304],[111.88052,-7.213079],[111.880453,-7.213101],[111.880416,-7.213105],[111.880405,-7.213126],[111.880405,-7.213133],[111.88042,-7.213148],[111.880453,-7.213164],[111.880466,-7.21317],[111.88047,-7.213178],[111.880473,-7.213186],[111.880466,-7.213201],[111.880449,-7.213228],[111.880398,-7.213294],[111.880317,-7.213365],[111.88022,-7.213396],[111.880199,-7.213398],[111.880155,-7.213395],[111.880103,-7.213392],[111.880048,-7.213378],[111.880014,-7.213368],[111.880008,-7.213369],[111.87999,-7.213398],[111.879956,-7.213446],[111.879949,-7.213445],[111.879939,-7.213448],[111.879924,-7.213459],[111.879899,-7.213451],[111.879881,-7.213457],[111.879836,-7.213454],[111.879798,-7.21346],[111.879755,-7.213456],[111.879729,-7.21346],[111.879705,-7.213463],[111.8797,-7.213466],[111.8797,-7.213497],[111.879703,-7.213513],[111.879718,-7.21355],[111.879739,-7.213595],[111.879741,-7.213608],[111.879736,-7.21362],[111.87973,-7.213626],[111.879716,-7.213628],[111.879677,-7.21363],[111.879662,-7.213632],[111.879651,-7.213645],[111.879634,-7.21368],[111.879623,-7.213709],[111.879582,-7.213749],[111.879577,-7.213751],[111.87957,-7.213751],[111.879564,-7.213748],[111.879562,-7.213761],[111.879559,-7.213769],[111.879555,-7.213772],[111.87953,-7.213771],[111.879446,-7.21377],[111.87941,-7.213772],[111.87939,-7.213778],[111.879368,-7.213792],[111.879359,-7.213799],[111.87935,-7.213801],[111.879345,-7.213795],[111.879339,-7.213784],[111.87933,-7.213764],[111.879325,-7.21373]]]]}},{"type":"Feature","properties":{"GM_LAYER":"Unknown Area Type","id":null,"LAYER":"Unknown Area Type","MAP_NAME":"Sawah","PERIMETER":"1.264 km","ENCLOSED_A":"4.071 ha","ISLAND_ARE":"0 ha","LENGTH":null,"WIDTH":null},"geometry":{"type":"MultiPolygon","coordinates":[[[[111.878118,-7.210593],[111.878118,-7.210587],[111.878122,-7.210557],[111.878129,-7.210499],[111.878133,-7.210462],[111.878134,-7.210443],[111.878135,-7.210391],[111.878143,-7.21033],[111.878143,-7.210324],[111.87815,-7.210303],[111.878173,-7.210223],[111.878187,-7.210153],[111.878187,-7.21015],[111.878142,-7.210062],[111.878141,-7.210059],[111.87814,-7.210056],[111.878139,-7.209984],[111.87814,-7.209976],[111.878141,-7.209972],[111.878162,-7.209927],[111.878184,-7.209874],[111.878189,-7.209878],[111.878209,-7.209869],[111.878265,-7.209868],[111.878325,-7.209865],[111.878353,-7.209863],[111.878398,-7.209865],[111.878439,-7.209876],[111.87848,-7.209889],[111.87853,-7.209897],[111.878575,-7.209877],[111.878588,-7.209818],[111.878587,-7.209781],[111.878524,-7.209751],[111.87848,-7.20972],[111.878463,-7.209685],[111.878466,-7.209652],[111.878509,-7.209618],[111.878628,-7.209612],[111.878759,-7.209638],[111.878808,-7.20965],[111.878771,-7.209805],[111.878781,-7.209842],[111.878799,-7.209897],[111.878802,-7.209928],[111.878802,-7.209928],[111.878805,-7.209959],[111.878811,-7.210031],[111.878802,-7.210098],[111.878692,-7.21048],[111.878707,-7.210515],[111.878758,-7.210547],[111.878898,-7.210587],[111.879084,-7.2106],[111.879182,-7.210601],[111.879275,-7.210648],[111.879425,-7.210784],[111.879543,-7.210936],[111.879637,-7.211013],[111.879651,-7.21104],[111.879673,-7.211084],[111.879689,-7.21111],[111.879713,-7.211117],[111.8799,-7.21112],[111.879922,-7.211127],[111.879922,-7.211127],[111.879931,-7.21113],[111.879947,-7.211145],[111.879968,-7.211179],[111.87999,-7.211231],[111.880004,-7.211286],[111.880002,-7.211338],[111.879995,-7.211381],[111.88,-7.211399],[111.880015,-7.211409],[111.880027,-7.211409],[111.880117,-7.211426],[111.880125,-7.211437],[111.880128,-7.211446],[111.880137,-7.211464],[111.880144,-7.211492],[111.880162,-7.211508],[111.880181,-7.211516],[111.880214,-7.211524],[111.880253,-7.211526],[111.880363,-7.211532],[111.880371,-7.211536],[111.880374,-7.211522],[111.880403,-7.211546],[111.880395,-7.211587],[111.880384,-7.211646],[111.880373,-7.211711],[111.88035,-7.211858],[111.880324,-7.211974],[111.880307,-7.212037],[111.880285,-7.212103],[111.88026,-7.212171],[111.880243,-7.212213],[111.880225,-7.212246],[111.880204,-7.212293],[111.8802,-7.212304],[111.880184,-7.212305],[111.880174,-7.212305],[111.880163,-7.212305],[111.880155,-7.21231],[111.880151,-7.212319],[111.88013,-7.212366],[111.880128,-7.212374],[111.880121,-7.212425],[111.880114,-7.212485],[111.880109,-7.212528],[111.880105,-7.212572],[111.8801,-7.21262],[111.880091,-7.212666],[111.880082,-7.212708],[111.880071,-7.212749],[111.880054,-7.212797],[111.880043,-7.212816],[111.880029,-7.212836],[111.880017,-7.212849],[111.879993,-7.212873],[111.879953,-7.212918],[111.879918,-7.212959],[111.8799,-7.212977],[111.879875,-7.212996],[111.879841,-7.213017],[111.879801,-7.213039],[111.879784,-7.213049],[111.879764,-7.213058],[111.879746,-7.213066],[111.87973,-7.21307],[111.879705,-7.213075],[111.87968,-7.213081],[111.879651,-7.213086],[111.879628,-7.213091],[111.879603,-7.213095],[111.879584,-7.213097],[111.879546,-7.213098],[111.879512,-7.213097],[111.87949,-7.213094],[111.879415,-7.213085],[111.8795,-7.213094],[111.879485,-7.213088],[111.879472,-7.213083],[111.879459,-7.213071],[111.879457,-7.213066],[111.87946,-7.213061],[111.879475,-7.213051],[111.879477,-7.21304],[111.879478,-7.21302],[111.879475,-7.212991],[111.87946,-7.212945],[111.87944,-7.212909],[111.87942,-7.212882],[111.879383,-7.212807],[111.879368,-7.212787],[111.879362,-7.212775],[111.879343,-7.212762],[111.879331,-7.212758],[111.879324,-7.21275],[111.879319,-7.212732],[111.879319,-7.212724],[111.879365,-7.212707],[111.879412,-7.212692],[111.879447,-7.21268],[111.879496,-7.212673],[111.87953,-7.212668],[111.879561,-7.212666],[111.879566,-7.212665],[111.879568,-7.212662],[111.879567,-7.212628],[111.879564,-7.212613],[111.879556,-7.21259],[111.879536,-7.212545],[111.879518,-7.212517],[111.879507,-7.212504],[111.879449,-7.212429],[111.879442,-7.212416],[111.879438,-7.212407],[111.879437,-7.212368],[111.879439,-7.212301],[111.879439,-7.212261],[111.879436,-7.21224],[111.879433,-7.212212],[111.879433,-7.212193],[111.879433,-7.212184],[111.879463,-7.212127],[111.879497,-7.212061],[111.879504,-7.212051],[111.879505,-7.21204],[111.879498,-7.212034],[111.879486,-7.212027],[111.879452,-7.212023],[111.879415,-7.212015],[111.879381,-7.212003],[111.879298,-7.211965],[111.879268,-7.211945],[111.879234,-7.211925],[111.87918,-7.211899],[111.879124,-7.211869],[111.8791,-7.211856],[111.879083,-7.211856],[111.879054,-7.211857],[111.879035,-7.211866],[111.879017,-7.211871],[111.879013,-7.211872],[111.879013,-7.211872],[111.878998,-7.211874],[111.878984,-7.211879],[111.878983,-7.211879],[111.878983,-7.211879],[111.878982,-7.211881],[111.87897,-7.21189],[111.878954,-7.211919],[111.878926,-7.212013],[111.878915,-7.212056],[111.878915,-7.212056],[111.878915,-7.212056],[111.878915,-7.212056],[111.878914,-7.212058],[111.878908,-7.212093],[111.878911,-7.212122],[111.878916,-7.212146],[111.878914,-7.212163],[111.878904,-7.212191],[111.878914,-7.212201],[111.878884,-7.212196],[111.878863,-7.212194],[111.87883,-7.21219],[111.878809,-7.212185],[111.878789,-7.212179],[111.878757,-7.212162],[111.878726,-7.212127],[111.87872,-7.212116],[111.878706,-7.212074],[111.878701,-7.212034],[111.878697,-7.212034],[111.878693,-7.212005],[111.878693,-7.212005],[111.878685,-7.211929],[111.878672,-7.211904],[111.878632,-7.211815],[111.878612,-7.21175],[111.878609,-7.211724],[111.8786,-7.211691],[111.878594,-7.211655],[111.878584,-7.211619],[111.878547,-7.211526],[111.878512,-7.21147],[111.878489,-7.211443],[111.87847,-7.211426],[111.87844,-7.211413],[111.878363,-7.211392],[111.878336,-7.211366],[111.878322,-7.211326],[111.87831,-7.211214],[111.878305,-7.211085],[111.878306,-7.211086],[111.878296,-7.210957],[111.878286,-7.210852],[111.878292,-7.210761],[111.878299,-7.210681],[111.878299,-7.210678],[111.878285,-7.210676],[111.878243,-7.210665],[111.87821,-7.210655],[111.878172,-7.210646],[111.878153,-7.210637],[111.878139,-7.210627],[111.87813,-7.210616],[111.878123,-7.210607],[111.878118,-7.210593]]]]}},{"type":"Feature","properties":{"GM_LAYER":"Unknown Area Type","id":null,"LAYER":"Unknown Area Type","MAP_NAME":"Sawah","PERIMETER":"215.08 m","ENCLOSED_A":"0.1415 ha","ISLAND_ARE":"0 ha","LENGTH":null,"WIDTH":null},"geometry":{"type":"MultiPolygon","coordinates":[[[[111.880236,-7.212301],[111.880265,-7.21224],[111.880316,-7.212112],[111.880343,-7.212026],[111.880365,-7.211935],[111.880391,-7.211804],[111.8804,-7.211748],[111.880422,-7.211603],[111.88043,-7.211568],[111.880423,-7.211562],[111.880463,-7.211595],[111.880464,-7.211596],[111.880447,-7.211691],[111.880705,-7.211768],[111.88071,-7.211771],[111.880714,-7.211776],[111.880717,-7.211782],[111.880719,-7.211789],[111.880719,-7.211789],[111.880719,-7.211793],[111.880717,-7.211801],[111.880685,-7.211837],[111.880654,-7.211878],[111.880593,-7.211957],[111.880599,-7.211964],[111.880595,-7.211969],[111.880589,-7.211973],[111.880564,-7.211992],[111.880518,-7.212028],[111.880493,-7.212051],[111.880475,-7.212069],[111.880463,-7.212084],[111.880449,-7.212102],[111.880422,-7.212139],[111.880404,-7.212163],[111.880386,-7.21219],[111.880354,-7.212228],[111.880311,-7.212272],[111.880285,-7.212296],[111.880272,-7.212298],[111.880236,-7.212301]]]]}},{"type":"Feature","properties":{"GM_LAYER":"Unknown Area Type","id":null,"LAYER":"Unknown Area Type","MAP_NAME":"Sawah","PERIMETER":"27.929 km","ENCLOSED_A":"557.66 ha","ISLAND_ARE":"5.195 ha","LENGTH":null,"WIDTH":null},"geometry":{"type":"MultiPolygon","coordinates":[[[[111.920887,-7.207981],[111.920888,-7.208006],[111.920893,-7.208021],[111.920904,-7.208027],[111.921004,-7.208045],[111.921216,-7.208093],[111.921408,-7.208133],[111.921616,-7.208187],[111.921757,-7.20823],[111.921656,-7.208419],[111.92164,-7.208452],[111.921552,-7.208612],[111.92146,-7.208797],[111.921373,-7.208952],[111.92123,-7.209205],[111.921058,-7.209508],[111.920972,-7.209656],[111.920839,-7.209881],[111.920789,-7.209964],[111.920752,-7.210025],[111.920776,-7.210027],[111.920825,-7.209945],[111.920872,-7.209864],[111.920942,-7.209745],[111.921,-7.209648],[111.921049,-7.209563],[111.921105,-7.20947],[111.921176,-7.209347],[111.921231,-7.209247],[111.921296,-7.209136],[111.921356,-7.209034],[111.921455,-7.208854],[111.921576,-7.208629],[111.921588,-7.208601],[111.921597,-7.20859],[111.921609,-7.208591],[111.921627,-7.208599],[111.921655,-7.208606],[111.921677,-7.20861],[111.921684,-7.208618],[111.921674,-7.208648],[111.921623,-7.208748],[111.921497,-7.208971],[111.92149,-7.208983],[111.921507,-7.208991],[111.921509,-7.208996],[111.921357,-7.209258],[111.921187,-7.209553],[111.921176,-7.209576],[111.921137,-7.209648],[111.920969,-7.209944],[111.920911,-7.210043],[111.920976,-7.21005],[111.920794,-7.210362],[111.92049,-7.21089],[111.920353,-7.211131],[111.920344,-7.21115],[111.920283,-7.211145],[111.920273,-7.211163],[111.920269,-7.211175],[111.920244,-7.211229],[111.920228,-7.211264],[111.920282,-7.211267],[111.920226,-7.211375],[111.920027,-7.211756],[111.919803,-7.212179],[111.91962,-7.212541],[111.91937,-7.213025],[111.919265,-7.213226],[111.919186,-7.213231],[111.919131,-7.21333],[111.919049,-7.213467],[111.918944,-7.213615],[111.918863,-7.213728],[111.918777,-7.213832],[111.918691,-7.213935],[111.918623,-7.214018],[111.91854,-7.214117],[111.918447,-7.214221],[111.918376,-7.214304],[111.918354,-7.21433],[111.91834,-7.214346],[111.918319,-7.214373],[111.918272,-7.214416],[111.918231,-7.214459],[111.918202,-7.214491],[111.918172,-7.214527],[111.918141,-7.214558],[111.918132,-7.214583],[111.918119,-7.214588],[111.918073,-7.214608],[111.918048,-7.214627],[111.918024,-7.214651],[111.917992,-7.214692],[111.917962,-7.214731],[111.917944,-7.214762],[111.917941,-7.214794],[111.917939,-7.214809],[111.917923,-7.214844],[111.917892,-7.214892],[111.917846,-7.214959],[111.91776,-7.215071],[111.917702,-7.215143],[111.917637,-7.215222],[111.917561,-7.215302],[111.917517,-7.215352],[111.917483,-7.215319],[111.91743,-7.21528],[111.917306,-7.215198],[111.917287,-7.215188],[111.917288,-7.215178],[111.91729,-7.21515],[111.917282,-7.215125],[111.917268,-7.215108],[111.91725,-7.215095],[111.917226,-7.215081],[111.917191,-7.215067],[111.917161,-7.21506],[111.917146,-7.215058],[111.917103,-7.215044],[111.91701,-7.215015],[111.91696,-7.215001],[111.916885,-7.214986],[111.916839,-7.214976],[111.916794,-7.214968],[111.916722,-7.21495],[111.916648,-7.214931],[111.916614,-7.214922],[111.916582,-7.214933],[111.916509,-7.214954],[111.916486,-7.214962],[111.916478,-7.21499],[111.916462,-7.215028],[111.916445,-7.215074],[111.916415,-7.215147],[111.916395,-7.215208],[111.916387,-7.215225],[111.916372,-7.215224],[111.916331,-7.215209],[111.91627,-7.215187],[111.916214,-7.215168],[111.916096,-7.215132],[111.916047,-7.215116],[111.91604,-7.215116],[111.916034,-7.21512],[111.91603,-7.21513],[111.916024,-7.215146],[111.91601,-7.215167],[111.915999,-7.215178],[111.91599,-7.215181],[111.915981,-7.215178],[111.915952,-7.215163],[111.915923,-7.215151],[111.915875,-7.215134],[111.915824,-7.215116],[111.915777,-7.215101],[111.915737,-7.215086],[111.915713,-7.215078],[111.915688,-7.215064],[111.915675,-7.215058],[111.91564,-7.215046],[111.915604,-7.215036],[111.915574,-7.215024],[111.915537,-7.215015],[111.915498,-7.215008],[111.915471,-7.215003],[111.915461,-7.214998],[111.915455,-7.214989],[111.915451,-7.214975],[111.915445,-7.214955],[111.915441,-7.214935],[111.915437,-7.214919],[111.915431,-7.214902],[111.915428,-7.214889],[111.915423,-7.214889],[111.915402,-7.214887],[111.915383,-7.214886],[111.915358,-7.214882],[111.915349,-7.21488],[111.915343,-7.214875],[111.915339,-7.214868],[111.915336,-7.214852],[111.915332,-7.214823],[111.915332,-7.214787],[111.915332,-7.214768],[111.915334,-7.214748],[111.915334,-7.214741],[111.915324,-7.214738],[111.915301,-7.214728],[111.915275,-7.214714],[111.915233,-7.21469],[111.915206,-7.214672],[111.915185,-7.214654],[111.915155,-7.214628],[111.915133,-7.214602],[111.915102,-7.21457],[111.915076,-7.214544],[111.915059,-7.214532],[111.915032,-7.214512],[111.914996,-7.214488],[111.914964,-7.21447],[111.914933,-7.214456],[111.914909,-7.214444],[111.914886,-7.214434],[111.914854,-7.214416],[111.914824,-7.214399],[111.914811,-7.21439],[111.914801,-7.214381],[111.914786,-7.214352],[111.914778,-7.214332],[111.914773,-7.214311],[111.914767,-7.214289],[111.914759,-7.214259],[111.914748,-7.214219],[111.914742,-7.214197],[111.914739,-7.214183],[111.91474,-7.214175],[111.914749,-7.214159],[111.91477,-7.214139],[111.914795,-7.21412],[111.914826,-7.214099],[111.91487,-7.214059],[111.914889,-7.214034],[111.914897,-7.214009],[111.9149,-7.213988],[111.914901,-7.213964],[111.914897,-7.213941],[111.91489,-7.213914],[111.91488,-7.213889],[111.914865,-7.213856],[111.914852,-7.213827],[111.91484,-7.213813],[111.914818,-7.213793],[111.914801,-7.213782],[111.914788,-7.213766],[111.914783,-7.213758],[111.914785,-7.213747],[111.914793,-7.21372],[111.914811,-7.213686],[111.914847,-7.213616],[111.914883,-7.21354],[111.914904,-7.213497],[111.914886,-7.213498],[111.914883,-7.213503],[111.914865,-7.213539],[111.914851,-7.213569],[111.914833,-7.213607],[111.914815,-7.213646],[111.914793,-7.213691],[111.914776,-7.213726],[111.914763,-7.213754],[111.914763,-7.213764],[111.91477,-7.213775],[111.914784,-7.21379],[111.914803,-7.213808],[111.914821,-7.213824],[111.914832,-7.213837],[111.914843,-7.213854],[111.914857,-7.213881],[111.914865,-7.213904],[111.914876,-7.213934],[111.914881,-7.213952],[111.914882,-7.213967],[111.914882,-7.213977],[111.914882,-7.213996],[111.914877,-7.214016],[111.914869,-7.214034],[111.914853,-7.21405],[111.914817,-7.214083],[111.914787,-7.214107],[111.914748,-7.214138],[111.914735,-7.214152],[111.914726,-7.214168],[111.914724,-7.214181],[111.914727,-7.214203],[111.914729,-7.214223],[111.914739,-7.214254],[111.914749,-7.214293],[111.914758,-7.21433],[111.914762,-7.214344],[111.914772,-7.214366],[111.914776,-7.214374],[111.914797,-7.214399],[111.914821,-7.214416],[111.914832,-7.214424],[111.914897,-7.214458],[111.914963,-7.214493],[111.915001,-7.214511],[111.914997,-7.214529],[111.91499,-7.214551],[111.914979,-7.214573],[111.914968,-7.214592],[111.914954,-7.21461],[111.91494,-7.214624],[111.914925,-7.214635],[111.914912,-7.214644],[111.914903,-7.214648],[111.914886,-7.214641],[111.914861,-7.214627],[111.914827,-7.214606],[111.914767,-7.214576],[111.914739,-7.214564],[111.9147,-7.21454],[111.914651,-7.214511],[111.914582,-7.214466],[111.914434,-7.214373],[111.914353,-7.214326],[111.914289,-7.214284],[111.914277,-7.214301],[111.91425,-7.21435],[111.914242,-7.214352],[111.914234,-7.214347],[111.914228,-7.214347],[111.914219,-7.214358],[111.914208,-7.214379],[111.914183,-7.214423],[111.914145,-7.214486],[111.914126,-7.214505],[111.914109,-7.21452],[111.914094,-7.214532],[111.914079,-7.214534],[111.914063,-7.214544],[111.914047,-7.214559],[111.914026,-7.214584],[111.914008,-7.214622],[111.913978,-7.214647],[111.913898,-7.21474],[111.913863,-7.214775],[111.913848,-7.214782],[111.913839,-7.214769],[111.913835,-7.214711],[111.913829,-7.214622],[111.913825,-7.214584],[111.91382,-7.214538],[111.913822,-7.214489],[111.913814,-7.214432],[111.913814,-7.214381],[111.913817,-7.214327],[111.913819,-7.2143],[111.913817,-7.21427],[111.913813,-7.214247],[111.913805,-7.214226],[111.913801,-7.214209],[111.913796,-7.214169],[111.913792,-7.214146],[111.913787,-7.214126],[111.913787,-7.214107],[111.913784,-7.214078],[111.913781,-7.21405],[111.913778,-7.214015],[111.913771,-7.213967],[111.913763,-7.213933],[111.913751,-7.213894],[111.913746,-7.213873],[111.91375,-7.213859],[111.913758,-7.213847],[111.913759,-7.213828],[111.913754,-7.213774],[111.913754,-7.213681],[111.913754,-7.213664],[111.913746,-7.213654],[111.913729,-7.213651],[111.913718,-7.213646],[111.913718,-7.213629],[111.913722,-7.213589],[111.913724,-7.21357],[111.913583,-7.213579],[111.913588,-7.213629],[111.913592,-7.213669],[111.913592,-7.213737],[111.913601,-7.21384],[111.913608,-7.213942],[111.913617,-7.214005],[111.913623,-7.214078],[111.913627,-7.214219],[111.91364,-7.214362],[111.913652,-7.214469],[111.913655,-7.214499],[111.913664,-7.214543],[111.913678,-7.214652],[111.913687,-7.214753],[111.913698,-7.21485],[111.913707,-7.214941],[111.913712,-7.215037],[111.913717,-7.215125],[111.913724,-7.215229],[111.913729,-7.215297],[111.913741,-7.215385],[111.913744,-7.215434],[111.913751,-7.215515],[111.91376,-7.215603],[111.913766,-7.215702],[111.913776,-7.215793],[111.913787,-7.215872],[111.9138,-7.215979],[111.913822,-7.216154],[111.913831,-7.216247],[111.913832,-7.216357],[111.913837,-7.216438],[111.913847,-7.216637],[111.913821,-7.216629],[111.913793,-7.216609],[111.913766,-7.216583],[111.913728,-7.21655],[111.913711,-7.216537],[111.913694,-7.216526],[111.913672,-7.216519],[111.91365,-7.216509],[111.913614,-7.216492],[111.913591,-7.216479],[111.91355,-7.21645],[111.913497,-7.216415],[111.913456,-7.216393],[111.913441,-7.216391],[111.913424,-7.216393],[111.913334,-7.21638],[111.913269,-7.216367],[111.91321,-7.216356],[111.913149,-7.216339],[111.913064,-7.216322],[111.913002,-7.216306],[111.912937,-7.21629],[111.912885,-7.21628],[111.912841,-7.216269],[111.912802,-7.216258],[111.912755,-7.216242],[111.912706,-7.216224],[111.912669,-7.216213],[111.912624,-7.216199],[111.91258,-7.216184],[111.912555,-7.216177],[111.912525,-7.21617],[111.91249,-7.216162],[111.912464,-7.216152],[111.912442,-7.216144],[111.912429,-7.216135],[111.912421,-7.216127],[111.912413,-7.216121],[111.9124,-7.216114],[111.91238,-7.216105],[111.912359,-7.216097],[111.912336,-7.21609],[111.912298,-7.216077],[111.912265,-7.216064],[111.912229,-7.216051],[111.912165,-7.21603],[111.912141,-7.216024],[111.912119,-7.216022],[111.912104,-7.216022],[111.912087,-7.216018],[111.91207,-7.216008],[111.912048,-7.215996],[111.911996,-7.215971],[111.911943,-7.215948],[111.911906,-7.215934],[111.91186,-7.215913],[111.911836,-7.215901],[111.911801,-7.215891],[111.911757,-7.215879],[111.911717,-7.215868],[111.911658,-7.215855],[111.911631,-7.215848],[111.91161,-7.215845],[111.911581,-7.215846],[111.911559,-7.215844],[111.911529,-7.215838],[111.911503,-7.215829],[111.911453,-7.215814],[111.911419,-7.215803],[111.911404,-7.215798],[111.911391,-7.215799],[111.911387,-7.215807],[111.911362,-7.215918],[111.911354,-7.215942],[111.911343,-7.215942],[111.911318,-7.215934],[111.911276,-7.215916],[111.911237,-7.215894],[111.911189,-7.215864],[111.911144,-7.215835],[111.911129,-7.215825],[111.911108,-7.215819],[111.911054,-7.215804],[111.910985,-7.215783],[111.910841,-7.215741],[111.910786,-7.215725],[111.910737,-7.215716],[111.910693,-7.215715],[111.91065,-7.215709],[111.910613,-7.215699],[111.91055,-7.215678],[111.910495,-7.215663],[111.910442,-7.215647],[111.910387,-7.215626],[111.910329,-7.215605],[111.910293,-7.215586],[111.91026,-7.215565],[111.910229,-7.215551],[111.910184,-7.215536],[111.910146,-7.215524],[111.910097,-7.215504],[111.910048,-7.21548],[111.91,-7.215453],[111.909955,-7.215434],[111.909925,-7.215418],[111.909802,-7.215361],[111.909763,-7.215346],[111.909744,-7.215346],[111.909716,-7.215353],[111.909688,-7.215361],[111.909651,-7.215378],[111.909626,-7.215387],[111.909601,-7.215394],[111.909579,-7.215395],[111.909555,-7.215392],[111.909528,-7.215389],[111.909495,-7.215381],[111.909453,-7.215375],[111.909406,-7.215372],[111.909378,-7.215375],[111.909358,-7.215373],[111.909329,-7.215367],[111.909297,-7.215358],[111.909242,-7.215346],[111.909201,-7.215336],[111.909156,-7.215325],[111.909097,-7.21531],[111.909047,-7.215296],[111.908986,-7.215282],[111.908967,-7.21528],[111.908955,-7.215282],[111.908943,-7.215291],[111.908934,-7.215306],[111.908922,-7.215338],[111.908913,-7.21536],[111.908905,-7.215361],[111.90889,-7.215356],[111.908861,-7.215345],[111.908842,-7.215337],[111.908781,-7.215324],[111.90871,-7.215308],[111.90863,-7.215294],[111.908554,-7.215285],[111.908487,-7.215276],[111.908419,-7.215265],[111.9083,-7.215236],[111.908182,-7.215212],[111.908158,-7.215207],[111.908139,-7.21521],[111.908121,-7.215311],[111.908099,-7.21544],[111.908082,-7.215479],[111.908071,-7.215481],[111.908052,-7.215476],[111.908023,-7.215462],[111.907979,-7.215439],[111.907914,-7.215414],[111.907855,-7.215387],[111.907815,-7.215364],[111.907755,-7.215338],[111.907722,-7.215326],[111.907684,-7.215312],[111.907632,-7.215291],[111.907571,-7.215268],[111.907527,-7.215255],[111.90745,-7.215234],[111.907386,-7.215216],[111.907319,-7.215194],[111.907268,-7.215181],[111.907197,-7.215163],[111.907119,-7.215147],[111.907011,-7.215127],[111.906916,-7.215106],[111.90688,-7.215096],[111.906861,-7.215095],[111.906852,-7.215099],[111.906844,-7.21511],[111.906835,-7.215133],[111.906823,-7.215176],[111.906813,-7.215209],[111.906808,-7.215233],[111.906806,-7.215252],[111.906809,-7.215267],[111.906816,-7.215282],[111.906826,-7.2153],[111.906844,-7.215319],[111.906869,-7.215346],[111.906886,-7.215365],[111.906898,-7.215379],[111.906904,-7.215395],[111.906905,-7.215417],[111.906901,-7.215444],[111.906905,-7.215471],[111.906914,-7.215483],[111.906941,-7.215496],[111.906961,-7.215508],[111.906972,-7.215525],[111.906963,-7.215559],[111.906948,-7.215599],[111.906932,-7.215596],[111.906829,-7.215559],[111.906626,-7.215483],[111.906442,-7.215399],[111.906219,-7.215319],[111.906089,-7.215265],[111.905959,-7.215204],[111.905885,-7.215162],[111.905828,-7.215135],[111.905773,-7.215115],[111.905728,-7.215107],[111.905666,-7.215094],[111.905599,-7.215079],[111.905528,-7.215062],[111.905482,-7.215051],[111.905462,-7.215041],[111.905445,-7.215027],[111.905438,-7.215016],[111.905443,-7.214987],[111.905455,-7.214931],[111.905461,-7.214903],[111.905456,-7.214903],[111.905371,-7.214894],[111.905232,-7.214889],[111.904984,-7.214864],[111.904815,-7.214857],[111.904822,-7.214825],[111.904835,-7.214747],[111.904873,-7.21457],[111.904875,-7.214461],[111.904886,-7.214271],[111.904895,-7.214207],[111.904729,-7.214167],[111.904736,-7.214129],[111.904447,-7.214147],[111.904445,-7.214164],[111.90444,-7.214216],[111.904433,-7.214268],[111.904432,-7.214335],[111.904424,-7.214389],[111.904413,-7.21446],[111.904401,-7.214534],[111.904385,-7.214597],[111.904359,-7.214679],[111.90433,-7.214775],[111.904285,-7.214888],[111.904257,-7.214929],[111.904238,-7.214943],[111.904137,-7.214953],[111.903936,-7.214944],[111.903835,-7.214944],[111.903833,-7.214816],[111.903514,-7.214783],[111.903494,-7.21478],[111.903475,-7.214782],[111.90346,-7.214789],[111.90344,-7.214879],[111.903427,-7.214925],[111.90341,-7.214931],[111.902942,-7.214902],[111.902721,-7.214878],[111.902684,-7.214863],[111.902596,-7.21482],[111.902544,-7.214782],[111.902518,-7.214755],[111.90228,-7.214732],[111.902023,-7.214712],[111.901619,-7.214707],[111.901403,-7.214673],[111.900994,-7.214647],[111.90063,-7.214644],[111.900377,-7.214641],[111.900147,-7.214635],[111.900038,-7.214651],[111.899968,-7.214663],[111.899938,-7.214656],[111.899927,-7.214644],[111.899919,-7.214609],[111.899918,-7.214595],[111.899805,-7.214606],[111.899809,-7.214699],[111.899801,-7.214713],[111.899711,-7.214724],[111.899499,-7.214752],[111.89913,-7.214827],[111.898722,-7.214938],[111.898125,-7.215148],[111.897986,-7.21522],[111.897968,-7.215229],[111.897978,-7.215267],[111.897987,-7.215287],[111.897987,-7.21538],[111.897979,-7.215466],[111.897996,-7.215534],[111.898003,-7.215564],[111.898025,-7.215562],[111.898051,-7.215563],[111.898057,-7.215565],[111.898096,-7.215779],[111.898091,-7.215817],[111.898086,-7.215838],[111.898087,-7.21584],[111.898089,-7.215842],[111.898101,-7.215843],[111.898258,-7.215837],[111.898393,-7.215838],[111.898603,-7.215849],[111.898692,-7.215851],[111.898799,-7.215866],[111.898833,-7.215874],[111.898891,-7.215912],[111.89895,-7.215949],[111.898991,-7.21596],[111.899156,-7.215986],[111.899218,-7.215986],[111.899291,-7.215978],[111.899379,-7.215965],[111.899456,-7.21596],[111.899475,-7.215951],[111.899498,-7.215932],[111.899505,-7.215929],[111.899518,-7.21593],[111.899618,-7.216001],[111.899649,-7.215996],[111.899693,-7.215985],[111.899743,-7.21598],[111.899784,-7.215978],[111.899835,-7.21599],[111.899859,-7.216015],[111.89987,-7.216038],[111.899883,-7.21634],[111.892337,-7.216429],[111.89238,-7.216304],[111.892406,-7.216132],[111.892418,-7.216039],[111.892411,-7.216032],[111.892397,-7.216026],[111.892366,-7.216022],[111.892347,-7.216019],[111.892331,-7.216],[111.892301,-7.215967],[111.892273,-7.215936],[111.892262,-7.215926],[111.892261,-7.215918],[111.892269,-7.21579],[111.892248,-7.215669],[111.892216,-7.215555],[111.892195,-7.215522],[111.892173,-7.215508],[111.89212,-7.215455],[111.892037,-7.2154],[111.891999,-7.215366],[111.891946,-7.215329],[111.891921,-7.215264],[111.891878,-7.215207],[111.891827,-7.215157],[111.891752,-7.215093],[111.891674,-7.215097],[111.891697,-7.215122],[111.891771,-7.215179],[111.89182,-7.215231],[111.891847,-7.215291],[111.891882,-7.215368],[111.891931,-7.215426],[111.89196,-7.215443],[111.892017,-7.215472],[111.892071,-7.215495],[111.892133,-7.215531],[111.89216,-7.215555],[111.892184,-7.21559],[111.892195,-7.21563],[111.892228,-7.215791],[111.892234,-7.215859],[111.892233,-7.215933],[111.892247,-7.215965],[111.892279,-7.215997],[111.892287,-7.216011],[111.892286,-7.216047],[111.892277,-7.216126],[111.892272,-7.216253],[111.892268,-7.216365],[111.892261,-7.216432],[111.890284,-7.216398],[111.890353,-7.216304],[111.890371,-7.216252],[111.890386,-7.216153],[111.890393,-7.216059],[111.890405,-7.215978],[111.890411,-7.215959],[111.890417,-7.215942],[111.89042,-7.215938],[111.890427,-7.215937],[111.89044,-7.215939],[111.890493,-7.215959],[111.890525,-7.21597],[111.890582,-7.215983],[111.890615,-7.215985],[111.890656,-7.215983],[111.890691,-7.21596],[111.890746,-7.215922],[111.890759,-7.215891],[111.890754,-7.215852],[111.890733,-7.215793],[111.890718,-7.215748],[111.890725,-7.215724],[111.890749,-7.215665],[111.890774,-7.215613],[111.890784,-7.215496],[111.890779,-7.215423],[111.890785,-7.215401],[111.890806,-7.215376],[111.890869,-7.215297],[111.890914,-7.215206],[111.890914,-7.215162],[111.890898,-7.215125],[111.890633,-7.21513],[111.890633,-7.21513],[111.890689,-7.215171],[111.890713,-7.21519],[111.890728,-7.215212],[111.89073,-7.215226],[111.890724,-7.21524],[111.890705,-7.215257],[111.890689,-7.215265],[111.890662,-7.21528],[111.890625,-7.215307],[111.890618,-7.215322],[111.890621,-7.215364],[111.890634,-7.215455],[111.890652,-7.215522],[111.890654,-7.215549],[111.890653,-7.215585],[111.890631,-7.21565],[111.89061,-7.215715],[111.890603,-7.215742],[111.890605,-7.215777],[111.890606,-7.215803],[111.890601,-7.215835],[111.890595,-7.215843],[111.890583,-7.215847],[111.890572,-7.215847],[111.890548,-7.215839],[111.890524,-7.215827],[111.890455,-7.215796],[111.89041,-7.215786],[111.89037,-7.215784],[111.890349,-7.215788],[111.890325,-7.215796],[111.890296,-7.215818],[111.890288,-7.215843],[111.890284,-7.215889],[111.890265,-7.216002],[111.890257,-7.21609],[111.890252,-7.216145],[111.890244,-7.216189],[111.890236,-7.216217],[111.89023,-7.216246],[111.890215,-7.21627],[111.890164,-7.216337],[111.890121,-7.216375],[111.885484,-7.216295],[111.885609,-7.215909],[111.885782,-7.215393],[111.885693,-7.215387],[111.88569,-7.215394],[111.885648,-7.215518],[111.885659,-7.215523],[111.885665,-7.215529],[111.885554,-7.215874],[111.885427,-7.216294],[111.881705,-7.216229],[111.880949,-7.215906],[111.880133,-7.215562],[111.880121,-7.215544],[111.880113,-7.215529],[111.880112,-7.215514],[111.880209,-7.215289],[111.880221,-7.215277],[111.880225,-7.215272],[111.880226,-7.215265],[111.880133,-7.215227],[111.880105,-7.215206],[111.880098,-7.215192],[111.88008,-7.215134],[111.880084,-7.215083],[111.880099,-7.215015],[111.880116,-7.214981],[111.880182,-7.214739],[111.880217,-7.214617],[111.880235,-7.214582],[111.88033,-7.214413],[111.880398,-7.214308],[111.880418,-7.214282],[111.880439,-7.214263],[111.880471,-7.214253],[111.88051,-7.214236],[111.880533,-7.214225],[111.880538,-7.214221],[111.880539,-7.214212],[111.88054,-7.214202],[111.88054,-7.214173],[111.880547,-7.214161],[111.880746,-7.213871],[111.880752,-7.213863],[111.880904,-7.21363],[111.880962,-7.213576],[111.881017,-7.213535],[111.8811,-7.213482],[111.881167,-7.213442],[111.881306,-7.213398],[111.881437,-7.213366],[111.881563,-7.213337],[111.88169,-7.213323],[111.88174,-7.213324],[111.881785,-7.213332],[111.881818,-7.213347],[111.881842,-7.21337],[111.881857,-7.213386],[111.881875,-7.213402],[111.88189,-7.213408],[111.881914,-7.213408],[111.881939,-7.213391],[111.881953,-7.213374],[111.88197,-7.21337],[111.881997,-7.21337],[111.882037,-7.213373],[111.882065,-7.213369],[111.882093,-7.213354],[111.882117,-7.21334],[111.882121,-7.213324],[111.882117,-7.213309],[111.882101,-7.213286],[111.882081,-7.213273],[111.882062,-7.213266],[111.882037,-7.213267],[111.882021,-7.213268],[111.882001,-7.213232],[111.881991,-7.213218],[111.88198,-7.2132],[111.881979,-7.213172],[111.881982,-7.213156],[111.881986,-7.21313],[111.881992,-7.213123],[111.881999,-7.21312],[111.882017,-7.213121],[111.882033,-7.213113],[111.882049,-7.213096],[111.882055,-7.213086],[111.882053,-7.213072],[111.88205,-7.213057],[111.882044,-7.213047],[111.882037,-7.213042],[111.882031,-7.213034],[111.882022,-7.213011],[111.882003,-7.212926],[111.881991,-7.212854],[111.881992,-7.212827],[111.881999,-7.212827],[111.882062,-7.21283],[111.882109,-7.212838],[111.882175,-7.212852],[111.882243,-7.212883],[111.882266,-7.212892],[111.882288,-7.212921],[111.882302,-7.212934],[111.882324,-7.212937],[111.882339,-7.212937],[111.88235,-7.212926],[111.88236,-7.212907],[111.882394,-7.212892],[111.882423,-7.212888],[111.882501,-7.212901],[111.882544,-7.2129],[111.88259,-7.212898],[111.882612,-7.212897],[111.882625,-7.212899],[111.882648,-7.212901],[111.88267,-7.212899],[111.882691,-7.212887],[111.882718,-7.212878],[111.882746,-7.212875],[111.882778,-7.212879],[111.882793,-7.21288],[111.882797,-7.212879],[111.882799,-7.212874],[111.882802,-7.212843],[111.882811,-7.21283],[111.882821,-7.212825],[111.882849,-7.212828],[111.883402,-7.212898],[111.883419,-7.212888],[111.883426,-7.212875],[111.883479,-7.212814],[111.883487,-7.212811],[111.883493,-7.21281],[111.883618,-7.212896],[111.88362,-7.212902],[111.883618,-7.212908],[111.88356,-7.21297],[111.883559,-7.212982],[111.883557,-7.213003],[111.883541,-7.213026],[111.883541,-7.213026],[111.883537,-7.213032],[111.883481,-7.213096],[111.883462,-7.213101],[111.883434,-7.213107],[111.883403,-7.213111],[111.883381,-7.213126],[111.883379,-7.213128],[111.883402,-7.213175],[111.883417,-7.213187],[111.883435,-7.213211],[111.88347,-7.213234],[111.883518,-7.213228],[111.88353,-7.213208],[111.883522,-7.213182],[111.883503,-7.21315],[111.883506,-7.213133],[111.883532,-7.213114],[111.883556,-7.213113],[111.88359,-7.213138],[111.883634,-7.213175],[111.883672,-7.21321],[111.883708,-7.213219],[111.883739,-7.213216],[111.883766,-7.213191],[111.883761,-7.213139],[111.883743,-7.213108],[111.883711,-7.213074],[111.8837,-7.213041],[111.883716,-7.213008],[111.883788,-7.212986],[111.88388,-7.212992],[111.883979,-7.213003],[111.884102,-7.213028],[111.884062,-7.213245],[111.884036,-7.21325],[111.883958,-7.213257],[111.883868,-7.213272],[111.883772,-7.213298],[111.883632,-7.213323],[111.883592,-7.213347],[111.883557,-7.213399],[111.88354,-7.213446],[111.88352,-7.21353],[111.883467,-7.213608],[111.883403,-7.213648],[111.883228,-7.213709],[111.883248,-7.213779],[111.883257,-7.213838],[111.883273,-7.213861],[111.883304,-7.213876],[111.883339,-7.213882],[111.883531,-7.213909],[111.883536,-7.213903],[111.88354,-7.213862],[111.883552,-7.213818],[111.883559,-7.213771],[111.883577,-7.213753],[111.883601,-7.21374],[111.883625,-7.213736],[111.883853,-7.213766],[111.883871,-7.213759],[111.883878,-7.213743],[111.883898,-7.213705],[111.88392,-7.21368],[111.883945,-7.213666],[111.883984,-7.213657],[111.884083,-7.213656],[111.884098,-7.213657],[111.884113,-7.213638],[111.884129,-7.213609],[111.884143,-7.213594],[111.884196,-7.213564],[111.884235,-7.213553],[111.88431,-7.213561],[111.884709,-7.213638],[111.884727,-7.213633],[111.884737,-7.213612],[111.884758,-7.213471],[111.884783,-7.213382],[111.884819,-7.213277],[111.884843,-7.213227],[111.88487,-7.213184],[111.88487,-7.213184],[111.884928,-7.213093],[111.885054,-7.21286],[111.885177,-7.212751],[111.885246,-7.212666],[111.885313,-7.212582],[111.885354,-7.212514],[111.885398,-7.212434],[111.885414,-7.212414],[111.885428,-7.212401],[111.885463,-7.212387],[111.885503,-7.212374],[111.885946,-7.212389],[111.886176,-7.212388],[111.886476,-7.212369],[111.88652,-7.21237],[111.886527,-7.212565],[111.886533,-7.212608],[111.886499,-7.212698],[111.886481,-7.21276],[111.886486,-7.212809],[111.886487,-7.212854],[111.886482,-7.212871],[111.886464,-7.212893],[111.88639,-7.212877],[111.886331,-7.213051],[111.886273,-7.213157],[111.886269,-7.213167],[111.886354,-7.213199],[111.886358,-7.213204],[111.886324,-7.213276],[111.886479,-7.213283],[111.886507,-7.213222],[111.886565,-7.213071],[111.886604,-7.212883],[111.886644,-7.212724],[111.886702,-7.212507],[111.886719,-7.212497],[111.886768,-7.2125],[111.886792,-7.212402],[111.886805,-7.212394],[111.886828,-7.212396],[111.886878,-7.212154],[111.886865,-7.212145],[111.886852,-7.212132],[111.88691,-7.211951],[111.886939,-7.211893],[111.886951,-7.211839],[111.886959,-7.211782],[111.886974,-7.21173],[111.887003,-7.21171],[111.887032,-7.211689],[111.887032,-7.211657],[111.887037,-7.211625],[111.887052,-7.211577],[111.887099,-7.211425],[111.887124,-7.211348],[111.887163,-7.211228],[111.88719,-7.211137],[111.887211,-7.211073],[111.887232,-7.21101],[111.887286,-7.210834],[111.887324,-7.210711],[111.887341,-7.210663],[111.887373,-7.210569],[111.887397,-7.210476],[111.88741,-7.210432],[111.88742,-7.210404],[111.887427,-7.210384],[111.887443,-7.210335],[111.887457,-7.210288],[111.887478,-7.210231],[111.887492,-7.210188],[111.887498,-7.210175],[111.887515,-7.210134],[111.887533,-7.210097],[111.887539,-7.210082],[111.88755,-7.210071],[111.887568,-7.21005],[111.887589,-7.210027],[111.887601,-7.210014],[111.887615,-7.210005],[111.887631,-7.209997],[111.887659,-7.209985],[111.887721,-7.209959],[111.887794,-7.209931],[111.887884,-7.209893],[111.887914,-7.209879],[111.887948,-7.209863],[111.887975,-7.209843],[111.888077,-7.209779],[111.888124,-7.209734],[111.888224,-7.209616],[111.888239,-7.209593],[111.888256,-7.209555],[111.888292,-7.209439],[111.888327,-7.209326],[111.888374,-7.209192],[111.888424,-7.209043],[111.888463,-7.208921],[111.888504,-7.208825],[111.888537,-7.208742],[111.888577,-7.208643],[111.888649,-7.208445],[111.888678,-7.208357],[111.888697,-7.208308],[111.888734,-7.208223],[111.888796,-7.2081],[111.888831,-7.208021],[111.88887,-7.207926],[111.888907,-7.207836],[111.888935,-7.207762],[111.888956,-7.207697],[111.888973,-7.207657],[111.888995,-7.207591],[111.889025,-7.207501],[111.889058,-7.207407],[111.889082,-7.207327],[111.889139,-7.207162],[111.889153,-7.207101],[111.889157,-7.20708],[111.889162,-7.207052],[111.889172,-7.207009],[111.889181,-7.206964],[111.889185,-7.206939],[111.889123,-7.206936],[111.889133,-7.206882],[111.889119,-7.206789],[111.889029,-7.206646],[111.88884,-7.206474],[111.888355,-7.206144],[111.887901,-7.205858],[111.887722,-7.205788],[111.887742,-7.205737],[111.887823,-7.205735],[111.887827,-7.205735],[111.887829,-7.205735],[111.887833,-7.205735],[111.887843,-7.205734],[111.887824,-7.205723],[111.887779,-7.205694],[111.887716,-7.205648],[111.887599,-7.205571],[111.887479,-7.205489],[111.887381,-7.205423],[111.887362,-7.205397],[111.887351,-7.205369],[111.887338,-7.205355],[111.887304,-7.205337],[111.887231,-7.205286],[111.887163,-7.205231],[111.887116,-7.205186],[111.887087,-7.205147],[111.887067,-7.205114],[111.887054,-7.205084],[111.887042,-7.20505],[111.887039,-7.205021],[111.887036,-7.204987],[111.887035,-7.204946],[111.887039,-7.204916],[111.887046,-7.204862],[111.887052,-7.204832],[111.887056,-7.204815],[111.887069,-7.204785],[111.88708,-7.204754],[111.887091,-7.204737],[111.887098,-7.204728],[111.887105,-7.204724],[111.887114,-7.20472],[111.887123,-7.20472],[111.887126,-7.204667],[111.88713,-7.204642],[111.887163,-7.204522],[111.887205,-7.204392],[111.89626,-7.204383],[111.89627,-7.204463],[111.896249,-7.204624],[111.896233,-7.204793],[111.896212,-7.204969],[111.896185,-7.205129],[111.896161,-7.205315],[111.896147,-7.205451],[111.896125,-7.205549],[111.896117,-7.205605],[111.896284,-7.205602],[111.896286,-7.205548],[111.896357,-7.205323],[111.896407,-7.205008],[111.896414,-7.204946],[111.896432,-7.204813],[111.896454,-7.204693],[111.896475,-7.204564],[111.896479,-7.2045],[111.896487,-7.20444],[111.896471,-7.204403],[111.896455,-7.204378],[111.896438,-7.204336],[111.896441,-7.204313],[111.896448,-7.204299],[111.896439,-7.204267],[111.896421,-7.204247],[111.896391,-7.204229],[111.896369,-7.204225],[111.896347,-7.204135],[111.896302,-7.204066],[111.896235,-7.203957],[111.896187,-7.203903],[111.896113,-7.203783],[111.896044,-7.203674],[111.895801,-7.203477],[111.899284,-7.20347],[111.899294,-7.20372],[111.899311,-7.204127],[111.899322,-7.20424],[111.899319,-7.204348],[111.899328,-7.204501],[111.899336,-7.204692],[111.89936,-7.205211],[111.899369,-7.20544],[111.899369,-7.205463],[111.899369,-7.205463],[111.899368,-7.205607],[111.899378,-7.205721],[111.899388,-7.205856],[111.899401,-7.206069],[111.899404,-7.206213],[111.899406,-7.206371],[111.899506,-7.206358],[111.899503,-7.206239],[111.899498,-7.206227],[111.899488,-7.20612],[111.89947,-7.205894],[111.899466,-7.205716],[111.899453,-7.205446],[111.899453,-7.205445],[111.899453,-7.205445],[111.899446,-7.205287],[111.899454,-7.205264],[111.899444,-7.205139],[111.899429,-7.204862],[111.899413,-7.204408],[111.899405,-7.204156],[111.899393,-7.203829],[111.899373,-7.20347],[111.901988,-7.203465],[111.902004,-7.203355],[111.901993,-7.203233],[111.90198,-7.202973],[111.901972,-7.20263],[111.901951,-7.202335],[111.901931,-7.201964],[111.902165,-7.201919],[111.902459,-7.201869],[111.902501,-7.201859],[111.902503,-7.201834],[111.902508,-7.201713],[111.902477,-7.20172],[111.902085,-7.201812],[111.902075,-7.201413],[111.90224,-7.201406],[111.902226,-7.201193],[111.902187,-7.201137],[111.902168,-7.20107],[111.902127,-7.200815],[111.902098,-7.200546],[111.902099,-7.200393],[111.90209,-7.200233],[111.902115,-7.200131],[111.90212,-7.200113],[111.902099,-7.200075],[111.902088,-7.200029],[111.902167,-7.199785],[111.902079,-7.199758],[111.901969,-7.199737],[111.901933,-7.199725],[111.90184,-7.199675],[111.901721,-7.199636],[111.901713,-7.199628],[111.901818,-7.199355],[111.901792,-7.199347],[111.901868,-7.199129],[111.901938,-7.198961],[111.901624,-7.198813],[111.901428,-7.198722],[111.901547,-7.198385],[111.901631,-7.198106],[111.901412,-7.197994],[111.901258,-7.197896],[111.901264,-7.19786],[111.901284,-7.197827],[111.901332,-7.19779],[111.901355,-7.197768],[111.901382,-7.197684],[111.901439,-7.197503],[111.901272,-7.197435],[111.90136,-7.19721],[111.901373,-7.197194],[111.901471,-7.197212],[111.901516,-7.197225],[111.901432,-7.196896],[111.900591,-7.195199],[111.900507,-7.195174],[111.900396,-7.195157],[111.900341,-7.195156],[111.900258,-7.195161],[111.900142,-7.195173],[111.900051,-7.195174],[111.900002,-7.195171],[111.899904,-7.195169],[111.899784,-7.195166],[111.899685,-7.19516],[111.899582,-7.19515],[111.899487,-7.195137],[111.899394,-7.195117],[111.899367,-7.195104],[111.899402,-7.195],[111.899288,-7.194958],[111.899237,-7.194916],[111.899198,-7.19486],[111.899246,-7.194782],[111.899208,-7.19476],[111.89915,-7.19473],[111.89912,-7.194688],[111.899097,-7.194636],[111.8991,-7.194567],[111.899117,-7.194452],[111.899116,-7.194363],[111.899113,-7.194266],[111.89908,-7.194153],[111.899065,-7.194098],[111.899053,-7.194016],[111.899074,-7.193952],[111.899122,-7.193908],[111.899171,-7.193875],[111.899221,-7.193866],[111.899299,-7.193862],[111.899391,-7.193872],[111.899491,-7.193881],[111.899589,-7.193872],[111.899713,-7.193853],[111.899717,-7.193914],[111.899709,-7.193974],[111.899683,-7.194041],[111.899708,-7.194054],[111.899785,-7.193838],[111.899808,-7.193827],[111.899914,-7.19381],[111.899919,-7.193809],[111.899864,-7.193681],[111.899861,-7.193674],[111.899858,-7.193667],[111.899855,-7.193659],[111.899847,-7.193638],[111.899825,-7.193641],[111.899729,-7.193661],[111.899651,-7.193686],[111.899542,-7.193705],[111.899423,-7.193723],[111.899374,-7.193715],[111.899301,-7.193698],[111.899197,-7.193697],[111.89913,-7.193716],[111.899078,-7.193751],[111.899032,-7.193777],[111.898966,-7.193786],[111.898932,-7.193785],[111.89891,-7.193586],[111.898901,-7.193444],[111.898896,-7.193297],[111.898897,-7.193212],[111.898887,-7.19321],[111.898872,-7.193206],[111.898859,-7.193192],[111.898857,-7.193033],[111.89883,-7.192639],[111.898805,-7.192184],[111.898788,-7.191945],[111.898747,-7.191433],[111.898718,-7.191009],[111.898694,-7.190559],[111.898678,-7.190227],[111.898652,-7.189916],[111.898632,-7.189595],[111.898572,-7.188722],[111.898556,-7.188483],[111.898544,-7.188244],[111.898482,-7.187371],[111.898456,-7.186777],[111.898401,-7.185924],[111.898396,-7.18588],[111.898404,-7.18587],[111.898591,-7.185912],[111.898628,-7.185724],[111.898723,-7.185358],[111.898643,-7.185329],[111.898604,-7.185314],[111.898604,-7.185303],[111.89871,-7.184922],[111.899231,-7.185067],[111.899307,-7.184793],[111.899418,-7.184601],[111.899525,-7.184404],[111.899625,-7.184245],[111.89964,-7.184237],[111.899694,-7.184236],[111.899761,-7.184242],[111.899775,-7.184233],[111.899876,-7.183564],[111.900008,-7.182632],[111.900945,-7.182792],[111.901586,-7.182903],[111.901668,-7.182134],[111.901725,-7.181658],[111.901798,-7.181148],[111.901909,-7.180484],[111.902566,-7.180601],[111.903139,-7.180724],[111.903187,-7.18074],[111.903194,-7.18076],[111.903393,-7.180805],[111.903878,-7.180905],[111.904167,-7.180567],[111.904193,-7.180408],[111.904225,-7.180249],[111.904292,-7.180051],[111.904345,-7.179843],[111.904378,-7.179761],[111.904399,-7.179713],[111.90441,-7.179639],[111.904418,-7.179517],[111.90444,-7.17931],[111.904448,-7.179139],[111.90447,-7.17902],[111.904507,-7.178903],[111.904514,-7.178888],[111.904514,-7.178888],[111.904545,-7.178819],[111.904649,-7.1786],[111.905454,-7.179212],[111.905729,-7.179425],[111.905736,-7.179434],[111.907756,-7.181033],[111.908566,-7.181675],[111.908612,-7.181715],[111.908974,-7.182002],[111.909785,-7.182646],[111.909785,-7.182646],[111.910074,-7.182876],[111.910013,-7.182942],[111.909919,-7.182857],[111.909733,-7.182722],[111.909656,-7.182813],[111.909902,-7.182985],[111.909823,-7.183242],[111.909376,-7.18311],[111.909293,-7.183414],[111.908902,-7.183332],[111.90889,-7.183358],[111.908308,-7.183287],[111.908656,-7.182565],[111.908503,-7.182498],[111.908503,-7.182498],[111.908333,-7.182422],[111.908326,-7.182435],[111.908071,-7.182294],[111.908083,-7.182267],[111.90776,-7.182117],[111.907872,-7.181939],[111.907871,-7.181939],[111.907869,-7.181936],[111.907838,-7.181905],[111.907834,-7.181901],[111.907831,-7.181897],[111.907827,-7.181893],[111.907797,-7.181862],[111.907795,-7.181859],[111.907792,-7.181856],[111.90779,-7.181854],[111.907783,-7.181846],[111.907781,-7.181844],[111.907729,-7.181786],[111.907607,-7.181652],[111.907486,-7.181517],[111.907365,-7.181383],[111.907334,-7.181349],[111.907332,-7.181347],[111.907312,-7.181325],[111.907308,-7.181321],[111.907287,-7.181299],[111.907285,-7.181297],[111.907259,-7.181272],[111.907132,-7.181144],[111.907112,-7.181124],[111.907101,-7.181113],[111.907071,-7.181084],[111.907041,-7.181054],[111.907028,-7.181041],[111.907012,-7.181026],[111.906903,-7.181224],[111.906847,-7.181272],[111.906701,-7.181545],[111.906516,-7.18189],[111.90633,-7.182253],[111.906288,-7.182211],[111.906167,-7.182132],[111.906123,-7.182115],[111.906106,-7.182132],[111.90609,-7.182174],[111.90608,-7.182187],[111.90607,-7.18219],[111.906051,-7.18219],[111.90597,-7.182191],[111.905589,-7.182195],[111.905333,-7.182193],[111.905304,-7.182197],[111.905295,-7.182208],[111.90528,-7.182241],[111.905228,-7.182418],[111.905172,-7.182606],[111.905109,-7.182954],[111.905036,-7.183255],[111.904516,-7.183054],[111.904472,-7.183165],[111.904442,-7.183218],[111.903821,-7.183006],[111.903735,-7.183101],[111.903677,-7.183295],[111.903558,-7.183686],[111.903479,-7.184025],[111.903363,-7.18392],[111.903246,-7.183741],[111.903218,-7.183671],[111.903192,-7.1837],[111.903136,-7.183763],[111.903152,-7.183804],[111.903222,-7.183949],[111.903321,-7.184106],[111.903572,-7.184406],[111.903637,-7.184504],[111.903685,-7.184622],[111.903693,-7.184798],[111.903658,-7.185016],[111.903595,-7.185211],[111.903546,-7.185609],[111.90348,-7.186047],[111.903431,-7.186341],[111.903437,-7.186613],[111.903427,-7.186795],[111.903382,-7.18702],[111.903356,-7.187233],[111.903349,-7.187553],[111.903318,-7.187769],[111.903269,-7.188033],[111.903221,-7.188446],[111.903169,-7.188786],[111.903115,-7.189096],[111.903041,-7.189319],[111.902994,-7.189451],[111.902931,-7.189581],[111.902887,-7.189812],[111.902829,-7.189896],[111.902745,-7.189984],[111.902676,-7.19009],[111.902608,-7.190284],[111.902533,-7.190542],[111.90244,-7.190803],[111.90234,-7.191042],[111.902223,-7.191306],[111.902188,-7.191429],[111.902165,-7.191501],[111.902086,-7.191657],[111.901978,-7.191816],[111.90187,-7.191922],[111.901806,-7.19212],[111.901655,-7.192501],[111.90157,-7.192704],[111.901656,-7.19303],[111.901657,-7.193029],[111.901671,-7.192985],[111.901692,-7.192931],[111.901711,-7.19288],[111.901728,-7.192812],[111.90176,-7.192735],[111.901799,-7.192658],[111.901862,-7.192673],[111.90187,-7.192667],[111.901885,-7.19264],[111.901936,-7.192503],[111.901953,-7.192457],[111.901976,-7.192452],[111.902062,-7.192453],[111.90219,-7.192487],[111.902281,-7.192527],[111.902424,-7.192568],[111.902679,-7.192615],[111.902754,-7.192634],[111.902858,-7.192666],[111.902881,-7.192696],[111.902915,-7.192729],[111.902993,-7.192749],[111.903178,-7.192787],[111.903174,-7.193111],[111.903164,-7.193687],[111.903158,-7.194],[111.903094,-7.194028],[111.902967,-7.194067],[111.902724,-7.194136],[111.902489,-7.194205],[111.902275,-7.194264],[111.902187,-7.194295],[111.902083,-7.194336],[111.902008,-7.19437],[111.902025,-7.194436],[111.902136,-7.194381],[111.90223,-7.194346],[111.902443,-7.194273],[111.9029,-7.194161],[111.903166,-7.194054],[111.903192,-7.194659],[111.903204,-7.194681],[111.903232,-7.194696],[111.903269,-7.194716],[111.903284,-7.194748],[111.903333,-7.194881],[111.903357,-7.194973],[111.903388,-7.195028],[111.903418,-7.195063],[111.903446,-7.195118],[111.903459,-7.195157],[111.903467,-7.195214],[111.903453,-7.195332],[111.903436,-7.195483],[111.903424,-7.19577],[111.903414,-7.195832],[111.903354,-7.196046],[111.90332,-7.196178],[111.903287,-7.196293],[111.903285,-7.196319],[111.903305,-7.196356],[111.903326,-7.196393],[111.903334,-7.196426],[111.903335,-7.19647],[111.903317,-7.196536],[111.903278,-7.196589],[111.903245,-7.196626],[111.903231,-7.196662],[111.903217,-7.196734],[111.903203,-7.196781],[111.903164,-7.196862],[111.903115,-7.196945],[111.903099,-7.196975],[111.903038,-7.197253],[111.902996,-7.197482],[111.903014,-7.19752],[111.903016,-7.197511],[111.903059,-7.197317],[111.903089,-7.197175],[111.903121,-7.197052],[111.903143,-7.197012],[111.903464,-7.197101],[111.903681,-7.19717],[111.903738,-7.197187],[111.90383,-7.197211],[111.903944,-7.197237],[111.904071,-7.197273],[111.904096,-7.197277],[111.904192,-7.197311],[111.904315,-7.197356],[111.904477,-7.19741],[111.904608,-7.197454],[111.904697,-7.197476],[111.904722,-7.197482],[111.904851,-7.197516],[111.904962,-7.197546],[111.905062,-7.19758],[111.905029,-7.197677],[111.905002,-7.19774],[111.904991,-7.197778],[111.904988,-7.197806],[111.904992,-7.197821],[111.904991,-7.197846],[111.904988,-7.197889],[111.904978,-7.197924],[111.904963,-7.197967],[111.904946,-7.198024],[111.904935,-7.198071],[111.904907,-7.198188],[111.904874,-7.198291],[111.904854,-7.198361],[111.904831,-7.19836],[111.904747,-7.198335],[111.904628,-7.198296],[111.904568,-7.198278],[111.904455,-7.198238],[111.904374,-7.198211],[111.904295,-7.198181],[111.904222,-7.198159],[111.904182,-7.198152],[111.904134,-7.198137],[111.904082,-7.198126],[111.904037,-7.198121],[111.903993,-7.198122],[111.903929,-7.198119],[111.903862,-7.198116],[111.903807,-7.198115],[111.903749,-7.198117],[111.903692,-7.198119],[111.903637,-7.198125],[111.903575,-7.198128],[111.903526,-7.198129],[111.90347,-7.198136],[111.903418,-7.198143],[111.903381,-7.198144],[111.903326,-7.198149],[111.903339,-7.198175],[111.903375,-7.198172],[111.903517,-7.198153],[111.903677,-7.198142],[111.903718,-7.198142],[111.903792,-7.198139],[111.903871,-7.198141],[111.903928,-7.19814],[111.904005,-7.198146],[111.904042,-7.198147],[111.904093,-7.198155],[111.904146,-7.198167],[111.904191,-7.198179],[111.904234,-7.198193],[111.904274,-7.198203],[111.904314,-7.198217],[111.904342,-7.198228],[111.904383,-7.198242],[111.904448,-7.198264],[111.904524,-7.198285],[111.904597,-7.198312],[111.904651,-7.198332],[111.9047,-7.198345],[111.904784,-7.198372],[111.904835,-7.198388],[111.90484,-7.198393],[111.90484,-7.198412],[111.904823,-7.198531],[111.904801,-7.198637],[111.904788,-7.198696],[111.90478,-7.198724],[111.904782,-7.198743],[111.904796,-7.198751],[111.904823,-7.198757],[111.904873,-7.198765],[111.904926,-7.198771],[111.904971,-7.198784],[111.905044,-7.198806],[111.90511,-7.198827],[111.905192,-7.198851],[111.905246,-7.19887],[111.905287,-7.198884],[111.905336,-7.198894],[111.905534,-7.198932],[111.905597,-7.198947],[111.905665,-7.198964],[111.905739,-7.198995],[111.905775,-7.199022],[111.905813,-7.199036],[111.905933,-7.199075],[111.906101,-7.199138],[111.90622,-7.199176],[111.90623,-7.199182],[111.906233,-7.199193],[111.906199,-7.199317],[111.906066,-7.200311],[111.90628,-7.200317],[111.906287,-7.200625],[111.906041,-7.200691],[111.905694,-7.200796],[111.905439,-7.200858],[111.905098,-7.200977],[111.904825,-7.201065],[111.904778,-7.20108],[111.904828,-7.201181],[111.904862,-7.20117],[111.90516,-7.20108],[111.905368,-7.201007],[111.905411,-7.20101],[111.90547,-7.200994],[111.905593,-7.200952],[111.90574,-7.200907],[111.905939,-7.200846],[111.906121,-7.200789],[111.906184,-7.200776],[111.906237,-7.200758],[111.90648,-7.200694],[111.906872,-7.200579],[111.907039,-7.200524],[111.907045,-7.200542],[111.907126,-7.200521],[111.907115,-7.200621],[111.907087,-7.200747],[111.907068,-7.200829],[111.907065,-7.200858],[111.907063,-7.200943],[111.907058,-7.200978],[111.907045,-7.201035],[111.90703,-7.201081],[111.907015,-7.20112],[111.906998,-7.201141],[111.906964,-7.201179],[111.906938,-7.20121],[111.906918,-7.201246],[111.906901,-7.201284],[111.906893,-7.201323],[111.906884,-7.201394],[111.90687,-7.201463],[111.906854,-7.201559],[111.906834,-7.201637],[111.906811,-7.201771],[111.906793,-7.201876],[111.906776,-7.201975],[111.906753,-7.202115],[111.906733,-7.202243],[111.906717,-7.20232],[111.906702,-7.202384],[111.906688,-7.202478],[111.90665,-7.202653],[111.906614,-7.202815],[111.906603,-7.202887],[111.906605,-7.202901],[111.906629,-7.202909],[111.90666,-7.202916],[111.906666,-7.202927],[111.906653,-7.203014],[111.906636,-7.203126],[111.906627,-7.203203],[111.90662,-7.203229],[111.906602,-7.203272],[111.906592,-7.203301],[111.906585,-7.203311],[111.906567,-7.203313],[111.906549,-7.203315],[111.90651,-7.203427],[111.906475,-7.203552],[111.906477,-7.203574],[111.906461,-7.203631],[111.906446,-7.203706],[111.906445,-7.20375],[111.906449,-7.203783],[111.906453,-7.203802],[111.906458,-7.203832],[111.906463,-7.20386],[111.906461,-7.203898],[111.906453,-7.203967],[111.906441,-7.204062],[111.906433,-7.204114],[111.906428,-7.204134],[111.9064,-7.204138],[111.906365,-7.204138],[111.906341,-7.204145],[111.906329,-7.204172],[111.906311,-7.20425],[111.906298,-7.204315],[111.906291,-7.20439],[111.906274,-7.204438],[111.906264,-7.204461],[111.906248,-7.204565],[111.906235,-7.204637],[111.906228,-7.204661],[111.906217,-7.204681],[111.906203,-7.204694],[111.906184,-7.2047],[111.906188,-7.204728],[111.906189,-7.204736],[111.90619,-7.204743],[111.90619,-7.204751],[111.906208,-7.204935],[111.906208,-7.204943],[111.906209,-7.204951],[111.90621,-7.204959],[111.906221,-7.205144],[111.906221,-7.205151],[111.906221,-7.205159],[111.906222,-7.205167],[111.906226,-7.205352],[111.906226,-7.20536],[111.906226,-7.205368],[111.906226,-7.205376],[111.906225,-7.205551],[111.906267,-7.205546],[111.906403,-7.205538],[111.906565,-7.205535],[111.906858,-7.20554],[111.906962,-7.205562],[111.907015,-7.205582],[111.907099,-7.205606],[111.907171,-7.205621],[111.90723,-7.205636],[111.907272,-7.20566],[111.907332,-7.20569],[111.907386,-7.205723],[111.907452,-7.205755],[111.907518,-7.205781],[111.907561,-7.205805],[111.907576,-7.205818],[111.907602,-7.205834],[111.907643,-7.205851],[111.907752,-7.205904],[111.907811,-7.205941],[111.907905,-7.205999],[111.907971,-7.20604],[111.908031,-7.206074],[111.90811,-7.206113],[111.9082,-7.206156],[111.908264,-7.206186],[111.908279,-7.206198],[111.908304,-7.20622],[111.908325,-7.206233],[111.908361,-7.206256],[111.908386,-7.206274],[111.908421,-7.206295],[111.908438,-7.206302],[111.908451,-7.206313],[111.908503,-7.206348],[111.908558,-7.206376],[111.908623,-7.206406],[111.908646,-7.206422],[111.908683,-7.206451],[111.908718,-7.206473],[111.90875,-7.206493],[111.908827,-7.206536],[111.908846,-7.20655],[111.908871,-7.206566],[111.908889,-7.206575],[111.908986,-7.206617],[111.908994,-7.206624],[111.909005,-7.206633],[111.909036,-7.206649],[111.909069,-7.206664],[111.909082,-7.206686],[111.909095,-7.206698],[111.909196,-7.206747],[111.909246,-7.20678],[111.909271,-7.206799],[111.90936,-7.206839],[111.909409,-7.206873],[111.909464,-7.206914],[111.909493,-7.206931],[111.909538,-7.206953],[111.909562,-7.206975],[111.909625,-7.207021],[111.909688,-7.207055],[111.909764,-7.207093],[111.909863,-7.207143],[111.909957,-7.207199],[111.910024,-7.207238],[111.910105,-7.207288],[111.910161,-7.207326],[111.910246,-7.207374],[111.91027,-7.20739],[111.910284,-7.207401],[111.910314,-7.207423],[111.910326,-7.207437],[111.910351,-7.207455],[111.91038,-7.207473],[111.910409,-7.207488],[111.910447,-7.20751],[111.910477,-7.20753],[111.910505,-7.207548],[111.910531,-7.207567],[111.910558,-7.207584],[111.910616,-7.207607],[111.910686,-7.207645],[111.91071,-7.207663],[111.910743,-7.207695],[111.910774,-7.207717],[111.910833,-7.20774],[111.910913,-7.207772],[111.910988,-7.207816],[111.911046,-7.207864],[111.911171,-7.207943],[111.911344,-7.208042],[111.91146,-7.208107],[111.911576,-7.208183],[111.911782,-7.208313],[111.91199,-7.208423],[111.912106,-7.208491],[111.912142,-7.208518],[111.912179,-7.208546],[111.912346,-7.208651],[111.912551,-7.208764],[111.912639,-7.208828],[111.91273,-7.208895],[111.912801,-7.208949],[111.912877,-7.209017],[111.912899,-7.209041],[111.912941,-7.209092],[111.912974,-7.209128],[111.913179,-7.209151],[111.913171,-7.209143],[111.913131,-7.209095],[111.913054,-7.209013],[111.913018,-7.208976],[111.912998,-7.20895],[111.912975,-7.208928],[111.912942,-7.208893],[111.912903,-7.208856],[111.912862,-7.20882],[111.912834,-7.208794],[111.912795,-7.208763],[111.912775,-7.208751],[111.912749,-7.208738],[111.91272,-7.208719],[111.912697,-7.208702],[111.912648,-7.208674],[111.912626,-7.208657],[111.912587,-7.208633],[111.912521,-7.208594],[111.912465,-7.208568],[111.912467,-7.208553],[111.912472,-7.208521],[111.912483,-7.20848],[111.912491,-7.208432],[111.912494,-7.208396],[111.912502,-7.208336],[111.912506,-7.208287],[111.912508,-7.208234],[111.912509,-7.20821],[111.912508,-7.208182],[111.912511,-7.208152],[111.912514,-7.20811],[111.912519,-7.208049],[111.912522,-7.20802],[111.912528,-7.207985],[111.912531,-7.207955],[111.91254,-7.207881],[111.912542,-7.20786],[111.91254,-7.20785],[111.912535,-7.20784],[111.912525,-7.207836],[111.912509,-7.207831],[111.912495,-7.207823],[111.912491,-7.207818],[111.91249,-7.207803],[111.912491,-7.207781],[111.912494,-7.207749],[111.912498,-7.207726],[111.912503,-7.207698],[111.912508,-7.207669],[111.912513,-7.207638],[111.912519,-7.207611],[111.912527,-7.207585],[111.91253,-7.207563],[111.912538,-7.20755],[111.912556,-7.207543],[111.912572,-7.207539],[111.912589,-7.207535],[111.912599,-7.207528],[111.912601,-7.20751],[111.912606,-7.207476],[111.912614,-7.207426],[111.912621,-7.207376],[111.912627,-7.207338],[111.91263,-7.20731],[111.912633,-7.207276],[111.912636,-7.207239],[111.912639,-7.207191],[111.91264,-7.207163],[111.912645,-7.207131],[111.912646,-7.207112],[111.912652,-7.207077],[111.912658,-7.207049],[111.912663,-7.207022],[111.912666,-7.207009],[111.912666,-7.206988],[111.912666,-7.20697],[111.912668,-7.206948],[111.912675,-7.206906],[111.912694,-7.206833],[111.912704,-7.206776],[111.912715,-7.206709],[111.912722,-7.206675],[111.912728,-7.206646],[111.912738,-7.206611],[111.912746,-7.206587],[111.912753,-7.206557],[111.912758,-7.206529],[111.912758,-7.206501],[111.912754,-7.20648],[111.912747,-7.206454],[111.912735,-7.206432],[111.912728,-7.206415],[111.912714,-7.206402],[111.912697,-7.20639],[111.91268,-7.206382],[111.91265,-7.20637],[111.912626,-7.206363],[111.912618,-7.206359],[111.912617,-7.206349],[111.912622,-7.206331],[111.912632,-7.206303],[111.912639,-7.206286],[111.912649,-7.206259],[111.912659,-7.206228],[111.912672,-7.206191],[111.912684,-7.206155],[111.912695,-7.206127],[111.912702,-7.206105],[111.912712,-7.206066],[111.912729,-7.206009],[111.912736,-7.205981],[111.912749,-7.205922],[111.912757,-7.205891],[111.912759,-7.205867],[111.912761,-7.205842],[111.912765,-7.205814],[111.912771,-7.205776],[111.912782,-7.205698],[111.912779,-7.205692],[111.912758,-7.205684],[111.91273,-7.205675],[111.912702,-7.205668],[111.912684,-7.205658],[111.912675,-7.205646],[111.912674,-7.205627],[111.912677,-7.205608],[111.91268,-7.20559],[111.912685,-7.205562],[111.91269,-7.205532],[111.912694,-7.205512],[111.912695,-7.20549],[111.912699,-7.205457],[111.912708,-7.20539],[111.91271,-7.205377],[111.912719,-7.20537],[111.912742,-7.205366],[111.912779,-7.205368],[111.912831,-7.205372],[111.912858,-7.205377],[111.912877,-7.205389],[111.912899,-7.205406],[111.912926,-7.205424],[111.912951,-7.205438],[111.912984,-7.205447],[111.913017,-7.205458],[111.91308,-7.205474],[111.913135,-7.205492],[111.913205,-7.205512],[111.913252,-7.205526],[111.913277,-7.205533],[111.913305,-7.205541],[111.913335,-7.205549],[111.913379,-7.205558],[111.913435,-7.20557],[111.913488,-7.205582],[111.913529,-7.20559],[111.913546,-7.205593],[111.913556,-7.205586],[111.913567,-7.20557],[111.913574,-7.205555],[111.91358,-7.205539],[111.913586,-7.205531],[111.913595,-7.20553],[111.913616,-7.205535],[111.913642,-7.205541],[111.91367,-7.20555],[111.913698,-7.205554],[111.913729,-7.205558],[111.913754,-7.205558],[111.913775,-7.205559],[111.913801,-7.205556],[111.913815,-7.205554],[111.913821,-7.205531],[111.913822,-7.205503],[111.913824,-7.205475],[111.913824,-7.205451],[111.913826,-7.205421],[111.913826,-7.205388],[111.913826,-7.205362],[111.913833,-7.20535],[111.913848,-7.205345],[111.913874,-7.205343],[111.913899,-7.205343],[111.91394,-7.205349],[111.913987,-7.205359],[111.914002,-7.205366],[111.914016,-7.205382],[111.914033,-7.205398],[111.914055,-7.205414],[111.914069,-7.205422],[111.914095,-7.205435],[111.914123,-7.205448],[111.914155,-7.205462],[111.914183,-7.205478],[111.914204,-7.205491],[111.914247,-7.205513],[111.914273,-7.205525],[111.914322,-7.205538],[111.91436,-7.205546],[111.914378,-7.205547],[111.914421,-7.205549],[111.914472,-7.205554],[111.914498,-7.205557],[111.914523,-7.205557],[111.91455,-7.205561],[111.914577,-7.205567],[111.914615,-7.205576],[111.914642,-7.20558],[111.91467,-7.20558],[111.914694,-7.205583],[111.914714,-7.205583],[111.914728,-7.205582],[111.914742,-7.205583],[111.914764,-7.205593],[111.914784,-7.205603],[111.914805,-7.205616],[111.914822,-7.20563],[111.91484,-7.205644],[111.914857,-7.205658],[111.914866,-7.20567],[111.914873,-7.205676],[111.914911,-7.20569],[111.914954,-7.205705],[111.914996,-7.205716],[111.91508,-7.205744],[111.91514,-7.205761],[111.91517,-7.205769],[111.915193,-7.20578],[111.915206,-7.205795],[111.915216,-7.205801],[111.915258,-7.205812],[111.915294,-7.205825],[111.915325,-7.205831],[111.91537,-7.205846],[111.915424,-7.205869],[111.91548,-7.205896],[111.915501,-7.205906],[111.915542,-7.205909],[111.915654,-7.205929],[111.915782,-7.205953],[111.915905,-7.205979],[111.915977,-7.205991],[111.916069,-7.206006],[111.916151,-7.206021],[111.916206,-7.206031],[111.91627,-7.206043],[111.916378,-7.206061],[111.91646,-7.206078],[111.916508,-7.206091],[111.916528,-7.206098],[111.916536,-7.206099],[111.916554,-7.206093],[111.916567,-7.206088],[111.916567,-7.206086],[111.916587,-7.206056],[111.916604,-7.206019],[111.916622,-7.205984],[111.916645,-7.205958],[111.916676,-7.205978],[111.91672,-7.206006],[111.916762,-7.206036],[111.916826,-7.20608],[111.916904,-7.20614],[111.91693,-7.206162],[111.916947,-7.206169],[111.916963,-7.206158],[111.916981,-7.206141],[111.916998,-7.206122],[111.917014,-7.2061],[111.917038,-7.206066],[111.917053,-7.206043],[111.917081,-7.206055],[111.917127,-7.206076],[111.917214,-7.206109],[111.91731,-7.206152],[111.917424,-7.206201],[111.91754,-7.206242],[111.917627,-7.20627],[111.917773,-7.206321],[111.917858,-7.20635],[111.917934,-7.206373],[111.917989,-7.206391],[111.918009,-7.206396],[111.918021,-7.206395],[111.918041,-7.206382],[111.918055,-7.206372],[111.918062,-7.20637],[111.918074,-7.206372],[111.918115,-7.206379],[111.918154,-7.206388],[111.91819,-7.206398],[111.918217,-7.206408],[111.918235,-7.20642],[111.918243,-7.206433],[111.918247,-7.206458],[111.918245,-7.206475],[111.918238,-7.206498],[111.918221,-7.206534],[111.918205,-7.206565],[111.918192,-7.206591],[111.918183,-7.206608],[111.918163,-7.206635],[111.91815,-7.206652],[111.918131,-7.206664],[111.918104,-7.206675],[111.918075,-7.206689],[111.918048,-7.206702],[111.918017,-7.206723],[111.917994,-7.20675],[111.917981,-7.20677],[111.917963,-7.206801],[111.917948,-7.206838],[111.917941,-7.206874],[111.917936,-7.206899],[111.917935,-7.206928],[111.917939,-7.206958],[111.917944,-7.206988],[111.917956,-7.207028],[111.917969,-7.207067],[111.917983,-7.207097],[111.917998,-7.207123],[111.918007,-7.207153],[111.918018,-7.207186],[111.918023,-7.20722],[111.918022,-7.207255],[111.918021,-7.207283],[111.918016,-7.207306],[111.918015,-7.207319],[111.918008,-7.207344],[111.917999,-7.207358],[111.917985,-7.207367],[111.917954,-7.207385],[111.917931,-7.207403],[111.917918,-7.207417],[111.917912,-7.207428],[111.917912,-7.207448],[111.91792,-7.207472],[111.91793,-7.207498],[111.917941,-7.207531],[111.917953,-7.207564],[111.91796,-7.207582],[111.917959,-7.207606],[111.917954,-7.207635],[111.917947,-7.207665],[111.917939,-7.207686],[111.917934,-7.207709],[111.917927,-7.207727],[111.917923,-7.207747],[111.917909,-7.207784],[111.917895,-7.207804],[111.917874,-7.207828],[111.917861,-7.207851],[111.917852,-7.207869],[111.917845,-7.207891],[111.917843,-7.207908],[111.917846,-7.20793],[111.917854,-7.207952],[111.917854,-7.207967],[111.917854,-7.207993],[111.917846,-7.208021],[111.917833,-7.20805],[111.917816,-7.208074],[111.917803,-7.208104],[111.917783,-7.20814],[111.917774,-7.208151],[111.917765,-7.20816],[111.917743,-7.208174],[111.917728,-7.208183],[111.917716,-7.2082],[111.917685,-7.208261],[111.917669,-7.208293],[111.917653,-7.208319],[111.917649,-7.208328],[111.917637,-7.208335],[111.917618,-7.208348],[111.917597,-7.208367],[111.917576,-7.208393],[111.917559,-7.208414],[111.917543,-7.208426],[111.917518,-7.208449],[111.917502,-7.208469],[111.917484,-7.20849],[111.91747,-7.208503],[111.917453,-7.208512],[111.917428,-7.208523],[111.917405,-7.208534],[111.917359,-7.208564],[111.917326,-7.208587],[111.917307,-7.208611],[111.917289,-7.20864],[111.917264,-7.208687],[111.917236,-7.208729],[111.9172,-7.208777],[111.917173,-7.208813],[111.917109,-7.208883],[111.917069,-7.208926],[111.91704,-7.20897],[111.91702,-7.20901],[111.917009,-7.209053],[111.917004,-7.209107],[111.917001,-7.209157],[111.916997,-7.209187],[111.916982,-7.209214],[111.916969,-7.209226],[111.91695,-7.209235],[111.916928,-7.20924],[111.916898,-7.209236],[111.916874,-7.20923],[111.916839,-7.209218],[111.916797,-7.209206],[111.91673,-7.209186],[111.916628,-7.209149],[111.916579,-7.209132],[111.916509,-7.209113],[111.916479,-7.209104],[111.916453,-7.209096],[111.916442,-7.209093],[111.916436,-7.209115],[111.916435,-7.209125],[111.916437,-7.209136],[111.916439,-7.209154],[111.916441,-7.209181],[111.916441,-7.209206],[111.916443,-7.20922],[111.916451,-7.20925],[111.91646,-7.209274],[111.916466,-7.209296],[111.916476,-7.209322],[111.916501,-7.209368],[111.916523,-7.209411],[111.916531,-7.209434],[111.91653,-7.209457],[111.916518,-7.209485],[111.916501,-7.20952],[111.916493,-7.209533],[111.916522,-7.209537],[111.916543,-7.209499],[111.916557,-7.209462],[111.916561,-7.209439],[111.916556,-7.20942],[111.916532,-7.209375],[111.916508,-7.209336],[111.916487,-7.209286],[111.916474,-7.209252],[111.916465,-7.20922],[111.91646,-7.209194],[111.916462,-7.209162],[111.916459,-7.20914],[111.916462,-7.209131],[111.916469,-7.209124],[111.916481,-7.209125],[111.916515,-7.209137],[111.916546,-7.209148],[111.916574,-7.209159],[111.916612,-7.209172],[111.916652,-7.209186],[111.916698,-7.209203],[111.916767,-7.209226],[111.916818,-7.209239],[111.916878,-7.209253],[111.916932,-7.209261],[111.916971,-7.209256],[111.91699,-7.209246],[111.917004,-7.209233],[111.91702,-7.209217],[111.917025,-7.209187],[111.917027,-7.20915],[111.917024,-7.20911],[111.917032,-7.209058],[111.917042,-7.209016],[111.917059,-7.208984],[111.917084,-7.20895],[111.917109,-7.208921],[111.917155,-7.208873],[111.917178,-7.208843],[111.917229,-7.208782],[111.917255,-7.208742],[111.917291,-7.208684],[111.917308,-7.208654],[111.917319,-7.208632],[111.917341,-7.208604],[111.917365,-7.208582],[111.917403,-7.208556],[111.917441,-7.208539],[111.917474,-7.208523],[111.917497,-7.208502],[111.91754,-7.208458],[111.917573,-7.208428],[111.917596,-7.208405],[111.917605,-7.208392],[111.917627,-7.208376],[111.917658,-7.208351],[111.917671,-7.20834],[111.917685,-7.208317],[111.917696,-7.208298],[111.917724,-7.208242],[111.917745,-7.208207],[111.917755,-7.208197],[111.917781,-7.208177],[111.917802,-7.208157],[111.917811,-7.208138],[111.917824,-7.20811],[111.917846,-7.208071],[111.91787,-7.208013],[111.917876,-7.207982],[111.917874,-7.207953],[111.917869,-7.207925],[111.917865,-7.2079],[111.917868,-7.207881],[111.917881,-7.207859],[111.917898,-7.207835],[111.917915,-7.207808],[111.91793,-7.207781],[111.917947,-7.207736],[111.917966,-7.207664],[111.917977,-7.207613],[111.917978,-7.207586],[111.917971,-7.207562],[111.917961,-7.207527],[111.917945,-7.207481],[111.917935,-7.207444],[111.917938,-7.207434],[111.917951,-7.207419],[111.917976,-7.207401],[111.918008,-7.207379],[111.918026,-7.207362],[111.918039,-7.207325],[111.918044,-7.207281],[111.918045,-7.207253],[111.918044,-7.207222],[111.918037,-7.207186],[111.918033,-7.20716],[111.918022,-7.207125],[111.918006,-7.207084],[111.917992,-7.207059],[111.917976,-7.207023],[111.917964,-7.206985],[111.917958,-7.206951],[111.917956,-7.206927],[111.917959,-7.206897],[111.917964,-7.206867],[111.91797,-7.206841],[111.917983,-7.206811],[111.917993,-7.206791],[111.918007,-7.206767],[111.918024,-7.206745],[111.918042,-7.20673],[111.918059,-7.206718],[111.918084,-7.206708],[111.918114,-7.206701],[111.918139,-7.206691],[111.918158,-7.206675],[111.918179,-7.206653],[111.918195,-7.20663],[111.918208,-7.206611],[111.918213,-7.206604],[111.918218,-7.206605],[111.918226,-7.206616],[111.918245,-7.206645],[111.918278,-7.206689],[111.918313,-7.206729],[111.918343,-7.206762],[111.918384,-7.206804],[111.918435,-7.206856],[111.918448,-7.20688],[111.918455,-7.206891],[111.918476,-7.206896],[111.918492,-7.206891],[111.918511,-7.206878],[111.91853,-7.206863],[111.918554,-7.206855],[111.918605,-7.206848],[111.918651,-7.206844],[111.9187,-7.206843],[111.918744,-7.206846],[111.918796,-7.206853],[111.918852,-7.206869],[111.918867,-7.206877],[111.918901,-7.206891],[111.918942,-7.206909],[111.918985,-7.206925],[111.919058,-7.206951],[111.919091,-7.206961],[111.919161,-7.206978],[111.919244,-7.207004],[111.919287,-7.207017],[111.919369,-7.207048],[111.919404,-7.207064],[111.919455,-7.207079],[111.919486,-7.207089],[111.919515,-7.207096],[111.91955,-7.207101],[111.919582,-7.207107],[111.919602,-7.207111],[111.919621,-7.207114],[111.919663,-7.207112],[111.919684,-7.207112],[111.919707,-7.207111],[111.919731,-7.207116],[111.919757,-7.207122],[111.919814,-7.207137],[111.919892,-7.207152],[111.919952,-7.207164],[111.920053,-7.207185],[111.920102,-7.20719],[111.920127,-7.207191],[111.920201,-7.207192],[111.920287,-7.207194],[111.920348,-7.207192],[111.920372,-7.207194],[111.920381,-7.207197],[111.920387,-7.207207],[111.920388,-7.20724],[111.920384,-7.207305],[111.920376,-7.207402],[111.920371,-7.207492],[111.920361,-7.207616],[111.920371,-7.207629],[111.920384,-7.207636],[111.920415,-7.20764],[111.920579,-7.207668],[111.920912,-7.207715],[111.920928,-7.207721],[111.920932,-7.207737],[111.920927,-7.207777],[111.920897,-7.207936],[111.920887,-7.207981]],[[111.920128,-7.211134],[111.920118,-7.21115],[111.920066,-7.211239],[111.920057,-7.211254],[111.920071,-7.211255],[111.920129,-7.211158],[111.920143,-7.211135],[111.920128,-7.211134]],[[111.916106,-7.210835],[111.916085,-7.210834],[111.916086,-7.210837],[111.916088,-7.210853],[111.916089,-7.210866],[111.916086,-7.210884],[111.91608,-7.21091],[111.916073,-7.210932],[111.916066,-7.210955],[111.916057,-7.210977],[111.916042,-7.211026],[111.916025,-7.211088],[111.91601,-7.21113],[111.916003,-7.211154],[111.916,-7.211159],[111.916024,-7.211159],[111.916036,-7.211127],[111.916053,-7.211073],[111.916092,-7.210943],[111.916108,-7.210875],[111.916108,-7.210853],[111.916106,-7.210835]],[[111.915681,-7.212305],[111.915681,-7.212307],[111.915698,-7.212306],[111.915698,-7.212305],[111.915681,-7.212305]],[[111.913854,-7.210928],[111.913851,-7.210891],[111.913841,-7.210816],[111.913832,-7.210746],[111.913825,-7.210672],[111.913824,-7.210666],[111.913688,-7.210656],[111.913688,-7.210667],[111.913685,-7.210673],[111.913675,-7.210675],[111.913664,-7.210675],[111.91367,-7.210712],[111.913679,-7.210796],[111.913685,-7.210873],[111.913691,-7.210945],[111.913697,-7.210992],[111.913697,-7.211053],[111.913698,-7.211093],[111.913694,-7.211153],[111.913691,-7.211202],[111.913686,-7.211238],[111.913685,-7.211256],[111.913761,-7.21125],[111.913768,-7.21125],[111.913771,-7.211249],[111.913778,-7.211249],[111.913843,-7.211246],[111.913843,-7.211234],[111.913854,-7.211082],[111.913855,-7.211006],[111.913854,-7.210928]],[[111.913635,-7.212404],[111.913637,-7.212431],[111.913637,-7.212434],[111.913779,-7.212425],[111.91378,-7.212398],[111.913781,-7.212392],[111.913635,-7.212404]],[[111.90622,-7.205666],[111.906215,-7.205769],[111.906215,-7.205777],[111.906214,-7.205785],[111.906214,-7.205793],[111.90621,-7.205843],[111.906217,-7.205814],[111.906224,-7.205757],[111.906225,-7.205697],[111.90622,-7.205666]],[[111.905951,-7.207202],[111.905949,-7.207209],[111.905946,-7.207217],[111.905944,-7.207224],[111.905885,-7.2074],[111.905882,-7.207407],[111.90588,-7.207415],[111.905877,-7.207422],[111.905812,-7.207595],[111.905809,-7.207603],[111.905806,-7.20761],[111.905804,-7.207617],[111.905733,-7.207788],[111.905729,-7.207795],[111.905726,-7.207803],[111.905723,-7.20781],[111.905659,-7.207949],[111.905657,-7.207957],[111.90564,-7.208031],[111.905619,-7.208122],[111.905616,-7.208135],[111.905774,-7.20816],[111.905779,-7.208141],[111.905789,-7.208087],[111.905795,-7.208041],[111.905816,-7.208028],[111.905838,-7.208019],[111.905841,-7.208006],[111.90584,-7.207988],[111.905832,-7.20796],[111.905832,-7.207908],[111.905837,-7.207838],[111.905846,-7.207771],[111.905862,-7.207679],[111.905879,-7.207606],[111.905893,-7.207523],[111.905903,-7.207433],[111.905913,-7.207395],[111.905937,-7.207294],[111.905964,-7.207158],[111.905951,-7.207202]],[[111.905565,-7.209862],[111.905555,-7.209854],[111.905531,-7.209854],[111.905506,-7.209848],[111.905479,-7.209841],[111.905467,-7.209824],[111.905463,-7.209797],[111.905466,-7.209775],[111.905479,-7.209753],[111.905494,-7.20973],[111.905512,-7.209702],[111.905534,-7.209677],[111.905535,-7.20966],[111.905531,-7.209638],[111.905539,-7.209569],[111.905305,-7.209526],[111.905296,-7.20957],[111.905287,-7.209606],[111.905273,-7.209648],[111.905265,-7.209688],[111.905259,-7.209716],[111.905254,-7.209771],[111.905252,-7.209843],[111.90525,-7.209883],[111.905231,-7.209949],[111.905214,-7.209986],[111.905202,-7.209998],[111.905191,-7.210021],[111.905185,-7.210085],[111.905176,-7.210155],[111.905175,-7.210209],[111.905167,-7.210253],[111.90516,-7.210294],[111.905155,-7.210361],[111.905155,-7.210404],[111.905146,-7.210452],[111.905137,-7.21047],[111.905136,-7.21049],[111.905147,-7.210503],[111.905143,-7.210531],[111.905132,-7.21058],[111.905125,-7.210622],[111.905119,-7.210662],[111.905112,-7.210691],[111.905103,-7.210706],[111.905091,-7.210738],[111.905081,-7.210775],[111.905075,-7.210817],[111.905066,-7.210865],[111.905059,-7.21091],[111.905056,-7.210939],[111.905051,-7.210971],[111.905039,-7.211012],[111.905024,-7.21105],[111.905011,-7.21109],[111.905001,-7.211116],[111.905001,-7.21114],[111.905001,-7.211169],[111.904996,-7.211219],[111.904992,-7.211247],[111.904985,-7.211286],[111.904977,-7.211322],[111.904969,-7.211352],[111.904959,-7.211404],[111.904952,-7.211425],[111.90494,-7.211446],[111.904926,-7.211493],[111.904918,-7.211531],[111.904907,-7.211599],[111.904897,-7.211644],[111.904886,-7.211698],[111.90487,-7.211767],[111.90486,-7.211807],[111.90486,-7.211829],[111.90485,-7.211902],[111.904841,-7.211948],[111.904831,-7.211996],[111.904823,-7.212022],[111.904816,-7.212028],[111.904809,-7.212038],[111.904797,-7.212073],[111.904789,-7.212101],[111.904788,-7.21212],[111.904783,-7.212172],[111.904773,-7.212227],[111.904764,-7.212264],[111.904747,-7.212305],[111.904737,-7.212337],[111.904908,-7.212315],[111.904917,-7.212282],[111.904925,-7.212259],[111.904933,-7.212244],[111.904942,-7.212224],[111.904944,-7.212198],[111.904952,-7.212156],[111.904968,-7.212096],[111.904982,-7.212032],[111.905007,-7.211935],[111.905031,-7.211827],[111.905047,-7.211754],[111.90506,-7.21169],[111.905065,-7.211677],[111.905121,-7.211683],[111.905121,-7.211673],[111.905124,-7.211651],[111.905132,-7.211623],[111.905152,-7.211565],[111.905163,-7.211524],[111.90518,-7.211459],[111.905182,-7.211439],[111.905176,-7.211408],[111.905173,-7.211377],[111.905175,-7.211345],[111.905186,-7.211294],[111.905195,-7.211254],[111.905205,-7.21123],[111.905213,-7.211206],[111.905242,-7.211061],[111.905242,-7.21104],[111.905234,-7.211033],[111.905212,-7.21103],[111.905199,-7.211023],[111.905194,-7.211013],[111.90524,-7.210793],[111.905277,-7.210621],[111.905282,-7.210602],[111.905297,-7.210594],[111.905319,-7.210599],[111.905338,-7.210601],[111.905345,-7.210592],[111.905351,-7.210568],[111.905371,-7.210496],[111.905377,-7.210463],[111.905376,-7.210444],[111.905369,-7.210418],[111.905363,-7.210379],[111.905362,-7.210346],[111.905369,-7.210319],[111.905378,-7.210276],[111.905387,-7.210232],[111.905392,-7.210193],[111.905396,-7.210157],[111.905406,-7.210109],[111.905419,-7.210063],[111.905428,-7.210036],[111.905442,-7.210017],[111.905462,-7.210003],[111.905488,-7.209993],[111.905504,-7.209986],[111.905521,-7.209976],[111.905531,-7.209963],[111.905538,-7.209948],[111.905544,-7.209929],[111.905544,-7.20991],[111.90555,-7.209892],[111.905555,-7.209886],[111.905567,-7.209872],[111.905565,-7.209862]],[[111.905085,-7.205368],[111.905082,-7.205254],[111.905078,-7.205252],[111.905018,-7.205208],[111.904945,-7.205155],[111.904876,-7.205099],[111.904835,-7.205067],[111.904815,-7.205057],[111.904832,-7.205129],[111.904834,-7.205136],[111.904835,-7.20514],[111.904837,-7.205148],[111.904869,-7.205301],[111.90487,-7.205308],[111.904871,-7.205312],[111.904872,-7.20532],[111.904884,-7.20539],[111.904932,-7.205426],[111.90496,-7.205446],[111.905007,-7.205476],[111.90504,-7.205497],[111.905069,-7.205514],[111.905084,-7.205522],[111.905085,-7.205376],[111.905085,-7.205368]],[[111.904495,-7.203795],[111.90449,-7.203676],[111.904491,-7.20359],[111.904486,-7.203484],[111.904477,-7.203367],[111.904473,-7.203303],[111.904469,-7.203178],[111.904458,-7.203091],[111.904451,-7.20299],[111.904396,-7.202879],[111.9044,-7.202946],[111.904409,-7.203017],[111.904427,-7.203199],[111.904435,-7.203284],[111.904437,-7.203369],[111.904439,-7.20347],[111.904434,-7.203475],[111.904432,-7.203491],[111.904439,-7.203556],[111.904444,-7.203627],[111.904444,-7.20364],[111.904497,-7.20384],[111.904495,-7.203795]],[[111.904084,-7.20225],[111.904077,-7.202242],[111.904096,-7.202314],[111.904138,-7.202358],[111.904084,-7.20225]],[[111.905215,-7.179381],[111.905073,-7.179618],[111.905191,-7.179713],[111.905021,-7.179921],[111.905379,-7.180165],[111.905419,-7.180119],[111.905534,-7.180196],[111.905765,-7.17986],[111.905215,-7.179381]],[[111.903616,-7.204979],[111.903574,-7.204985],[111.903404,-7.205011],[111.903319,-7.205027],[111.903215,-7.205038],[111.903049,-7.20506],[111.902917,-7.205084],[111.902726,-7.205134],[111.902615,-7.205167],[111.902523,-7.20521],[111.902453,-7.205239],[111.902365,-7.205301],[111.902237,-7.205391],[111.902163,-7.205436],[111.902093,-7.205483],[111.902025,-7.205531],[111.901947,-7.205583],[111.901889,-7.205623],[111.901797,-7.205685],[111.901749,-7.205717],[111.901716,-7.205741],[111.901673,-7.205771],[111.901274,-7.206027],[111.900551,-7.206468],[111.900462,-7.206521],[111.900335,-7.206602],[111.90023,-7.206672],[111.90017,-7.206706],[111.900111,-7.206746],[111.90003,-7.206798],[111.899847,-7.206911],[111.89979,-7.206944],[111.899777,-7.20695],[111.89974,-7.20696],[111.899693,-7.206973],[111.899638,-7.206982],[111.8996,-7.206986],[111.89959,-7.206985],[111.899582,-7.206977],[111.899582,-7.20697],[111.899578,-7.206893],[111.899573,-7.206845],[111.899539,-7.206729],[111.899536,-7.206705],[111.899525,-7.206612],[111.899524,-7.206595],[111.899411,-7.206615],[111.899412,-7.206693],[111.899414,-7.206816],[111.89941,-7.206902],[111.899406,-7.206955],[111.899405,-7.206964],[111.899393,-7.206965],[111.899368,-7.206968],[111.899363,-7.206969],[111.899363,-7.207004],[111.899352,-7.207022],[111.899306,-7.207037],[111.899179,-7.207058],[111.899106,-7.207065],[111.899078,-7.207066],[111.899831,-7.207189],[111.899875,-7.207174],[111.899881,-7.207178],[111.899887,-7.207187],[111.899908,-7.207197],[111.899934,-7.207202],[111.899969,-7.207203],[111.900007,-7.207205],[111.900025,-7.207204],[111.900045,-7.207199],[111.900072,-7.207199],[111.900082,-7.207199],[111.900089,-7.207188],[111.90008,-7.207168],[111.900054,-7.207147],[111.900007,-7.207121],[111.89999,-7.207102],[111.899976,-7.207081],[111.899969,-7.207059],[111.900051,-7.207011],[111.900167,-7.206941],[111.900299,-7.20686],[111.90039,-7.206805],[111.900459,-7.206764],[111.900531,-7.20671],[111.900545,-7.206696],[111.900559,-7.206685],[111.900618,-7.206663],[111.900654,-7.206654],[111.900684,-7.206645],[111.90069,-7.206644],[111.900695,-7.206646],[111.900706,-7.206669],[111.900729,-7.206718],[111.90074,-7.206735],[111.900738,-7.206745],[111.90073,-7.206767],[111.900725,-7.20678],[111.90073,-7.206786],[111.900749,-7.20679],[111.900775,-7.206792],[111.900796,-7.206783],[111.900816,-7.206761],[111.900821,-7.206726],[111.900813,-7.206685],[111.9008,-7.206655],[111.900789,-7.206634],[111.900788,-7.206621],[111.900836,-7.206596],[111.900864,-7.20658],[111.900889,-7.206561],[111.900906,-7.206547],[111.900912,-7.206535],[111.900926,-7.206525],[111.900939,-7.206516],[111.900943,-7.206519],[111.900948,-7.206523],[111.900956,-7.206524],[111.900961,-7.206521],[111.900972,-7.206514],[111.900974,-7.206504],[111.900972,-7.206497],[111.900983,-7.206494],[111.900999,-7.20649],[111.901003,-7.206486],[111.901008,-7.206479],[111.901008,-7.206472],[111.901003,-7.206461],[111.900999,-7.206459],[111.900995,-7.206453],[111.900992,-7.206445],[111.900991,-7.206439],[111.900995,-7.206433],[111.900996,-7.206419],[111.900989,-7.206414],[111.900984,-7.206407],[111.901026,-7.20638],[111.9011,-7.206343],[111.901112,-7.20634],[111.901118,-7.206343],[111.90113,-7.206354],[111.90114,-7.206352],[111.90116,-7.206326],[111.901193,-7.206283],[111.9012,-7.206277],[111.90121,-7.206273],[111.901217,-7.206273],[111.90122,-7.206276],[111.90123,-7.206286],[111.901237,-7.206299],[111.901245,-7.206313],[111.901248,-7.206331],[111.901247,-7.20635],[111.901248,-7.206362],[111.90125,-7.206366],[111.901263,-7.206367],[111.901284,-7.206361],[111.901294,-7.206356],[111.901314,-7.206356],[111.901352,-7.206353],[111.901359,-7.206349],[111.901366,-7.206339],[111.901371,-7.206337],[111.901377,-7.206338],[111.901432,-7.206351],[111.901455,-7.206356],[111.901461,-7.206359],[111.901461,-7.206364],[111.901456,-7.20638],[111.901455,-7.206387],[111.901457,-7.20639],[111.901469,-7.206388],[111.901485,-7.206383],[111.901502,-7.206375],[111.901514,-7.206366],[111.901527,-7.20635],[111.901536,-7.20633],[111.901548,-7.206296],[111.90155,-7.20627],[111.90155,-7.206256],[111.901549,-7.206247],[111.901558,-7.206241],[111.901572,-7.206247],[111.901578,-7.206252],[111.901586,-7.206256],[111.901607,-7.206252],[111.901619,-7.206246],[111.901631,-7.206243],[111.901657,-7.20625],[111.901676,-7.206257],[111.901697,-7.206266],[111.9017,-7.20627],[111.901692,-7.206313],[111.901689,-7.206338],[111.901701,-7.206345],[111.901717,-7.20635],[111.901732,-7.206353],[111.901748,-7.206348],[111.901754,-7.206338],[111.901757,-7.20632],[111.901756,-7.206306],[111.901751,-7.206291],[111.901753,-7.206275],[111.901756,-7.206255],[111.901733,-7.206234],[111.901705,-7.206218],[111.901697,-7.206204],[111.901701,-7.206177],[111.901708,-7.206145],[111.901695,-7.206095],[111.901668,-7.206053],[111.901643,-7.206021],[111.901829,-7.205897],[111.901929,-7.205837],[111.902047,-7.205772],[111.902129,-7.205731],[111.90224,-7.20567],[111.902276,-7.20565],[111.902341,-7.205605],[111.90237,-7.205596],[111.902433,-7.205582],[111.902435,-7.205562],[111.902447,-7.205555],[111.902482,-7.205546],[111.902501,-7.205527],[111.902514,-7.205509],[111.902525,-7.205468],[111.902551,-7.205451],[111.902639,-7.205416],[111.902739,-7.205368],[111.902816,-7.20534],[111.902861,-7.205332],[111.902944,-7.205321],[111.903048,-7.20531],[111.903104,-7.205292],[111.903095,-7.205246],[111.903111,-7.205242],[111.903267,-7.205217],[111.903392,-7.205192],[111.903529,-7.205174],[111.903651,-7.20516],[111.903663,-7.205159],[111.903616,-7.204979]],[[111.89944,-7.207679],[111.899455,-7.207775],[111.899467,-7.20793],[111.899516,-7.208408],[111.899529,-7.208792],[111.899561,-7.209557],[111.899593,-7.210186],[111.899595,-7.210243],[111.899593,-7.210256],[111.899581,-7.210264],[111.89957,-7.210265],[111.899555,-7.210266],[111.899543,-7.210268],[111.899536,-7.210276],[111.899533,-7.210288],[111.899537,-7.210464],[111.899539,-7.210478],[111.899554,-7.210479],[111.899578,-7.210474],[111.899597,-7.210476],[111.899603,-7.210477],[111.899613,-7.210483],[111.899616,-7.210497],[111.899617,-7.210521],[111.899634,-7.210898],[111.899625,-7.210909],[111.899609,-7.210911],[111.899592,-7.210913],[111.899568,-7.21091],[111.899564,-7.210912],[111.899567,-7.211111],[111.899584,-7.211112],[111.899617,-7.211106],[111.899631,-7.211104],[111.899636,-7.211111],[111.899636,-7.211142],[111.899664,-7.21174],[111.899664,-7.21174],[111.89971,-7.212739],[111.899704,-7.212752],[111.899681,-7.212754],[111.899663,-7.212762],[111.899654,-7.212777],[111.899667,-7.212993],[111.899673,-7.213026],[111.899695,-7.213052],[111.899726,-7.21308],[111.899731,-7.213083],[111.899733,-7.213168],[111.899753,-7.213168],[111.899813,-7.214436],[111.899857,-7.214433],[111.899819,-7.213641],[111.899797,-7.213167],[111.899837,-7.213166],[111.899835,-7.213051],[111.899828,-7.213008],[111.899817,-7.213005],[111.899813,-7.212926],[111.899775,-7.212259],[111.899741,-7.211712],[111.899737,-7.211647],[111.899737,-7.2116],[111.899751,-7.211586],[111.899736,-7.211206],[111.899721,-7.210966],[111.899709,-7.210788],[111.899707,-7.210688],[111.8997,-7.210564],[111.899688,-7.210327],[111.899686,-7.21029],[111.89968,-7.210262],[111.899672,-7.210109],[111.899666,-7.209914],[111.89966,-7.209819],[111.89966,-7.209738],[111.899656,-7.20961],[111.899653,-7.209487],[111.899652,-7.209366],[111.899635,-7.209179],[111.899632,-7.209021],[111.899626,-7.208842],[111.899618,-7.208804],[111.899622,-7.208733],[111.89962,-7.208661],[111.899611,-7.208605],[111.899608,-7.208502],[111.899609,-7.208463],[111.899609,-7.208463],[111.89961,-7.20838],[111.899611,-7.208166],[111.899614,-7.208076],[111.899619,-7.207979],[111.899617,-7.207959],[111.899626,-7.207958],[111.89964,-7.207951],[111.899652,-7.207927],[111.899643,-7.20787],[111.899624,-7.207776],[111.899608,-7.207711],[111.899605,-7.207674],[111.899611,-7.207613],[111.899619,-7.207609],[111.899634,-7.207598],[111.899636,-7.207593],[111.899435,-7.207648],[111.89944,-7.207679]],[[111.89878,-7.20701],[111.898597,-7.206936],[111.898552,-7.206904],[111.898521,-7.206881],[111.898335,-7.206764],[111.898224,-7.206697],[111.897782,-7.206707],[111.89779,-7.206729],[111.897807,-7.206804],[111.897837,-7.206814],[111.897928,-7.206839],[111.898077,-7.206891],[111.8981,-7.206901],[111.898104,-7.206906],[111.898804,-7.207021],[111.89878,-7.20701]],[[111.893013,-7.20726],[111.893012,-7.207263],[111.892991,-7.207322],[111.892984,-7.207341],[111.892975,-7.207352],[111.892965,-7.207359],[111.892955,-7.20736],[111.892934,-7.207356],[111.892906,-7.207347],[111.892856,-7.207332],[111.892809,-7.207322],[111.892783,-7.20732],[111.892743,-7.207323],[111.892709,-7.207335],[111.89269,-7.20735],[111.892665,-7.207373],[111.892644,-7.207398],[111.892633,-7.207427],[111.89261,-7.207486],[111.892574,-7.207573],[111.892559,-7.207582],[111.892541,-7.207586],[111.892522,-7.207588],[111.892414,-7.207571],[111.892388,-7.20756],[111.892353,-7.207547],[111.892301,-7.207536],[111.892243,-7.207522],[111.892202,-7.207519],[111.892156,-7.207522],[111.892122,-7.207524],[111.892075,-7.207535],[111.892023,-7.207553],[111.891983,-7.207577],[111.8919,-7.207618],[111.891818,-7.207683],[111.891784,-7.207715],[111.891762,-7.207746],[111.891743,-7.207778],[111.891727,-7.207805],[111.891718,-7.207833],[111.891715,-7.207859],[111.891636,-7.208118],[111.891615,-7.208174],[111.89161,-7.20821],[111.891605,-7.208285],[111.891605,-7.208311],[111.891601,-7.208342],[111.891595,-7.208362],[111.891584,-7.208385],[111.89157,-7.208408],[111.891542,-7.208427],[111.891524,-7.208438],[111.891502,-7.208442],[111.891479,-7.208444],[111.891462,-7.208443],[111.891435,-7.208434],[111.89139,-7.20841],[111.89136,-7.208391],[111.891321,-7.208374],[111.891303,-7.208367],[111.891282,-7.208365],[111.891248,-7.208373],[111.891218,-7.20838],[111.891184,-7.2084],[111.891173,-7.208418],[111.891165,-7.208442],[111.891159,-7.208484],[111.89116,-7.208568],[111.891161,-7.20863],[111.891167,-7.208716],[111.89118,-7.208806],[111.891184,-7.208831],[111.891183,-7.208841],[111.891183,-7.208849],[111.89118,-7.208861],[111.891169,-7.208888],[111.891143,-7.208956],[111.891125,-7.209009],[111.891116,-7.209044],[111.891133,-7.20907],[111.891151,-7.209097],[111.891186,-7.209164],[111.891197,-7.209199],[111.891193,-7.209232],[111.891182,-7.209253],[111.891171,-7.209276],[111.891121,-7.209326],[111.891088,-7.209375],[111.891083,-7.209415],[111.891085,-7.20945],[111.891085,-7.209458],[111.891092,-7.209464],[111.891116,-7.209464],[111.891138,-7.209464],[111.891165,-7.20948],[111.891193,-7.209493],[111.891224,-7.209514],[111.891248,-7.209546],[111.891253,-7.209571],[111.891251,-7.209589],[111.891231,-7.209632],[111.891184,-7.209726],[111.891114,-7.209836],[111.891092,-7.209875],[111.891085,-7.20989],[111.891082,-7.209907],[111.891082,-7.209934],[111.891082,-7.209982],[111.891092,-7.210046],[111.891105,-7.210089],[111.891128,-7.210121],[111.891168,-7.210171],[111.891218,-7.210217],[111.891244,-7.21024],[111.891255,-7.210254],[111.891261,-7.210269],[111.891264,-7.210285],[111.891263,-7.210299],[111.891256,-7.210322],[111.891239,-7.210359],[111.891201,-7.210435],[111.891141,-7.210528],[111.891122,-7.210554],[111.891117,-7.210581],[111.891114,-7.210597],[111.891118,-7.210626],[111.891126,-7.210646],[111.891146,-7.210661],[111.891155,-7.21068],[111.891155,-7.210702],[111.891148,-7.210734],[111.891144,-7.210754],[111.891148,-7.210764],[111.891148,-7.210771],[111.891165,-7.210774],[111.891181,-7.210774],[111.89122,-7.210759],[111.891243,-7.210739],[111.891265,-7.210725],[111.891287,-7.210723],[111.891301,-7.210728],[111.891318,-7.210737],[111.891329,-7.210742],[111.891349,-7.210757],[111.891356,-7.210776],[111.891357,-7.210795],[111.891358,-7.210817],[111.891374,-7.210851],[111.891379,-7.21087],[111.891382,-7.210887],[111.891374,-7.210915],[111.891346,-7.210976],[111.89133,-7.211009],[111.891315,-7.21104],[111.891307,-7.211064],[111.891302,-7.21111],[111.891299,-7.211154],[111.891301,-7.211206],[111.891301,-7.211239],[111.891303,-7.211361],[111.891306,-7.211392],[111.891325,-7.211431],[111.891352,-7.211462],[111.891386,-7.211514],[111.891409,-7.211558],[111.891418,-7.211588],[111.891416,-7.211623],[111.891406,-7.21168],[111.891398,-7.211767],[111.891396,-7.211787],[111.891399,-7.211807],[111.891407,-7.211825],[111.891419,-7.211835],[111.891431,-7.211844],[111.891462,-7.211856],[111.891495,-7.211864],[111.891512,-7.211868],[111.891523,-7.211872],[111.891533,-7.211879],[111.891535,-7.211885],[111.891534,-7.211905],[111.891531,-7.211939],[111.891519,-7.211973],[111.891493,-7.212036],[111.891487,-7.212038],[111.891477,-7.212032],[111.891465,-7.212026],[111.89145,-7.212026],[111.891441,-7.212029],[111.891441,-7.212035],[111.891437,-7.212043],[111.891429,-7.212049],[111.891427,-7.212054],[111.891433,-7.212063],[111.891458,-7.212088],[111.89147,-7.2121],[111.891466,-7.212108],[111.891432,-7.212195],[111.891412,-7.212241],[111.891413,-7.212256],[111.891417,-7.212277],[111.891427,-7.212302],[111.891447,-7.212327],[111.891467,-7.21235],[111.891617,-7.212316],[111.891609,-7.212303],[111.891574,-7.212257],[111.891558,-7.212229],[111.891559,-7.212206],[111.891575,-7.212174],[111.8916,-7.212128],[111.891649,-7.212089],[111.891662,-7.212042],[111.891673,-7.211999],[111.89167,-7.211958],[111.89167,-7.211921],[111.891681,-7.211864],[111.891687,-7.21185],[111.891694,-7.211814],[111.891666,-7.211767],[111.891634,-7.211745],[111.891576,-7.211726],[111.89156,-7.211706],[111.891556,-7.211674],[111.891569,-7.21162],[111.891572,-7.211547],[111.891557,-7.21149],[111.891533,-7.211453],[111.891486,-7.211415],[111.891454,-7.211389],[111.891443,-7.211367],[111.891424,-7.2112],[111.891431,-7.211159],[111.891451,-7.211091],[111.891478,-7.21105],[111.89151,-7.210972],[111.891521,-7.210861],[111.891516,-7.210811],[111.891501,-7.210754],[111.891471,-7.210671],[111.891461,-7.210646],[111.891431,-7.210628],[111.891396,-7.210617],[111.891304,-7.210602],[111.891285,-7.210597],[111.891284,-7.210585],[111.891289,-7.210568],[111.891372,-7.210403],[111.891391,-7.210332],[111.891393,-7.210287],[111.891393,-7.21026],[111.891396,-7.21023],[111.891384,-7.210189],[111.891357,-7.21017],[111.891264,-7.210086],[111.891243,-7.21004],[111.891232,-7.20999],[111.891229,-7.209957],[111.891228,-7.209942],[111.891237,-7.209915],[111.891267,-7.209861],[111.891335,-7.209726],[111.891395,-7.209628],[111.891405,-7.209597],[111.891406,-7.209564],[111.891397,-7.209538],[111.891384,-7.209508],[111.89136,-7.20946],[111.891298,-7.209414],[111.891291,-7.209398],[111.891298,-7.209382],[111.891306,-7.209369],[111.891331,-7.209319],[111.891346,-7.209273],[111.891376,-7.209185],[111.891371,-7.209143],[111.891354,-7.209115],[111.891323,-7.20907],[111.891303,-7.209039],[111.891302,-7.209025],[111.891303,-7.209013],[111.891309,-7.208999],[111.891373,-7.208957],[111.891418,-7.208929],[111.891423,-7.208915],[111.891423,-7.208893],[111.89139,-7.208758],[111.891374,-7.208751],[111.891347,-7.208745],[111.891331,-7.20873],[111.891328,-7.208697],[111.891334,-7.208641],[111.89134,-7.208612],[111.891351,-7.208604],[111.89145,-7.208624],[111.891515,-7.208624],[111.891538,-7.208613],[111.891564,-7.208607],[111.89161,-7.208602],[111.891639,-7.208585],[111.89168,-7.208528],[111.891762,-7.208414],[111.89178,-7.20837],[111.891777,-7.208345],[111.891766,-7.208326],[111.891772,-7.208297],[111.891812,-7.208048],[111.891859,-7.207901],[111.891894,-7.207829],[111.891921,-7.207791],[111.891978,-7.207747],[111.892051,-7.20771],[111.892128,-7.207679],[111.89217,-7.207665],[111.892202,-7.207665],[111.892328,-7.207686],[111.892459,-7.207704],[111.892561,-7.207717],[111.892667,-7.207732],[111.892677,-7.207729],[111.892697,-7.207646],[111.892704,-7.207618],[111.892742,-7.207533],[111.892772,-7.207484],[111.892784,-7.207476],[111.892814,-7.207476],[111.892909,-7.2075],[111.89294,-7.207502],[111.893023,-7.207486],[111.893049,-7.207466],[111.8931,-7.207404],[111.893144,-7.207302],[111.893157,-7.207276],[111.893013,-7.20726]],[[111.895207,-7.205617],[111.895041,-7.205595],[111.894933,-7.205581],[111.894845,-7.205573],[111.894808,-7.205577],[111.894765,-7.205589],[111.894733,-7.205602],[111.894715,-7.205615],[111.894702,-7.205638],[111.89526,-7.205625],[111.895207,-7.205617]]]]}}]}